[14Jul2025 20:08:37.093] [main/INFO] [cpw.mods.modlauncher.Launcher/MODLAUNCHER]: ModLauncher running: args [--launchTarget, forgeserver, --fml.forgeVersion, 47.4.0, --fml.mcVersion, 1.20.1, --fml.forgeGroup, net.minecraftforge, --fml.mcpVersion, 20230612.114412, nogui]
[14Jul2025 20:08:37.098] [main/INFO] [cpw.mods.modlauncher.Launcher/MODLAUNCHER]: ModLauncher 10.0.9+10.0.9+main.dcd20f30 starting: java version 17.0.15 by Ubuntu; OS Linux arch amd64 version 6.8.0-1027-azure
[14Jul2025 20:08:38.245] [main/INFO] [net.minecraftforge.fml.loading.ImmediateWindowHandler/]: ImmediateWindowProvider not loading because launch target is forgeserver
[14Jul2025 20:08:38.287] [main/INFO] [mixin/]: SpongePowered MIXIN Subsystem Version=0.8.5 Source=union:/workspaces/Server-FPZ/servidor_minecraft/libraries/org/spongepowered/mixin/0.8.5/mixin-0.8.5.jar%2365!/ Service=ModLauncher Env=SERVER
[14Jul2025 20:08:38.838] [main/WARN] [net.minecraftforge.fml.loading.moddiscovery.ModFileParser/LOADING]: Mod file /workspaces/Server-FPZ/servidor_minecraft/libraries/net/minecraftforge/fmlcore/1.20.1-47.4.0/fmlcore-1.20.1-47.4.0.jar is missing mods.toml file
[14Jul2025 20:08:38.839] [main/WARN] [net.minecraftforge.fml.loading.moddiscovery.ModFileParser/LOADING]: Mod file /workspaces/Server-FPZ/servidor_minecraft/libraries/net/minecraftforge/javafmllanguage/1.20.1-47.4.0/javafmllanguage-1.20.1-47.4.0.jar is missing mods.toml file
[14Jul2025 20:08:38.840] [main/WARN] [net.minecraftforge.fml.loading.moddiscovery.ModFileParser/LOADING]: Mod file /workspaces/Server-FPZ/servidor_minecraft/libraries/net/minecraftforge/lowcodelanguage/1.20.1-47.4.0/lowcodelanguage-1.20.1-47.4.0.jar is missing mods.toml file
[14Jul2025 20:08:38.841] [main/WARN] [net.minecraftforge.fml.loading.moddiscovery.ModFileParser/LOADING]: Mod file /workspaces/Server-FPZ/servidor_minecraft/libraries/net/minecraftforge/mclanguage/1.20.1-47.4.0/mclanguage-1.20.1-47.4.0.jar is missing mods.toml file
[14Jul2025 20:08:39.298] [main/WARN] [net.minecraftforge.jarjar.selection.JarSelector/]: Attempted to select two dependency jars from JarJar which have the same identification: Mod File:  and Mod File: . Using Mod File: 
[14Jul2025 20:08:39.300] [main/WARN] [net.minecraftforge.jarjar.selection.JarSelector/]: Attempted to select a dependency jar for JarJar which was passed in as source: geckolib. Using Mod File: /workspaces/Server-FPZ/servidor_minecraft/mods/geckolib-forge-1.20.1-4.7.2.jar
[14Jul2025 20:08:39.300] [main/WARN] [net.minecraftforge.jarjar.selection.JarSelector/]: Attempted to select a dependency jar for JarJar which was passed in as source: curios. Using Mod File: /workspaces/Server-FPZ/servidor_minecraft/mods/curios-forge-5.14.1+1.20.1.jar
[14Jul2025 20:08:39.300] [main/INFO] [net.minecraftforge.fml.loading.moddiscovery.JarInJarDependencyLocator/]: Found 37 dependencies adding them to mods collection
[14Jul2025 20:08:44.649] [main/INFO] [mixin/]: Compatibility level set to JAVA_17
[14Jul2025 20:08:44.663] [main/ERROR] [mixin/]: Mixin config hamsters.mixins.json does not specify "minVersion" property
[14Jul2025 20:08:45.033] [main/ERROR] [mixin/]: Mixin config azurelib.mixins.json does not specify "minVersion" property
[14Jul2025 20:08:45.036] [main/ERROR] [mixin/]: Mixin config azurelib.forge.mixins.json does not specify "minVersion" property
[14Jul2025 20:08:45.058] [main/ERROR] [mixin/]: Mixin config azurelibarmor.mixins.json does not specify "minVersion" property
[14Jul2025 20:08:45.061] [main/ERROR] [mixin/]: Mixin config azurelibarmor.forge.mixins.json does not specify "minVersion" property
[14Jul2025 20:08:45.071] [main/ERROR] [mixin/]: Mixin config yacl.mixins.json does not specify "minVersion" property
[14Jul2025 20:08:45.112] [main/INFO] [cpw.mods.modlauncher.LaunchServiceHandler/MODLAUNCHER]: Launching target 'forgeserver' with arguments [nogui]
[14Jul2025 20:08:45.165] [main/WARN] [mixin/]: Reference map 'hamsters.refmap.json' for hamsters.mixins.json could not be read. If this is a development environment you can ignore this message
[14Jul2025 20:08:45.210] [main/WARN] [mixin/]: Reference map 'nitrogen_internals.refmap.json' for nitrogen_internals.mixins.json could not be read. If this is a development environment you can ignore this message
[14Jul2025 20:08:45.236] [main/WARN] [mixin/]: Reference map 'graveyard-FORGE-forge-refmap.json' for graveyard-forge.mixins.json could not be read. If this is a development environment you can ignore this message
[14Jul2025 20:08:45.273] [main/WARN] [mixin/]: Reference map 'puzzlesaccessapi.common.refmap.json' for puzzlesaccessapi.common.mixins.json could not be read. If this is a development environment you can ignore this message
[14Jul2025 20:08:45.337] [main/INFO] [Puzzles Lib/]: Loading 186 mods:
	- a_good_place 1.20-1.2.7
	- additional_lights 2.1.7
	- addonslib 1.20.1-1.4
	- aether 1.20.1-1.5.2-neoforge
		|-- cumulus_menus 1.20.1-1.0.1-neoforge
		\-- nitrogen_internals 1.20.1-1.0.12-neoforge
	- alexscaves 2.0.2
	- alexsmobs 1.22.9
	- ants_unleashed 1.0.0
	- appleskin 2.5.1+mc1.20.1
	- aquamirae 6.API15
	- architectury 9.2.14
	- ars_nouveau 4.12.7
	- artifacts 9.5.16
		\-- expandability 9.0.4
	- astemirlib 1.25
	- astikorcarts 1.1.8
	- attributefix 21.0.4
	- azurelib 3.0.9
	- azurelibarmor 2.0.14
	- backpacked 2.2.5
	- badmobs 19.0.4
	- bagus_lib 1.20.1-5.4.0
	- balm 7.3.31
		\-- kuma_api 20.1.10
	- battle_arts 20.11.7.26
	- battlearts_api 20.11.7.10
	- betterdeserttemples 1.20-Forge-3.0.3
	- betterdungeons 1.20-Forge-4.0.4
	- betterfoliage 5.0.2
	- betterfortresses 1.20-Forge-2.0.6
	- betterjungletemples 1.20-Forge-2.0.5
	- bettermineshafts 1.20-Forge-4.0.4
	- betteroceanmonuments 1.20-Forge-3.0.4
	- betterstrongholds 1.20-Forge-4.0.3
	- bettervillage 3.3.1
	- betterwitchhuts 1.20-Forge-3.0.3
	- biomesoplenty 19.0.0.96
	- bloomingnature 1.0.12
	- bosses_of_mass_destruction 1.1.2
	- butchersdelight 1.20.12.1.0
	- bygonenether 1.3.2
	- caelus 3.2.0+1.20.1
	- campfirespawnandtweaks 4.0
	- carryon 2.1.2.7
	- castle_in_the_sky 1.20.1
	- cataclysm 3.07
	- cdmoveset 2.0
	- cerbons_api 1.1.0
	- cfm 7.0.0-pre36
	- chiselsandbits 1.4.148
		\-- scena 1.0.103
	- citadel 2.6.2
	- cloth_config 11.1.136
	- collective 8.3
	- comforts 6.4.0+1.20.1
		\-- spectrelib 0.13.15+1.20.1
	- cosmeticarmorreworked 1.20.1-v1a
	- crabclaws 1.2.0
	- creativecore 2.12.32
	- creeperoverhaul 3.0.2
		\-- resourcefullib 2.1.20
	- cristellib 1.1.6
	- cupboard 1.20.1-2.7
	- curios 5.14.1+1.20.1
	- dark_souls_expansion 1.0.0
	- dawnoftimebuilder 1.5.15
	- doapi 1.2.15
		\-- terraform 7.0.1
	- dragonmounts 1.2.3-beta
	- dualaxes 20.10.1
	- dungeoncrawl 2.3.15
	- dungeonnowloading 1.5
	- dungeons_and_combat 1.2.0
	- dungeons_arise 2.1.58-1.20.x
	- dungeons_plus 1.5.0
	- dungeonsweaponry 1.17.0-1.20.1
	- ecologics 2.2.2
	- eeeabsmobs 1.20.1-0.97
	- efm_ex 20.11.7.18
	- epicfight 20.11.8
	- fabledweaponry 1.20.1-1.0.7.5
	- fallingleaves 2.1.2
	- fallingtrees 0.13.2
	- farmersdelight 1.20.1-1.2.8
	- forge 47.4.0
	- framework 0.7.15
	- fusion 1.2.7+b
	- geckolib 4.7.2
	- glitchcore 0.0.1.1
	- globalgamerules 8.0.0.11
	- gobber2 2.8.9
	- goblins_tyranny 1.2.3
	- goblintraders 1.9.3
	- gpumemleakfix 1.20.1-1.8
	- graveyard 3.1
	- guardvillagers 1.20.1-1.6.10
	- hamsters 1.20.1-1.0.3
	- healingcampfire 6.2
	- hugestructureblocks 1.0.9
	- hunters_return 1.20.1-11.7.0
	- iceandfire 2.1.13-1.20.1
	- incendium 5.3.5
	- inventorysorter 23.0.8
	- irons_spellbooks 1.20.1-3.4.0.9
	- itemzoom 2.9.0
	- jade 11.13.1+forge
	- jei 15.20.0.112
	- jet_and_elias_armors 1.0.0
	- knightsnmages 0.0.7-neo
	- l2complements 2.5.6
		\-- l2damagetracker 0.4.3
	- l2library 2.5.2
		|-- l2itemselector 0.1.9
		|-- l2screentracker 0.1.4
		\-- l2tabs 0.3.3
	- l2weaponry 2.5.4
	- legendary_monsters 1.20.1
	- libraryferret 4.0.0
	- lionfishapi 2.4-Fix
	- lootintegration_wda 1
	- lootintegrations 1.20.1-4.7
	- lootintegrations_dungeonsenhanced 1
	- lootr 0.7.35.91
	- magistuarmory 9.23
	- magistuarmoryaddon 1.22
	- mahoutsukai 1.20.1-v1.34.78
	- mastersword 1.20.1-2.3.1
	- mavapi 1.1.4
	- mavm 1.2.6
	- medieval_buildings 1.1.2
		\-- mixinextras 0.4.1
	- minecraft 1.20.1
	- minecraftdungeonsv1 8.0.0
	- missingwilds 1.2.1+1.20.1
	- mobhealthbar 2.3.0
	- mowziesmobs 1.7.3
	- mr_stellarity 2.0d
	- myserveriscompatible 1.0
	- naturalist 5.0pre2
		\-- midnightlib 1.4.2
	- nethersdelight 1.20.1-4.0
	- obscure_api 15
	- pandalib 0.5.2
	- paraglider 20.1.3
	- playeranimator 1.0.2-rc1+1.20
	- puzzleslib 8.1.32
		\-- puzzlesaccessapi 20.1.1
	- realmrpg_demons 0.9.0
	- realmrpg_quests 0.1.1
	- realmrpg_skeletons 1.1.0
	- refm 0.3.2
	- relda 1.0.0
	- resourcefulconfig 2.1.3
	- rpgsmw 9.21.20.1
	- samurai_dynasty 0.0.49-1.20.1-neo
	- shouldersurfing 1.20.1-4.13.2
	- skinrestorer 2.4.1+1.20-forge
	- sophisticatedbackpacks 3.23.21.1272
	- sophisticatedcore 1.2.72.1024
	- souls_like_bosses 1.0
	- stalwart_dungeons 1.2.8
	- structure_gel 2.16.2
	- t_and_t 0.0NONE
	- takesapillage 1.0.3
	- tameablebeasts 6.2
	- taxcp 1.0.1
	- terrablender 3.0.1.10
	- tlc 1.0.2
	- tombstone 9.0.2
	- toolbelt 1.20.02
	- totw_modded 1.0.6
	- touhou_little_maid 1.3.6
		\-- simplebedrockmodel 1.2.1
	- travelersbackpack 9.1.39
	- travelerstitles 1.20-Forge-4.0.2
	- twilightforest 4.3.2508
	- undergarden 0.8.14
	- valarian_conquest 3.2.1
	- vinery 1.4.39
	- visualworkbench 8.0.0
	- waddles 0.9.4
	- waystones 14.1.13
	- weaponmaster_ydm 4.2.3
	- yet_another_config_lib_v3 3.6.6+1.20.1-forge
	- yungsapi 1.20-Forge-4.0.6
	- yungsbridges 1.20-Forge-4.0.3
[14Jul2025 20:08:45.415] [main/WARN] [mixin/]: Reference map 'Aquamirae.refmap.json' for aquamirae.mixins.json could not be read. If this is a development environment you can ignore this message
[14Jul2025 20:08:45.421] [main/WARN] [mixin/]: Reference map 'cristellib-forge-refmap.json' for cristellib.mixins.json could not be read. If this is a development environment you can ignore this message
[14Jul2025 20:08:45.494] [main/WARN] [mixin/]: Reference map 'CerbonsAPI-Forge-1.20.1-forge-refmap.json' for cerbons_api.mixins.json could not be read. If this is a development environment you can ignore this message
[14Jul2025 20:08:45.521] [main/WARN] [mixin/]: Reference map 'pandalib-common-common-refmap.json' for pandalib-common.mixins.json could not be read. If this is a development environment you can ignore this message
[14Jul2025 20:08:45.592] [main/WARN] [mixin/]: Reference map 'itemselector.refmap.json' for l2itemselector.mixins.json could not be read. If this is a development environment you can ignore this message
[14Jul2025 20:08:45.600] [main/WARN] [mixin/]: Reference map 'chiselsandbits.refmap.json' for chisels-and-bits.mixins.json could not be read. If this is a development environment you can ignore this message
[14Jul2025 20:08:45.615] [main/WARN] [mixin/]: Reference map 'bs_api.refmap.json' for mixins.battle_arts.json could not be read. If this is a development environment you can ignore this message
[14Jul2025 20:08:47.137] [main/ERROR] [net.minecraftforge.fml.loading.RuntimeDistCleaner/DISTXFORM]: Attempted to load class net/minecraft/client/Camera for invalid dist DEDICATED_SERVER
[14Jul2025 20:08:47.137] [main/WARN] [mixin/]: Error loading class: net/minecraft/client/Camera (java.lang.RuntimeException: Attempted to load class net/minecraft/client/Camera for invalid dist DEDICATED_SERVER)
[14Jul2025 20:08:47.138] [main/WARN] [mixin/]: @Mixin target net.minecraft.client.Camera was not found shouldersurfing.forge.compat.mixins.json:epicfight.AccessorCamera
[14Jul2025 20:08:47.139] [main/ERROR] [net.minecraftforge.fml.loading.RuntimeDistCleaner/DISTXFORM]: Attempted to load class yesman/epicfight/client/events/engine/RenderEngine for invalid dist DEDICATED_SERVER
[14Jul2025 20:08:47.139] [main/WARN] [mixin/]: Error loading class: yesman/epicfight/client/events/engine/RenderEngine (java.lang.RuntimeException: Attempted to load class yesman/epicfight/client/events/engine/RenderEngine for invalid dist DEDICATED_SERVER)
[14Jul2025 20:08:47.205] [main/INFO] [MixinExtras|Service/]: Initializing MixinExtras via com.llamalad7.mixinextras.service.MixinExtrasServiceImpl(version=0.4.1).
[14Jul2025 20:08:50.084] [main/WARN] [mixin/]: @Final field f_31427_:[I in mixins.epicfight.json:common.MixinWitherBoss should be final
[14Jul2025 20:08:50.085] [main/WARN] [mixin/]: @Final field f_31428_:[I in mixins.epicfight.json:common.MixinWitherBoss should be final
[14Jul2025 20:08:51.715] [main/WARN] [mixin/]: @Final field f_26027_:Lnet/minecraft/world/entity/ai/targeting/TargetingConditions; in guardvillagers.mixins.json:DefendVillageGoalGolemMixin should be final
[14Jul2025 20:08:51.901] [main/WARN] [net.minecraft.network.syncher.SynchedEntityData/]: defineId called for: class net.minecraft.world.entity.LivingEntity from class yesman.epicfight.world.capabilities.entitypatch.LivingEntityPatch
[14Jul2025 20:08:51.902] [main/WARN] [net.minecraft.network.syncher.SynchedEntityData/]: defineId called for: class net.minecraft.world.entity.LivingEntity from class yesman.epicfight.world.capabilities.entitypatch.LivingEntityPatch
[14Jul2025 20:08:51.902] [main/WARN] [net.minecraft.network.syncher.SynchedEntityData/]: defineId called for: class net.minecraft.world.entity.LivingEntity from class yesman.epicfight.world.capabilities.entitypatch.LivingEntityPatch
[14Jul2025 20:08:51.902] [main/WARN] [net.minecraft.network.syncher.SynchedEntityData/]: defineId called for: class net.minecraft.world.entity.LivingEntity from class yesman.epicfight.world.capabilities.entitypatch.LivingEntityPatch
[14Jul2025 20:08:52.736] [main/WARN] [mixin/]: Mixin alexscaves.mixins.json:SwampHutPieceMixin has multiple constructors, (Lnet/minecraft/world/level/levelgen/structure/pieces/StructurePieceType;IIIIIILnet/minecraft/core/Direction;)V was selected

[14Jul2025 20:08:52.827] [main/WARN] [mixin/]: @ModifyConstant conflict. Skipping dungeonnowloading.forge.mixins.json:forge.structures.StructurePoolMixin->@ModifyConstant::dungeonnowloading_increaseWeightLimit(I)I with priority 1000, already redirected by yungsapi_forge.mixins.json:IncreaseStructureWeightLimitMixinForge->@ModifyConstant::yungsapi_increaseWeightLimit(I)I with priority 1000
[14Jul2025 20:08:53.393] [modloading-worker-0/INFO] [scena-forge/]: Initialized scena-forge
[14Jul2025 20:08:53.502] [modloading-worker-0/WARN] [net.minecraftforge.common.ForgeConfigSpec/CORE]: Configuration file /workspaces/Server-FPZ/servidor_minecraft/config/guardvillagers-common.toml is not correct. Correcting
[14Jul2025 20:08:54.142] [modloading-worker-0/INFO] [com.aetherteam.cumulus.Cumulus/]: Disabling Cumulus as it is on server.
[14Jul2025 20:08:55.017] [modloading-worker-0/INFO] [Puzzles Lib/]: Constructing common components for visualworkbench:main
[14Jul2025 20:08:55.105] [modloading-worker-0/INFO] [com.jtorleonstudios.libraryferret.LibraryFerret/]: Initialize mod Library Ferret
[14Jul2025 20:08:55.125] [modloading-worker-0/INFO] [com.jtorleonstudios.libraryferret.LibraryFerret/]: Initialized mod Library Ferret
[14Jul2025 20:08:55.149] [modloading-worker-0/WARN] [fallingleaves/]: Falling Leaves is a client only mod and should be removed from the mods list
[14Jul2025 20:08:55.317] [modloading-worker-0/INFO] [Dungeon Now Loading/]: Hello Forge world!
[14Jul2025 20:08:55.412] [modloading-worker-0/INFO] [graveyard/]: Registered JSON trade offer adapter.
[14Jul2025 20:08:55.498] [modloading-worker-0/INFO] [net.minecraftforge.common.ForgeMod/FORGEMOD]: Forge mod loading, version 47.4.0, for MC 1.20.1 with MCP 20230612.114412
[14Jul2025 20:08:55.498] [modloading-worker-0/INFO] [net.minecraftforge.common.MinecraftForge/FORGE]: MinecraftForge v47.4.0 Initialized
[14Jul2025 20:08:55.527] [modloading-worker-0/INFO] [Missing Wilds/]: Missing Wilds for Forge is loading!
[14Jul2025 20:08:56.277] [modloading-worker-0/INFO] [Puzzles Lib/]: Constructing common components for puzzleslib:main
[14Jul2025 20:08:58.388] [modloading-worker-0/INFO] [Collective/]: Loading Collective version 8.3.
[14Jul2025 20:08:58.594] [modloading-worker-0/INFO] [touhou_little_maid/]: common default pack init start...
[14Jul2025 20:08:58.847] [modloading-worker-0/INFO] [YetAnotherConfigLib/]: Deserializing DoTBConfig from '/workspaces/Server-FPZ/servidor_minecraft/config/dawnoftimebuilder-config.json5'
[14Jul2025 20:08:59.044] [modloading-worker-0/WARN] [yungsapi/]: WARNING: block Block{minecraft:coal_ore} added to BlockStateRandomizer exceeds max probabiltiy of 1!
[14Jul2025 20:08:59.182] [modloading-worker-0/INFO] [dev.architectury.networking.forge.NetworkManagerImpl/]: Registering C2S receiver with id architectury:sync_ids
[14Jul2025 20:08:59.290] [modloading-worker-0/INFO] [touhou_little_maid/]: common default pack init finished, cost time: 690.057 ms
[14Jul2025 20:08:59.423] [modloading-worker-0/INFO] [com.cupboard.Cupboard/]: Loaded config for: cupboard.json
[14Jul2025 20:08:59.706] [modloading-worker-0/INFO] [fallingtrees | Config/]: Successfully loaded config 'fallingtrees_common'
[14Jul2025 20:08:59.708] [modloading-worker-0/INFO] [fallingtrees | Config/]: Successfully saved config 'fallingtrees_common'
[14Jul2025 20:08:59.847] [modloading-worker-0/ERROR] [net.minecraftforge.eventbus.EventSubclassTransformer/EVENTBUS]: Could not find parent net/minecraft/client/renderer/entity/layers/RenderLayer for class com/obscuria/obscureapi/client/renderer/PatreonLayer in classloader cpw.mods.modlauncher.TransformingClassLoader@77ccded4 on thread Thread[modloading-worker-0,5,main]
[14Jul2025 20:08:59.847] [modloading-worker-0/ERROR] [net.minecraftforge.eventbus.EventSubclassTransformer/EVENTBUS]: An error occurred building event handler
java.lang.ClassNotFoundException: net.minecraft.client.renderer.entity.layers.RenderLayer
	at cpw.mods.cl.ModuleClassLoader.loadClass(ModuleClassLoader.java:141) ~[securejarhandler-2.1.10.jar:?]
	at java.lang.ClassLoader.loadClass(ClassLoader.java:525) ~[?:?]
	at net.minecraftforge.eventbus.EventSubclassTransformer.buildEvents(EventSubclassTransformer.java:97) ~[eventbus-6.0.5.jar%2352!/:?]
	at net.minecraftforge.eventbus.EventSubclassTransformer.transform(EventSubclassTransformer.java:48) ~[eventbus-6.0.5.jar%2352!/:?]
	at net.minecraftforge.eventbus.EventBusEngine.processClass(EventBusEngine.java:26) ~[eventbus-6.0.5.jar%2352!/:?]
	at net.minecraftforge.eventbus.service.ModLauncherService.processClassWithFlags(ModLauncherService.java:32) ~[eventbus-6.0.5.jar%2352!/:6.0.5+6.0.5+master.eb8e549b]
	at cpw.mods.modlauncher.LaunchPluginHandler.offerClassNodeToPlugins(LaunchPluginHandler.java:88) ~[modlauncher-10.0.9.jar%2355!/:?]
	at cpw.mods.modlauncher.ClassTransformer.transform(ClassTransformer.java:120) ~[modlauncher-10.0.9.jar%2355!/:?]
	at cpw.mods.modlauncher.TransformingClassLoader.maybeTransformClassBytes(TransformingClassLoader.java:50) ~[modlauncher-10.0.9.jar%2355!/:?]
	at cpw.mods.cl.ModuleClassLoader.readerToClass(ModuleClassLoader.java:113) ~[securejarhandler-2.1.10.jar:?]
	at cpw.mods.cl.ModuleClassLoader.lambda$findClass$15(ModuleClassLoader.java:219) ~[securejarhandler-2.1.10.jar:?]
	at cpw.mods.cl.ModuleClassLoader.loadFromModule(ModuleClassLoader.java:229) ~[securejarhandler-2.1.10.jar:?]
	at cpw.mods.cl.ModuleClassLoader.findClass(ModuleClassLoader.java:219) ~[securejarhandler-2.1.10.jar:?]
	at cpw.mods.cl.ModuleClassLoader.loadClass(ModuleClassLoader.java:135) ~[securejarhandler-2.1.10.jar:?]
	at java.lang.ClassLoader.loadClass(ClassLoader.java:525) ~[?:?]
	at java.lang.ClassLoader.defineClass0(Native Method) ~[?:?]
	at java.lang.System$2.defineClass(System.java:2324) ~[?:?]
	at java.lang.invoke.MethodHandles$Lookup$ClassDefiner.defineClass(MethodHandles.java:2439) ~[?:?]
	at java.lang.invoke.MethodHandles$Lookup$ClassDefiner.defineClassAsLookup(MethodHandles.java:2420) ~[?:?]
	at java.lang.invoke.MethodHandles$Lookup.defineHiddenClass(MethodHandles.java:2127) ~[?:?]
	at java.lang.invoke.InnerClassLambdaMetafactory.generateInnerClass(InnerClassLambdaMetafactory.java:407) ~[?:?]
	at java.lang.invoke.InnerClassLambdaMetafactory.spinInnerClass(InnerClassLambdaMetafactory.java:315) ~[?:?]
	at java.lang.invoke.InnerClassLambdaMetafactory.buildCallSite(InnerClassLambdaMetafactory.java:228) ~[?:?]
	at java.lang.invoke.LambdaMetafactory.metafactory(LambdaMetafactory.java:341) ~[?:?]
	at java.lang.invoke.BootstrapMethodInvoker.invoke(BootstrapMethodInvoker.java:134) ~[?:?]
	at java.lang.invoke.CallSite.makeSite(CallSite.java:315) ~[?:?]
	at java.lang.invoke.MethodHandleNatives.linkCallSiteImpl(MethodHandleNatives.java:281) ~[?:?]
	at java.lang.invoke.MethodHandleNatives.linkCallSite(MethodHandleNatives.java:271) ~[?:?]
	at com.obscuria.obscureapi.client.renderer.PatreonLayer$Mode.<clinit>(PatreonLayer.java:55) ~[obscure_api-15.jar%23390!/:com.obscuria]
	at com.obscuria.obscureapi.ObscureAPIConfig$Client.<clinit>(ObscureAPIConfig.java:28) ~[obscure_api-15.jar%23390!/:com.obscuria]
	at com.obscuria.obscureapi.ObscureAPIConfig.register(ObscureAPIConfig.java:46) ~[obscure_api-15.jar%23390!/:com.obscuria]
	at com.obscuria.obscureapi.ObscureAPI.<init>(ObscureAPI.java:69) ~[obscure_api-15.jar%23390!/:com.obscuria]
	at jdk.internal.reflect.NativeConstructorAccessorImpl.newInstance0(Native Method) ~[?:?]
	at jdk.internal.reflect.NativeConstructorAccessorImpl.newInstance(NativeConstructorAccessorImpl.java:77) ~[?:?]
	at jdk.internal.reflect.DelegatingConstructorAccessorImpl.newInstance(DelegatingConstructorAccessorImpl.java:45) ~[?:?]
	at java.lang.reflect.Constructor.newInstanceWithCaller(Constructor.java:500) ~[?:?]
	at java.lang.reflect.Constructor.newInstance(Constructor.java:481) ~[?:?]
	at net.minecraftforge.fml.javafmlmod.FMLModContainer.constructMod(FMLModContainer.java:77) ~[javafmllanguage-1.20.1-47.4.0.jar%23445!/:?]
	at net.minecraftforge.fml.ModContainer.lambda$buildTransitionHandler$5(ModContainer.java:126) ~[fmlcore-1.20.1-47.4.0.jar%23444!/:?]
	at java.util.concurrent.CompletableFuture$AsyncRun.run(CompletableFuture.java:1804) ~[?:?]
	at java.util.concurrent.CompletableFuture$AsyncRun.exec(CompletableFuture.java:1796) ~[?:?]
	at java.util.concurrent.ForkJoinTask.doExec(ForkJoinTask.java:373) ~[?:?]
	at java.util.concurrent.ForkJoinPool$WorkQueue.topLevelExec(ForkJoinPool.java:1182) ~[?:?]
	at java.util.concurrent.ForkJoinPool.scan(ForkJoinPool.java:1655) ~[?:?]
	at java.util.concurrent.ForkJoinPool.runWorker(ForkJoinPool.java:1622) ~[?:?]
	at java.util.concurrent.ForkJoinWorkerThread.run(ForkJoinWorkerThread.java:165) ~[?:?]
[14Jul2025 20:08:59.851] [modloading-worker-0/ERROR] [net.minecraftforge.fml.loading.RuntimeDistCleaner/DISTXFORM]: Attempted to load class com/obscuria/obscureapi/client/renderer/PatreonLayer for invalid dist DEDICATED_SERVER
[14Jul2025 20:09:00.212] [modloading-worker-0/INFO] [Dungeon Crawl/]: Here we go! Launching Dungeon Crawl 2.3.15...
[14Jul2025 20:09:00.266] [modloading-worker-0/INFO] [dev.architectury.networking.forge.NetworkManagerImpl/]: Registering C2S receiver with id artifacts:networking_channel/42a7ad70b1cc371599a0eff744096b8a
[14Jul2025 20:09:00.268] [modloading-worker-0/INFO] [dev.architectury.networking.forge.NetworkManagerImpl/]: Registering C2S receiver with id artifacts:networking_channel/74a5e841822a3a87854ae896a33430d6
[14Jul2025 20:09:00.270] [modloading-worker-0/INFO] [dev.architectury.networking.forge.NetworkManagerImpl/]: Registering C2S receiver with id artifacts:networking_channel/eb3d1e2748533430848cadf0f37c7e9c
[14Jul2025 20:09:00.271] [modloading-worker-0/INFO] [dev.architectury.networking.forge.NetworkManagerImpl/]: Registering C2S receiver with id artifacts:networking_channel/91c8520f19f93b3e8b6a727568e194ab
[14Jul2025 20:09:00.272] [modloading-worker-0/INFO] [dev.architectury.networking.forge.NetworkManagerImpl/]: Registering C2S receiver with id artifacts:networking_channel/8c2784d778293fd482ed84b8aa5fedb9
[14Jul2025 20:09:00.274] [modloading-worker-0/INFO] [dev.architectury.networking.forge.NetworkManagerImpl/]: Registering C2S receiver with id artifacts:networking_channel/ea038224ea783d40b2863f52239e2604
[14Jul2025 20:09:00.277] [modloading-worker-0/INFO] [dev.architectury.networking.forge.NetworkManagerImpl/]: Registering C2S receiver with id artifacts:networking_channel/97ad64b7ecaf33209991c4f031501a58
[14Jul2025 20:09:00.351] [modloading-worker-0/INFO] [dev.architectury.networking.forge.NetworkManagerImpl/]: Registering C2S receiver with id magistuarmory:packet_long_reach_attack
[14Jul2025 20:09:00.353] [modloading-worker-0/INFO] [dev.architectury.networking.forge.NetworkManagerImpl/]: Registering C2S receiver with id magistuarmory:packet_lance_collision
[14Jul2025 20:09:00.737] [modloading-worker-0/INFO] [azurelib/FileWatching]: Registered azurelib config for auto-sync function
[14Jul2025 20:09:01.004] [modloading-worker-0/INFO] [YetAnotherConfigLib/]: Deserializing YACLConfig from '/workspaces/Server-FPZ/servidor_minecraft/config/yacl.json5'
[14Jul2025 20:09:01.029] [modloading-worker-0/INFO] [be.florens.expandability.ExpandAbility/]: ExpandAbility here, who dis?
[14Jul2025 20:09:01.101] [modloading-worker-0/INFO] [mod.chiselsandbits.forge.Forge/]: Initialized Chisels&Bits - Forge
[14Jul2025 20:09:01.225] [modloading-worker-0/INFO] [mod.chiselsandbits.registrars.ModBlockEntityTypes/]: Loaded block entity configuration.
[14Jul2025 20:09:01.241] [modloading-worker-0/INFO] [mod.chiselsandbits.registrars.ModBlocks/]: Loaded block configuration.
[14Jul2025 20:09:01.249] [modloading-worker-0/INFO] [mod.chiselsandbits.registrars.ModChiselModeGroups/]: Loaded chisel mode group configuration.
[14Jul2025 20:09:01.484] [modloading-worker-0/INFO] [epicfight/]: Loaded mod compat: AmethystCompatSkills
[14Jul2025 20:09:01.539] [modloading-worker-0/INFO] [epicfight/]: Loaded mod compat: GeckolibCompat
[14Jul2025 20:09:01.546] [modloading-worker-0/INFO] [epicfight/]: Loaded mod compat: AzureLibCompat
[14Jul2025 20:09:01.547] [modloading-worker-0/INFO] [epicfight/]: Loaded mod compat: AzureLibArmorCompat
[14Jul2025 20:09:01.548] [modloading-worker-0/INFO] [epicfight/]: Loaded mod compat: IceAndFireCompat
[14Jul2025 20:09:01.554] [modloading-worker-0/INFO] [epicfight/]: Loaded mod compat: CuriosCompat
[14Jul2025 20:09:01.560] [modloading-worker-0/INFO] [epicfight/]: Loaded mod compat: PlayerAnimatorCompat
[14Jul2025 20:09:02.197] [modloading-worker-0/INFO] [mod.chiselsandbits.registrars.ModChiselModes/]: Loaded chisel mode configuration.
[14Jul2025 20:09:02.199] [modloading-worker-0/INFO] [mod.chiselsandbits.registrars.ModContainerTypes/]: Loaded container type configuration.
[14Jul2025 20:09:02.202] [modloading-worker-0/INFO] [mod.chiselsandbits.registrars.ModCreativeTabs/]: Loaded item group configuration.
[14Jul2025 20:09:02.226] [modloading-worker-0/INFO] [mod.chiselsandbits.registrars.ModItems/]: Loaded item configuration.
[14Jul2025 20:09:02.230] [modloading-worker-0/INFO] [mod.chiselsandbits.registrars.ModMetadataKeys/]: Loaded metadata key configuration.
[14Jul2025 20:09:02.236] [modloading-worker-0/INFO] [mod.chiselsandbits.registrars.ModModelProperties/]: Loaded model property configuration.
[14Jul2025 20:09:02.240] [modloading-worker-0/INFO] [mod.chiselsandbits.registrars.ModModificationOperation/]: Loaded modification operation configuration.
[14Jul2025 20:09:02.242] [modloading-worker-0/INFO] [mod.chiselsandbits.registrars.ModModificationOperationGroups/]: Loaded modification operation group configuration.
[14Jul2025 20:09:02.249] [modloading-worker-0/INFO] [mod.chiselsandbits.registrars.ModPatternPlacementTypes/]: Loaded pattern placement type configuration.
[14Jul2025 20:09:02.251] [modloading-worker-0/INFO] [mod.chiselsandbits.registrars.ModRecipeSerializers/]: Loaded recipe serializer configuration.
[14Jul2025 20:09:02.253] [modloading-worker-0/INFO] [mod.chiselsandbits.registrars.ModTags/]: Loaded tag configuration.
[14Jul2025 20:09:02.254] [modloading-worker-0/INFO] [mod.chiselsandbits.registrars.ModRecipeTypes/]: Registering recipe types.
[14Jul2025 20:09:02.255] [modloading-worker-0/INFO] [mod.chiselsandbits.registrars.ModEventHandler/]: Registering event handlers
[14Jul2025 20:09:15.937] [main/WARN] [dev.architectury.registry.registries.forge.RegistrarManagerImpl/]: Registry entry listened Registry Entry [minecraft:entity_type / vinery:wandering_winemaker] was not realized!
[14Jul2025 20:09:15.938] [main/WARN] [dev.architectury.registry.registries.forge.RegistrarManagerImpl/]: Registry entry listened Registry Entry [minecraft:entity_type / artifacts:mimic] was not realized!
[14Jul2025 20:09:15.938] [main/WARN] [dev.architectury.registry.registries.forge.RegistrarManagerImpl/]: Registry entry listened Registry Entry [minecraft:entity_type / bloomingnature:wandering_gardener] was not realized!
[14Jul2025 20:09:15.938] [main/WARN] [dev.architectury.registry.registries.forge.RegistrarManagerImpl/]: Registry entry listened Registry Entry [minecraft:entity_type / bloomingnature:termite] was not realized!
[14Jul2025 20:09:15.938] [main/WARN] [dev.architectury.registry.registries.forge.RegistrarManagerImpl/]: Registry entry listened Registry Entry [minecraft:entity_type / vinery:mule] was not realized!
[14Jul2025 20:09:15.941] [main/WARN] [dev.architectury.registry.registries.forge.RegistrarManagerImpl/]: Registry entry listened Registry Entry [minecraft:entity_type / vinery:wandering_winemaker] was not realized!
[14Jul2025 20:09:15.941] [main/WARN] [dev.architectury.registry.registries.forge.RegistrarManagerImpl/]: Registry entry listened Registry Entry [minecraft:entity_type / artifacts:mimic] was not realized!
[14Jul2025 20:09:15.941] [main/WARN] [dev.architectury.registry.registries.forge.RegistrarManagerImpl/]: Registry entry listened Registry Entry [minecraft:entity_type / bloomingnature:wandering_gardener] was not realized!
[14Jul2025 20:09:15.941] [main/WARN] [dev.architectury.registry.registries.forge.RegistrarManagerImpl/]: Registry entry listened Registry Entry [minecraft:entity_type / bloomingnature:termite] was not realized!
[14Jul2025 20:09:15.941] [main/WARN] [dev.architectury.registry.registries.forge.RegistrarManagerImpl/]: Registry entry listened Registry Entry [minecraft:entity_type / vinery:mule] was not realized!
[14Jul2025 20:09:15.945] [main/WARN] [dev.architectury.registry.registries.forge.RegistrarManagerImpl/]: Registry entry listened Registry Entry [minecraft:entity_type / artifacts:mimic] was not realized!
[14Jul2025 20:09:15.946] [main/WARN] [dev.architectury.registry.registries.forge.RegistrarManagerImpl/]: Registry entry listened Registry Entry [minecraft:entity_type / bloomingnature:wandering_gardener] was not realized!
[14Jul2025 20:09:15.946] [main/WARN] [dev.architectury.registry.registries.forge.RegistrarManagerImpl/]: Registry entry listened Registry Entry [minecraft:entity_type / bloomingnature:termite] was not realized!
[14Jul2025 20:09:15.948] [main/WARN] [dev.architectury.registry.registries.forge.RegistrarManagerImpl/]: Registry entry listened Registry Entry [minecraft:entity_type / artifacts:mimic] was not realized!
[14Jul2025 20:09:15.980] [main/WARN] [dev.architectury.registry.registries.forge.RegistrarManagerImpl/]: Registry entry listened Registry Entry [minecraft:entity_type / artifacts:mimic] was not realized!
[14Jul2025 20:09:17.715] [main/INFO] [dualaxes/]: buildSkillEvent
[14Jul2025 20:09:17.731] [main/INFO] [ModdingLegacy/StructureGel/]: [structure_gel] Registering data for structure_gel:loot_table_alias
[14Jul2025 20:09:17.743] [main/INFO] [ModdingLegacy/StructureGel/]: [structure_gel] Registering data for structure_gel:data_handler_type
[14Jul2025 20:09:17.745] [main/INFO] [ModdingLegacy/StructureGel/]: [structure_gel] Registering data for structure_gel:dynamic_spawner
[14Jul2025 20:09:17.747] [main/INFO] [ModdingLegacy/StructureGel/]: [structure_gel] Registering data for structure_gel:jigsaw_type
[14Jul2025 20:09:17.879] [main/WARN] [net.minecraft.network.syncher.SynchedEntityData/]: defineId called for: class net.minecraft.world.entity.player.Player from class yesman.epicfight.world.capabilities.entitypatch.player.PlayerPatch
[14Jul2025 20:09:17.918] [main/WARN] [net.minecraft.network.syncher.SynchedEntityData/]: defineId called for: class com.modderg.tameablebeasts.server.entity.TBAnimal from interface com.modderg.tameablebeasts.server.entity.TBRideable
[14Jul2025 20:09:17.919] [main/WARN] [net.minecraft.network.syncher.SynchedEntityData/]: defineId called for: class com.modderg.tameablebeasts.server.entity.TBAnimal from class com.modderg.tameablebeasts.server.entity.custom.GroundBeetleEntity
[14Jul2025 20:09:18.034] [main/WARN] [net.minecraft.network.syncher.SynchedEntityData/]: defineId called for: class com.github.alexmodguy.alexscaves.server.entity.living.TremorzillaEntity from class com.github.alexmodguy.alexscaves.server.entity.living.LicowitchEntity
[14Jul2025 20:09:18.044] [main/WARN] [net.minecraft.network.syncher.SynchedEntityData/]: defineId called for: class net.miauczel.legendary_monsters.entity.custom.Cloud_GolemEntity from class net.miauczel.legendary_monsters.entity.AnimatedMonster.OriginClasses.IAnimatedBoss
[14Jul2025 20:09:18.044] [main/WARN] [net.minecraft.network.syncher.SynchedEntityData/]: defineId called for: class net.miauczel.legendary_monsters.entity.custom.Cloud_GolemEntity from class net.miauczel.legendary_monsters.entity.AnimatedMonster.OriginClasses.IAnimatedBoss
[14Jul2025 20:09:18.044] [main/WARN] [net.minecraft.network.syncher.SynchedEntityData/]: defineId called for: class net.miauczel.legendary_monsters.entity.custom.Cloud_GolemEntity from class net.miauczel.legendary_monsters.entity.AnimatedMonster.OriginClasses.IAnimatedBoss
[14Jul2025 20:09:18.047] [main/WARN] [net.minecraft.network.syncher.SynchedEntityData/]: defineId called for: class net.miauczel.legendary_monsters.entity.custom.Shulker_MimicEntity from class net.miauczel.legendary_monsters.entity.custom.OldShulkerMimic
[14Jul2025 20:09:18.101] [main/WARN] [net.minecraft.network.syncher.SynchedEntityData/]: defineId called for: class net.minecraft.world.entity.boss.wither.WitherBoss from class yesman.epicfight.world.capabilities.entitypatch.boss.WitherPatch
[14Jul2025 20:09:18.102] [main/WARN] [net.minecraft.network.syncher.SynchedEntityData/]: defineId called for: class net.minecraft.world.entity.boss.wither.WitherBoss from class yesman.epicfight.world.capabilities.entitypatch.boss.WitherPatch
[14Jul2025 20:09:18.102] [main/WARN] [net.minecraft.network.syncher.SynchedEntityData/]: defineId called for: class net.minecraft.world.entity.boss.wither.WitherBoss from class yesman.epicfight.world.capabilities.entitypatch.boss.WitherPatch
[14Jul2025 20:09:18.102] [main/WARN] [net.minecraft.network.syncher.SynchedEntityData/]: defineId called for: class net.minecraft.world.entity.boss.wither.WitherBoss from class yesman.epicfight.world.capabilities.entitypatch.boss.WitherPatch
[14Jul2025 20:09:18.102] [main/WARN] [net.minecraft.network.syncher.SynchedEntityData/]: defineId called for: class net.minecraft.world.entity.boss.wither.WitherBoss from class yesman.epicfight.world.capabilities.entitypatch.boss.WitherPatch
[14Jul2025 20:09:18.102] [main/WARN] [net.minecraft.network.syncher.SynchedEntityData/]: defineId called for: class net.minecraft.world.entity.boss.wither.WitherBoss from class yesman.epicfight.world.capabilities.entitypatch.boss.WitherPatch
[14Jul2025 20:09:18.102] [main/WARN] [net.minecraft.network.syncher.SynchedEntityData/]: defineId called for: class net.minecraft.world.entity.boss.wither.WitherBoss from class yesman.epicfight.world.capabilities.entitypatch.boss.WitherPatch
[14Jul2025 20:09:18.103] [main/WARN] [net.minecraft.network.syncher.SynchedEntityData/]: defineId called for: class net.minecraft.world.entity.boss.wither.WitherBoss from class yesman.epicfight.world.capabilities.entitypatch.boss.WitherPatch
[14Jul2025 20:09:18.103] [main/WARN] [net.minecraft.network.syncher.SynchedEntityData/]: defineId called for: class net.minecraft.world.entity.boss.wither.WitherBoss from class yesman.epicfight.world.capabilities.entitypatch.boss.WitherPatch
[14Jul2025 20:09:18.151] [main/WARN] [net.minecraftforge.common.ForgeConfigSpec/CORE]: Configuration file /workspaces/Server-FPZ/servidor_minecraft/config/guardvillagers-common.toml is not correct. Correcting
[14Jul2025 20:09:18.153] [Thread-5/WARN] [net.minecraftforge.fml.config.ConfigFileTypeHandler/CONFIG]: Configuration file /workspaces/Server-FPZ/servidor_minecraft/config/guardvillagers-common.toml is not correct. Correcting
[14Jul2025 20:09:18.165] [Thread-5/WARN] [net.minecraftforge.fml.config.ConfigFileTypeHandler/CONFIG]: Configuration file /workspaces/Server-FPZ/servidor_minecraft/config/guardvillagers-common.toml is not correct. Correcting
[14Jul2025 20:09:18.170] [Thread-5/WARN] [net.minecraftforge.fml.config.ConfigFileTypeHandler/CONFIG]: Configuration file /workspaces/Server-FPZ/servidor_minecraft/config/guardvillagers-common.toml is not correct. Correcting
[14Jul2025 20:09:18.381] [main/WARN] [yungsapi/]: WARNING: block Block{minecraft:coal_ore} added to BlockStateRandomizer exceeds max probabiltiy of 1!
[14Jul2025 20:09:18.411] [modloading-worker-0/INFO] [com.song.castle_in_the_sky.CastleInTheSky/]: HELLO FROM PREINIT
[14Jul2025 20:09:18.605] [modloading-worker-0/INFO] [com.convallyria.hugestructureblocks.HugeStructureBlocksMod/]: Huge Structure Blocks is now making your structure blocks even bigger!
[14Jul2025 20:09:18.606] [modloading-worker-0/INFO] [com.convallyria.hugestructureblocks.HugeStructureBlocksMod/]: New structure size = 512
[14Jul2025 20:09:18.620] [modloading-worker-0/INFO] [bagus_lib/]: Load Bagus Lib Supporter
[14Jul2025 20:09:18.701] [Forge Version Check/INFO] [net.minecraftforge.fml.VersionChecker/]: [guardvillagers] Starting version check at https://raw.githubusercontent.com/seymourimadeit/guardvillagers/master/update.json
[14Jul2025 20:09:18.741] [modloading-worker-0/INFO] [net.veroxuniverse.knightsnmages.KnightsnMages/]: HELLO FROM COMMON SETUP
[14Jul2025 20:09:18.756] [Forge Version Check/INFO] [net.minecraftforge.fml.VersionChecker/]: [guardvillagers] Found status: BETA Current: 1.20.1-1.6.10 Target: 1.20-1.6.5
[14Jul2025 20:09:18.756] [Forge Version Check/INFO] [net.minecraftforge.fml.VersionChecker/]: [structure_gel] Starting version check at http://changelogs.moddinglegacy.com/structure-gel.json
[14Jul2025 20:09:18.783] [modloading-worker-0/INFO] [com.gpumemleakfix.Gpumemleakfix/]: gpumemleakfix mod initialized
[14Jul2025 20:09:18.842] [modloading-worker-0/INFO] [com.lootintegrations.LootintegrationsMod/]: lootintegrations mod initialized
[14Jul2025 20:09:18.953] [modloading-worker-0/INFO] [Dungeon Crawl/]: Common Setup
[14Jul2025 20:09:19.124] [main/INFO] [com.tiviacz.travelersbackpack.TravelersBackpack/]: Registered the FluidEffect with Unique ID of minecraft:water for Water (Fluid Amount Required: 1000) with the ID 0
[14Jul2025 20:09:19.124] [main/INFO] [com.tiviacz.travelersbackpack.TravelersBackpack/]: Registered the FluidEffect with Unique ID of minecraft:lava for Lava (Fluid Amount Required: 1000) with the ID 1
[14Jul2025 20:09:19.125] [main/INFO] [com.tiviacz.travelersbackpack.TravelersBackpack/]: Registered the FluidEffect with Unique ID of travelersbackpack:potion for Uncraftable Potion (Fluid Amount Required: 250) with the ID 2
[14Jul2025 20:09:19.125] [main/INFO] [com.tiviacz.travelersbackpack.TravelersBackpack/]: Registered the FluidEffect with Unique ID of minecraft:milk for Milk (Fluid Amount Required: 1000) with the ID 3
[14Jul2025 20:09:19.137] [Forge Version Check/INFO] [net.minecraftforge.fml.VersionChecker/]: [structure_gel] Found status: BETA Current: 2.16.2 Target: null
[14Jul2025 20:09:19.137] [Forge Version Check/INFO] [net.minecraftforge.fml.VersionChecker/]: [dungeons_plus] Starting version check at http://changelogs.moddinglegacy.com/dungeons-plus.json
[14Jul2025 20:09:19.150] [main/INFO] [terrablender/]: Registered region minecraft:overworld to index 0 for type OVERWORLD
[14Jul2025 20:09:19.151] [main/INFO] [terrablender/]: Registered region minecraft:nether to index 0 for type NETHER
[14Jul2025 20:09:19.151] [main/INFO] [terrablender/]: Registered region biomesoplenty:overworld_primary to index 1 for type OVERWORLD
[14Jul2025 20:09:19.151] [main/INFO] [terrablender/]: Registered region biomesoplenty:overworld_secondary to index 2 for type OVERWORLD
[14Jul2025 20:09:19.151] [main/INFO] [terrablender/]: Registered region biomesoplenty:overworld_rare to index 3 for type OVERWORLD
[14Jul2025 20:09:19.151] [main/INFO] [terrablender/]: Registered region biomesoplenty:nether_common to index 1 for type NETHER
[14Jul2025 20:09:19.152] [main/INFO] [terrablender/]: Registered region biomesoplenty:nether_rare to index 2 for type NETHER
[14Jul2025 20:09:19.212] [Forge Version Check/INFO] [net.minecraftforge.fml.VersionChecker/]: [dungeons_plus] Found status: BETA Current: 1.5.0 Target: null
[14Jul2025 20:09:19.212] [Forge Version Check/INFO] [net.minecraftforge.fml.VersionChecker/]: [tombstone] Starting version check at https://raw.githubusercontent.com/Corail31/tombstone_lite/master/update.json
[14Jul2025 20:09:19.215] [main/INFO] [terrablender/]: Registered region ars_nouveau:overworld to index 4 for type OVERWORLD
[14Jul2025 20:09:19.221] [Forge Version Check/INFO] [net.minecraftforge.fml.VersionChecker/]: [tombstone] Found status: UP_TO_DATE Current: 9.0.2 Target: null
[14Jul2025 20:09:19.222] [Forge Version Check/INFO] [net.minecraftforge.fml.VersionChecker/]: [cumulus_menus] Starting version check at https://github.com/The-Aether-Team/Cumulus/raw/1.20.1-develop/update.json
[14Jul2025 20:09:19.288] [Forge Version Check/INFO] [net.minecraftforge.fml.VersionChecker/]: [cumulus_menus] Found status: UP_TO_DATE Current: 1.20.1-1.0.1-neoforge Target: null
[14Jul2025 20:09:19.288] [Forge Version Check/INFO] [net.minecraftforge.fml.VersionChecker/]: [cfm] Starting version check at https://mrcrayfish.com/modupdatejson?id=cfm
[14Jul2025 20:09:19.423] [Forge Version Check/WARN] [net.minecraftforge.fml.VersionChecker/]: Failed to process update information
com.google.gson.JsonSyntaxException: java.lang.IllegalStateException: Expected BEGIN_OBJECT but was STRING at line 1 column 1 path $
	at com.google.gson.Gson.fromJson(Gson.java:1226) ~[gson-2.10.jar%2372!/:?]
	at com.google.gson.Gson.fromJson(Gson.java:1124) ~[gson-2.10.jar%2372!/:?]
	at com.google.gson.Gson.fromJson(Gson.java:1034) ~[gson-2.10.jar%2372!/:?]
	at com.google.gson.Gson.fromJson(Gson.java:969) ~[gson-2.10.jar%2372!/:?]
	at net.minecraftforge.fml.VersionChecker$1.process(VersionChecker.java:186) ~[fmlcore-1.20.1-47.4.0.jar%23444!/:?]
	at java.lang.Iterable.forEach(Iterable.java:75) ~[?:?]
	at net.minecraftforge.fml.VersionChecker$1.run(VersionChecker.java:117) ~[fmlcore-1.20.1-47.4.0.jar%23444!/:?]
Caused by: java.lang.IllegalStateException: Expected BEGIN_OBJECT but was STRING at line 1 column 1 path $
	at com.google.gson.stream.JsonReader.beginObject(JsonReader.java:393) ~[gson-2.10.jar%2372!/:?]
	at com.google.gson.internal.bind.MapTypeAdapterFactory$Adapter.read(MapTypeAdapterFactory.java:182) ~[gson-2.10.jar%2372!/:?]
	at com.google.gson.internal.bind.MapTypeAdapterFactory$Adapter.read(MapTypeAdapterFactory.java:144) ~[gson-2.10.jar%2372!/:?]
	at com.google.gson.Gson.fromJson(Gson.java:1214) ~[gson-2.10.jar%2372!/:?]
	... 6 more
[14Jul2025 20:09:19.425] [Forge Version Check/INFO] [net.minecraftforge.fml.VersionChecker/]: [visualworkbench] Starting version check at https://raw.githubusercontent.com/Fuzss/modresources/main/update/visualworkbench.json
[14Jul2025 20:09:19.437] [Forge Version Check/INFO] [net.minecraftforge.fml.VersionChecker/]: [visualworkbench] Found status: UP_TO_DATE Current: 8.0.0 Target: null
[14Jul2025 20:09:19.437] [Forge Version Check/INFO] [net.minecraftforge.fml.VersionChecker/]: [attributefix] Starting version check at https://updates.blamejared.com/get?n=attributefix&gv=1.20.1
[14Jul2025 20:09:19.511] [main/INFO] [com.eeeab.eeeabsmobs.EEEABMobs/]: Starting to register Curios item...
[14Jul2025 20:09:19.685] [modloading-worker-0/INFO] [io.redspace.ironsspellbooks.IronsSpellbooks/]: Got IMC []
[14Jul2025 20:09:19.699] [modloading-worker-0/INFO] [com.eeeab.eeeabsmobs.EEEABMobs/]: Registering custom criteria trigger...
[14Jul2025 20:09:19.705] [modloading-worker-0/INFO] [AttributeFix/]: Loaded values for 87 compatible attributes.
[14Jul2025 20:09:19.706] [modloading-worker-0/INFO] [AttributeFix/]: Loaded 87 values from config.
[14Jul2025 20:09:19.744] [modloading-worker-0/INFO] [AttributeFix/]: Saving config file. 87 entries.
[14Jul2025 20:09:19.746] [modloading-worker-0/INFO] [AttributeFix/]: Applying changes for 87 attributes.
[14Jul2025 20:09:19.760] [Forge Version Check/INFO] [net.minecraftforge.fml.VersionChecker/]: [attributefix] Found status: BETA Current: 21.0.4 Target: 21.0.4
[14Jul2025 20:09:19.760] [Forge Version Check/INFO] [net.minecraftforge.fml.VersionChecker/]: [souls_like_bosses] Starting version check at https://api.modrinth.com/updates/n382wpVP/forge_updates.json
[14Jul2025 20:09:19.794] [modloading-worker-0/INFO] [Jade/]: Start loading plugin at net.blay09.mods.balm.forge.compat.hudinfo.ForgeJadeModCompat
[14Jul2025 20:09:19.803] [modloading-worker-0/INFO] [Jade/]: Start loading plugin at ovh.corail.tombstone.compatibility.IntegrationJade
[14Jul2025 20:09:19.804] [modloading-worker-0/INFO] [Jade/]: Start loading plugin at com.github.exopandora.shouldersurfing.integration.ShoulderSurfingJadePlugin
[14Jul2025 20:09:19.807] [modloading-worker-0/INFO] [Jade/]: Start loading plugin at com.hollingsworth.arsnouveau.client.waila.WailaArsNouveauPlugin
[14Jul2025 20:09:19.809] [modloading-worker-0/INFO] [Jade/]: Start loading plugin at com.aetherteam.aether.integration.jade.AetherJadePlugin
[14Jul2025 20:09:19.811] [modloading-worker-0/INFO] [Jade/]: Start loading plugin at twilightforest.compat.jade.JadeCompat
[14Jul2025 20:09:19.812] [modloading-worker-0/INFO] [Jade/]: Start loading plugin at com.github.tartaricacid.touhoulittlemaid.compat.jade.JadePlugin
[14Jul2025 20:09:19.818] [modloading-worker-0/INFO] [Jade/]: Start loading plugin at net.blay09.mods.waystones.compat.JadeIntegration
[14Jul2025 20:09:19.820] [modloading-worker-0/INFO] [Jade/]: Start loading plugin at snownee.jade.addon.vanilla.VanillaPlugin
[14Jul2025 20:09:19.846] [modloading-worker-0/INFO] [Jade/]: Start loading plugin at snownee.jade.addon.universal.UniversalPlugin
[14Jul2025 20:09:19.856] [modloading-worker-0/INFO] [Jade/]: Start loading plugin at snownee.jade.addon.core.CorePlugin
[14Jul2025 20:09:19.871] [Forge Version Check/INFO] [net.minecraftforge.fml.VersionChecker/]: [souls_like_bosses] Found status: OUTDATED Current: 1.0 Target: 1.1.0+mod
[14Jul2025 20:09:19.871] [Forge Version Check/INFO] [net.minecraftforge.fml.VersionChecker/]: [goblintraders] Starting version check at https://mrcrayfish.com/modupdatejson?id=goblintraders
[14Jul2025 20:09:19.907] [modloading-worker-0/INFO] [de.mennomax.astikorcarts.AstikorCarts/]: Automatic pull animal configuration:
pull_animals = [
    "minecraft:camel",
    "minecraft:donkey",
    "minecraft:horse",
    "minecraft:mule",
    "minecraft:skeleton_horse",
    "minecraft:zombie_horse",
    "minecraft:player",
    "ars_nouveau:summon_horse",
    "aether:phyg",
    "aether:flying_cow",
    "aether:moa",
    "naturalist:zebra",
    "iceandfire:hippocampus",
    "iceandfire:dread_horse",
    "bygonenether:wither_skeleton_horse",
    "dragonmounts:dragon",
    "vinery:mule",
    "alexscaves:candicorn",
    "irons_spellbooks:spectral_steed",
    "mastersword:ocarinahorse"
  ]
[14Jul2025 20:09:19.910] [Forge Version Check/WARN] [net.minecraftforge.fml.VersionChecker/]: Failed to process update information
com.google.gson.JsonSyntaxException: java.lang.IllegalStateException: Expected BEGIN_OBJECT but was STRING at line 1 column 1 path $
	at com.google.gson.Gson.fromJson(Gson.java:1226) ~[gson-2.10.jar%2372!/:?]
	at com.google.gson.Gson.fromJson(Gson.java:1124) ~[gson-2.10.jar%2372!/:?]
	at com.google.gson.Gson.fromJson(Gson.java:1034) ~[gson-2.10.jar%2372!/:?]
	at com.google.gson.Gson.fromJson(Gson.java:969) ~[gson-2.10.jar%2372!/:?]
	at net.minecraftforge.fml.VersionChecker$1.process(VersionChecker.java:186) ~[fmlcore-1.20.1-47.4.0.jar%23444!/:?]
	at java.lang.Iterable.forEach(Iterable.java:75) ~[?:?]
	at net.minecraftforge.fml.VersionChecker$1.run(VersionChecker.java:117) ~[fmlcore-1.20.1-47.4.0.jar%23444!/:?]
Caused by: java.lang.IllegalStateException: Expected BEGIN_OBJECT but was STRING at line 1 column 1 path $
	at com.google.gson.stream.JsonReader.beginObject(JsonReader.java:393) ~[gson-2.10.jar%2372!/:?]
	at com.google.gson.internal.bind.MapTypeAdapterFactory$Adapter.read(MapTypeAdapterFactory.java:182) ~[gson-2.10.jar%2372!/:?]
	at com.google.gson.internal.bind.MapTypeAdapterFactory$Adapter.read(MapTypeAdapterFactory.java:144) ~[gson-2.10.jar%2372!/:?]
	at com.google.gson.Gson.fromJson(Gson.java:1214) ~[gson-2.10.jar%2372!/:?]
	... 6 more
[14Jul2025 20:09:19.913] [Forge Version Check/INFO] [net.minecraftforge.fml.VersionChecker/]: [travelersbackpack] Starting version check at https://gist.githubusercontent.com/Tiviacz1337/906937677aa472285dff9d6c2a189d5e/raw
[14Jul2025 20:09:19.924] [main/INFO] [citadel/]: adding citadel surface rules via terrablender...
[14Jul2025 20:09:19.926] [main/INFO] [citadel/]: Added 0 vanilla biome surface rule types via terrablender
[14Jul2025 20:09:19.926] [main/INFO] [citadel/]: Added 1 modded biome surface rule types via terrablender
[14Jul2025 20:09:19.949] [Forge Version Check/INFO] [net.minecraftforge.fml.VersionChecker/]: [travelersbackpack] Found status: AHEAD Current: 9.1.39 Target: null
[14Jul2025 20:09:19.949] [Forge Version Check/INFO] [net.minecraftforge.fml.VersionChecker/]: [additional_lights] Starting version check at https://gist.githubusercontent.com/mgen256/59abe85e7950f2319e7538afe2f910ba/raw
[14Jul2025 20:09:19.960] [Forge Version Check/INFO] [net.minecraftforge.fml.VersionChecker/]: [additional_lights] Found status: UP_TO_DATE Current: 2.1.7 Target: null
[14Jul2025 20:09:19.960] [Forge Version Check/INFO] [net.minecraftforge.fml.VersionChecker/]: [puzzlesaccessapi] Starting version check at https://raw.githubusercontent.com/Fuzss/modresources/main/update/puzzlesaccessapi.json
[14Jul2025 20:09:19.970] [Forge Version Check/INFO] [net.minecraftforge.fml.VersionChecker/]: [puzzlesaccessapi] Found status: BETA Current: 20.1.1 Target: null
[14Jul2025 20:09:19.970] [Forge Version Check/INFO] [net.minecraftforge.fml.VersionChecker/]: [forge] Starting version check at https://files.minecraftforge.net/net/minecraftforge/forge/promotions_slim.json
[14Jul2025 20:09:19.987] [main/WARN] [net.minecraftforge.common.ForgeConfigSpec/CORE]: Configuration file /workspaces/Server-FPZ/servidor_minecraft/config/badmobs-common.toml is not correct. Correcting
[14Jul2025 20:09:20.027] [main/WARN] [net.minecraftforge.common.ForgeConfigSpec/CORE]: Incorrect key realmrpg_demons was corrected from null to its default, SimpleCommentedConfig:{}. 
[14Jul2025 20:09:20.027] [main/WARN] [net.minecraftforge.common.ForgeConfigSpec/CORE]: Incorrect key realmrpg_demons.chort was corrected from null to its default, SimpleCommentedConfig:{}. 
[14Jul2025 20:09:20.027] [main/WARN] [net.minecraftforge.common.ForgeConfigSpec/CORE]: Incorrect key realmrpg_demons.chort.allowNormalSpawning was corrected from null to its default, true. 
[14Jul2025 20:09:20.027] [main/WARN] [net.minecraftforge.common.ForgeConfigSpec/CORE]: Incorrect key realmrpg_demons.chort.allowSpawners was corrected from null to its default, true. 
[14Jul2025 20:09:20.027] [main/WARN] [net.minecraftforge.common.ForgeConfigSpec/CORE]: Incorrect key realmrpg_demons.chort.allowSpawnEggs was corrected from null to its default, true. 
[14Jul2025 20:09:20.028] [main/WARN] [net.minecraftforge.common.ForgeConfigSpec/CORE]: Incorrect key realmrpg_demons.chort.allowConversions was corrected from null to its default, true. 
[14Jul2025 20:09:20.028] [main/WARN] [net.minecraftforge.common.ForgeConfigSpec/CORE]: Incorrect key realmrpg_demons.imp was corrected from null to its default, SimpleCommentedConfig:{}. 
[14Jul2025 20:09:20.028] [main/WARN] [net.minecraftforge.common.ForgeConfigSpec/CORE]: Incorrect key realmrpg_demons.imp.allowNormalSpawning was corrected from null to its default, true. 
[14Jul2025 20:09:20.028] [main/WARN] [net.minecraftforge.common.ForgeConfigSpec/CORE]: Incorrect key realmrpg_demons.imp.allowSpawners was corrected from null to its default, true. 
[14Jul2025 20:09:20.028] [main/WARN] [net.minecraftforge.common.ForgeConfigSpec/CORE]: Incorrect key realmrpg_demons.imp.allowSpawnEggs was corrected from null to its default, true. 
[14Jul2025 20:09:20.028] [main/WARN] [net.minecraftforge.common.ForgeConfigSpec/CORE]: Incorrect key realmrpg_demons.imp.allowConversions was corrected from null to its default, true. 
[14Jul2025 20:09:20.028] [main/WARN] [net.minecraftforge.common.ForgeConfigSpec/CORE]: Incorrect key realmrpg_demons.imp_guard was corrected from null to its default, SimpleCommentedConfig:{}. 
[14Jul2025 20:09:20.028] [main/WARN] [net.minecraftforge.common.ForgeConfigSpec/CORE]: Incorrect key realmrpg_demons.imp_guard.allowNormalSpawning was corrected from null to its default, true. 
[14Jul2025 20:09:20.029] [main/WARN] [net.minecraftforge.common.ForgeConfigSpec/CORE]: Incorrect key realmrpg_demons.imp_guard.allowSpawners was corrected from null to its default, true. 
[14Jul2025 20:09:20.029] [main/WARN] [net.minecraftforge.common.ForgeConfigSpec/CORE]: Incorrect key realmrpg_demons.imp_guard.allowSpawnEggs was corrected from null to its default, true. 
[14Jul2025 20:09:20.029] [main/WARN] [net.minecraftforge.common.ForgeConfigSpec/CORE]: Incorrect key realmrpg_demons.imp_guard.allowConversions was corrected from null to its default, true. 
[14Jul2025 20:09:20.029] [main/WARN] [net.minecraftforge.common.ForgeConfigSpec/CORE]: Incorrect key realmrpg_demons.demon was corrected from null to its default, SimpleCommentedConfig:{}. 
[14Jul2025 20:09:20.029] [main/WARN] [net.minecraftforge.common.ForgeConfigSpec/CORE]: Incorrect key realmrpg_demons.demon.allowNormalSpawning was corrected from null to its default, true. 
[14Jul2025 20:09:20.029] [main/WARN] [net.minecraftforge.common.ForgeConfigSpec/CORE]: Incorrect key realmrpg_demons.demon.allowSpawners was corrected from null to its default, true. 
[14Jul2025 20:09:20.029] [main/WARN] [net.minecraftforge.common.ForgeConfigSpec/CORE]: Incorrect key realmrpg_demons.demon.allowSpawnEggs was corrected from null to its default, true. 
[14Jul2025 20:09:20.030] [main/WARN] [net.minecraftforge.common.ForgeConfigSpec/CORE]: Incorrect key realmrpg_demons.demon.allowConversions was corrected from null to its default, true. 
[14Jul2025 20:09:20.030] [main/WARN] [net.minecraftforge.common.ForgeConfigSpec/CORE]: Incorrect key realmrpg_demons.demon_lord was corrected from null to its default, SimpleCommentedConfig:{}. 
[14Jul2025 20:09:20.030] [main/WARN] [net.minecraftforge.common.ForgeConfigSpec/CORE]: Incorrect key realmrpg_demons.demon_lord.allowNormalSpawning was corrected from null to its default, true. 
[14Jul2025 20:09:20.030] [main/WARN] [net.minecraftforge.common.ForgeConfigSpec/CORE]: Incorrect key realmrpg_demons.demon_lord.allowSpawners was corrected from null to its default, true. 
[14Jul2025 20:09:20.030] [main/WARN] [net.minecraftforge.common.ForgeConfigSpec/CORE]: Incorrect key realmrpg_demons.demon_lord.allowSpawnEggs was corrected from null to its default, true. 
[14Jul2025 20:09:20.030] [main/WARN] [net.minecraftforge.common.ForgeConfigSpec/CORE]: Incorrect key realmrpg_demons.demon_lord.allowConversions was corrected from null to its default, true. 
[14Jul2025 20:09:20.031] [main/WARN] [net.minecraftforge.common.ForgeConfigSpec/CORE]: Incorrect key realmrpg_demons.ancient_demon_lord was corrected from null to its default, SimpleCommentedConfig:{}. 
[14Jul2025 20:09:20.031] [main/WARN] [net.minecraftforge.common.ForgeConfigSpec/CORE]: Incorrect key realmrpg_demons.ancient_demon_lord.allowNormalSpawning was corrected from null to its default, true. 
[14Jul2025 20:09:20.031] [main/WARN] [net.minecraftforge.common.ForgeConfigSpec/CORE]: Incorrect key realmrpg_demons.ancient_demon_lord.allowSpawners was corrected from null to its default, true. 
[14Jul2025 20:09:20.031] [main/WARN] [net.minecraftforge.common.ForgeConfigSpec/CORE]: Incorrect key realmrpg_demons.ancient_demon_lord.allowSpawnEggs was corrected from null to its default, true. 
[14Jul2025 20:09:20.031] [main/WARN] [net.minecraftforge.common.ForgeConfigSpec/CORE]: Incorrect key realmrpg_demons.ancient_demon_lord.allowConversions was corrected from null to its default, true. 
[14Jul2025 20:09:20.031] [main/WARN] [net.minecraftforge.common.ForgeConfigSpec/CORE]: Incorrect key realmrpg_demons.demon_minion was corrected from null to its default, SimpleCommentedConfig:{}. 
[14Jul2025 20:09:20.031] [main/WARN] [net.minecraftforge.common.ForgeConfigSpec/CORE]: Incorrect key realmrpg_demons.demon_minion.allowNormalSpawning was corrected from null to its default, true. 
[14Jul2025 20:09:20.031] [main/WARN] [net.minecraftforge.common.ForgeConfigSpec/CORE]: Incorrect key realmrpg_demons.demon_minion.allowSpawners was corrected from null to its default, true. 
[14Jul2025 20:09:20.032] [main/WARN] [net.minecraftforge.common.ForgeConfigSpec/CORE]: Incorrect key realmrpg_demons.demon_minion.allowSpawnEggs was corrected from null to its default, true. 
[14Jul2025 20:09:20.032] [main/WARN] [net.minecraftforge.common.ForgeConfigSpec/CORE]: Incorrect key realmrpg_demons.demon_minion.allowConversions was corrected from null to its default, true. 
[14Jul2025 20:09:20.118] [Forge Version Check/INFO] [net.minecraftforge.fml.VersionChecker/]: [forge] Found status: UP_TO_DATE Current: 47.4.0 Target: null
[14Jul2025 20:09:20.118] [Forge Version Check/INFO] [net.minecraftforge.fml.VersionChecker/]: [backpacked] Starting version check at https://mrcrayfish.com/modupdatejson?id=backpacked
[14Jul2025 20:09:20.142] [Forge Version Check/WARN] [net.minecraftforge.fml.VersionChecker/]: Failed to process update information
com.google.gson.JsonSyntaxException: java.lang.IllegalStateException: Expected BEGIN_OBJECT but was STRING at line 1 column 1 path $
	at com.google.gson.Gson.fromJson(Gson.java:1226) ~[gson-2.10.jar%2372!/:?]
	at com.google.gson.Gson.fromJson(Gson.java:1124) ~[gson-2.10.jar%2372!/:?]
	at com.google.gson.Gson.fromJson(Gson.java:1034) ~[gson-2.10.jar%2372!/:?]
	at com.google.gson.Gson.fromJson(Gson.java:969) ~[gson-2.10.jar%2372!/:?]
	at net.minecraftforge.fml.VersionChecker$1.process(VersionChecker.java:186) ~[fmlcore-1.20.1-47.4.0.jar%23444!/:?]
	at java.lang.Iterable.forEach(Iterable.java:75) ~[?:?]
	at net.minecraftforge.fml.VersionChecker$1.run(VersionChecker.java:117) ~[fmlcore-1.20.1-47.4.0.jar%23444!/:?]
Caused by: java.lang.IllegalStateException: Expected BEGIN_OBJECT but was STRING at line 1 column 1 path $
	at com.google.gson.stream.JsonReader.beginObject(JsonReader.java:393) ~[gson-2.10.jar%2372!/:?]
	at com.google.gson.internal.bind.MapTypeAdapterFactory$Adapter.read(MapTypeAdapterFactory.java:182) ~[gson-2.10.jar%2372!/:?]
	at com.google.gson.internal.bind.MapTypeAdapterFactory$Adapter.read(MapTypeAdapterFactory.java:144) ~[gson-2.10.jar%2372!/:?]
	at com.google.gson.Gson.fromJson(Gson.java:1214) ~[gson-2.10.jar%2372!/:?]
	... 6 more
[14Jul2025 20:09:20.143] [Forge Version Check/INFO] [net.minecraftforge.fml.VersionChecker/]: [puzzleslib] Starting version check at https://raw.githubusercontent.com/Fuzss/modresources/main/update/puzzleslib.json
[14Jul2025 20:09:20.152] [Forge Version Check/INFO] [net.minecraftforge.fml.VersionChecker/]: [puzzleslib] Found status: UP_TO_DATE Current: 8.1.32 Target: null
[14Jul2025 20:09:20.152] [Forge Version Check/INFO] [net.minecraftforge.fml.VersionChecker/]: [aquamirae] Starting version check at https://raw.githubusercontent.com/ObscuriaLithium/Home/main/aquamirae/versions.json
[14Jul2025 20:09:20.161] [Forge Version Check/WARN] [net.minecraftforge.fml.VersionChecker/]: Failed to process update information
com.google.gson.JsonSyntaxException: java.lang.IllegalStateException: Expected BEGIN_OBJECT but was NUMBER at line 1 column 4 path $
	at com.google.gson.Gson.fromJson(Gson.java:1226) ~[gson-2.10.jar%2372!/:?]
	at com.google.gson.Gson.fromJson(Gson.java:1124) ~[gson-2.10.jar%2372!/:?]
	at com.google.gson.Gson.fromJson(Gson.java:1034) ~[gson-2.10.jar%2372!/:?]
	at com.google.gson.Gson.fromJson(Gson.java:969) ~[gson-2.10.jar%2372!/:?]
	at net.minecraftforge.fml.VersionChecker$1.process(VersionChecker.java:186) ~[fmlcore-1.20.1-47.4.0.jar%23444!/:?]
	at java.lang.Iterable.forEach(Iterable.java:75) ~[?:?]
	at net.minecraftforge.fml.VersionChecker$1.run(VersionChecker.java:117) ~[fmlcore-1.20.1-47.4.0.jar%23444!/:?]
Caused by: java.lang.IllegalStateException: Expected BEGIN_OBJECT but was NUMBER at line 1 column 4 path $
	at com.google.gson.stream.JsonReader.beginObject(JsonReader.java:393) ~[gson-2.10.jar%2372!/:?]
	at com.google.gson.internal.bind.MapTypeAdapterFactory$Adapter.read(MapTypeAdapterFactory.java:182) ~[gson-2.10.jar%2372!/:?]
	at com.google.gson.internal.bind.MapTypeAdapterFactory$Adapter.read(MapTypeAdapterFactory.java:144) ~[gson-2.10.jar%2372!/:?]
	at com.google.gson.Gson.fromJson(Gson.java:1214) ~[gson-2.10.jar%2372!/:?]
	... 6 more
[14Jul2025 20:09:20.162] [Forge Version Check/INFO] [net.minecraftforge.fml.VersionChecker/]: [mr_stellarity] Starting version check at https://api.modrinth.com/updates/bZgeDzN8/forge_updates.json
[14Jul2025 20:09:20.213] [Forge Version Check/INFO] [net.minecraftforge.fml.VersionChecker/]: [mr_stellarity] Found status: BETA_OUTDATED Current: 2.0d Target: 2.0e
[14Jul2025 20:09:20.213] [Forge Version Check/INFO] [net.minecraftforge.fml.VersionChecker/]: [aether] Starting version check at https://github.com/The-Aether-Team/The-Aether/raw/1.20.1-develop/update.json
[14Jul2025 20:09:20.236] [Forge Version Check/INFO] [net.minecraftforge.fml.VersionChecker/]: [aether] Found status: UP_TO_DATE Current: 1.20.1-1.5.2-neoforge Target: null
[14Jul2025 20:09:20.237] [Forge Version Check/INFO] [net.minecraftforge.fml.VersionChecker/]: [twilightforest] Starting version check at https://gh.tamaized.com/TeamTwilight/twilightforest/update.json
[14Jul2025 20:09:20.347] [Forge Version Check/INFO] [net.minecraftforge.fml.VersionChecker/]: [twilightforest] Found status: AHEAD Current: 4.3.2508 Target: null
[14Jul2025 20:09:20.348] [Forge Version Check/INFO] [net.minecraftforge.fml.VersionChecker/]: [obscure_api] Starting version check at https://raw.githubusercontent.com/ObscuriaLithium/Home/main/obscure_api/versions.json
[14Jul2025 20:09:20.357] [Forge Version Check/WARN] [net.minecraftforge.fml.VersionChecker/]: Failed to process update information
com.google.gson.JsonSyntaxException: java.lang.IllegalStateException: Expected BEGIN_OBJECT but was NUMBER at line 1 column 4 path $
	at com.google.gson.Gson.fromJson(Gson.java:1226) ~[gson-2.10.jar%2372!/:?]
	at com.google.gson.Gson.fromJson(Gson.java:1124) ~[gson-2.10.jar%2372!/:?]
	at com.google.gson.Gson.fromJson(Gson.java:1034) ~[gson-2.10.jar%2372!/:?]
	at com.google.gson.Gson.fromJson(Gson.java:969) ~[gson-2.10.jar%2372!/:?]
	at net.minecraftforge.fml.VersionChecker$1.process(VersionChecker.java:186) ~[fmlcore-1.20.1-47.4.0.jar%23444!/:?]
	at java.lang.Iterable.forEach(Iterable.java:75) ~[?:?]
	at net.minecraftforge.fml.VersionChecker$1.run(VersionChecker.java:117) ~[fmlcore-1.20.1-47.4.0.jar%23444!/:?]
Caused by: java.lang.IllegalStateException: Expected BEGIN_OBJECT but was NUMBER at line 1 column 4 path $
	at com.google.gson.stream.JsonReader.beginObject(JsonReader.java:393) ~[gson-2.10.jar%2372!/:?]
	at com.google.gson.internal.bind.MapTypeAdapterFactory$Adapter.read(MapTypeAdapterFactory.java:182) ~[gson-2.10.jar%2372!/:?]
	at com.google.gson.internal.bind.MapTypeAdapterFactory$Adapter.read(MapTypeAdapterFactory.java:144) ~[gson-2.10.jar%2372!/:?]
	at com.google.gson.Gson.fromJson(Gson.java:1214) ~[gson-2.10.jar%2372!/:?]
	... 6 more
[14Jul2025 20:09:20.359] [Forge Version Check/INFO] [net.minecraftforge.fml.VersionChecker/]: [badmobs] Starting version check at https://updates.blamejared.com/get?n=badmobs&gv=1.20.1
[14Jul2025 20:09:20.457] [Forge Version Check/INFO] [net.minecraftforge.fml.VersionChecker/]: [badmobs] Found status: BETA Current: 19.0.4 Target: 19.0.4
[14Jul2025 20:09:29.186] [main/INFO] [epicfight/]: Data keys [cdmoveset:target_id] for cdmoveset:ex_yamato_step
[14Jul2025 20:09:29.186] [main/INFO] [epicfight/]: Data keys [cdmoveset:damage, cdmoveset:wolf_passive, cdmoveset:timer] for cdmoveset:bloodwolf
[14Jul2025 20:09:29.186] [main/INFO] [epicfight/]: Data keys [cdmoveset:power3, cdmoveset:power, cdmoveset:counter_success, cdmoveset:counter, cdmoveset:damages] for cdmoveset:yamatoskill
[14Jul2025 20:09:29.186] [main/INFO] [epicfight/]: Data keys [cdmoveset:rush_combo, cdmoveset:rush_end] for cdmoveset:blade_rush
[14Jul2025 20:09:29.186] [main/INFO] [epicfight/]: Data keys [cdmoveset:dodge, cdmoveset:seethrouth] for cdmoveset:see_through
[14Jul2025 20:09:29.187] [main/INFO] [epicfight/]: Data keys [cdmoveset:direction, cdmoveset:count, cdmoveset:dodge_played, cdmoveset:reset_timer] for cdmoveset:wolf_dodge
[14Jul2025 20:09:29.187] [main/INFO] [epicfight/]: Data keys [efm_ex:combo_counter, epicfight:basic_attack_active, epicfight:combo_counter] for epicfight:basic_attack
[14Jul2025 20:09:29.187] [main/INFO] [epicfight/]: Data keys [epicfight:penalty_restore_counter, epicfight:penalty] for epicfight:guard
[14Jul2025 20:09:29.187] [main/INFO] [epicfight/]: Data keys [epicfight:last_active, epicfight:parry_motion_counter, epicfight:penalty_restore_counter, epicfight:penalty] for epicfight:parrying
[14Jul2025 20:09:29.187] [main/INFO] [epicfight/]: Data keys [epicfight:penalty, epicfight:penalty_restore_counter] for epicfight:impact_guard
[14Jul2025 20:09:29.187] [main/INFO] [epicfight/]: Data keys [epicfight:fall_distance, epicfight:slam_protect_next_fall] for epicfight:meteor_slam
[14Jul2025 20:09:29.187] [main/INFO] [epicfight/]: Data keys [epicfight:stacks] for epicfight:revelation
[14Jul2025 20:09:29.187] [main/INFO] [epicfight/]: Data keys [epicfight:slam_protect_next_fall] for epicfight:demolition_leap
[14Jul2025 20:09:29.187] [main/INFO] [epicfight/]: Data keys [epicfight:jump_count, epicfight:slam_protect_next_fall, epicfight:jump_key_pressed_last_tick] for epicfight:phantom_ascent
[14Jul2025 20:09:29.187] [main/INFO] [epicfight/]: Data keys [epicfight:last_hit_count] for epicfight:grasping_spire
[14Jul2025 20:09:29.187] [main/INFO] [epicfight/]: Data keys [epicfight:charging_power] for epicfight:steel_whirlwind
[14Jul2025 20:09:29.187] [main/INFO] [epicfight/]: Data keys [epicfight:sheath] for epicfight:battojutsu_passive
[14Jul2025 20:09:29.187] [main/INFO] [epicfight/]: Data keys [epicfight:sheath] for epicfight:battojutsu
[14Jul2025 20:09:29.188] [main/INFO] [epicfight/]: Data keys [epicfight:combo_counter] for epicfight:blade_rush
[14Jul2025 20:09:29.188] [main/INFO] [epicfight/]: Data keys [epicfight:thrown_trident_entity_id] for epicfight:everlasting_allegiance
[14Jul2025 20:09:29.188] [main/INFO] [epicfight/]: Data keys [refm:last_hit_count, refm:combo_counter] for refm:deadlybackflip
[14Jul2025 20:09:29.188] [main/INFO] [epicfight/]: Data keys [refm:last_hit_count, refm:combo_counter] for refm:deadlybackflip_ender
[14Jul2025 20:09:29.188] [main/INFO] [epicfight/]: Data keys [refm:last_hit_count, refm:combo_counter] for refm:deadlybackflip_ocean
[14Jul2025 20:09:29.188] [main/INFO] [epicfight/]: Data keys [refm:last_hit_count, refm:combo_counter] for refm:deadlybackflip_wither
[14Jul2025 20:09:29.188] [main/INFO] [epicfight/]: Data keys [refm:last_hit_count, refm:combo_counter] for refm:deadlybackflip_amethyst
[14Jul2025 20:09:29.188] [main/INFO] [epicfight/]: Data keys [battlearts_api:charging] for battlearts_api:mana_charge
[14Jul2025 20:09:29.188] [main/INFO] [epicfight/]: Data keys [battle_arts:prev_anim, battle_arts:arrogance_stack] for battle_arts:arrogance
[14Jul2025 20:09:29.189] [main/INFO] [epicfight/]: Data keys [battle_arts:combo_counter, efm_ex:combo_counter, epicfight:basic_attack_active, epicfight:combo_counter] for battle_arts:mounted_attack
[14Jul2025 20:09:29.189] [main/INFO] [epicfight/]: Data keys [battle_arts:pulling, battle_arts:pull_level, battle_arts:charging, battle_arts:heavy_draw] for battle_arts:power_draw
[14Jul2025 20:09:29.189] [main/INFO] [epicfight/]: Data keys [battle_arts:sneak_move_lock] for battle_arts:recruit
[14Jul2025 20:09:29.189] [main/INFO] [epicfight/]: Data keys [battle_arts:batto_sheath] for battle_arts:ronin
[14Jul2025 20:09:29.189] [main/INFO] [epicfight/]: Data keys [battle_arts:counter_window] for battle_arts:duelist
[14Jul2025 20:09:29.225] [main/INFO] [com.mojang.authlib.yggdrasil.YggdrasilAuthenticationService/]: Environment: authHost='https://authserver.mojang.com', accountsHost='https://api.mojang.com', sessionHost='https://sessionserver.mojang.com', servicesHost='https://api.minecraftservices.com', name='PROD'
[14Jul2025 20:09:29.261] [main/WARN] [io.redspace.ironsspellbooks.IronsSpellbooks/]: DataFixLevelStorageSourceMixin failed to load ./world/level.dat, ./world/level.dat (No such file or directory)
[14Jul2025 20:09:29.263] [main/WARN] [io.redspace.ironsspellbooks.IronsSpellbooks/]: DataFixLevelStorageSourceMixin failed to load ./world/level.dat, ./world/level.dat (No such file or directory)
[14Jul2025 20:09:29.276] [main/WARN] [net.minecraft.server.packs.VanillaPackResourcesBuilder/]: Assets URL 'union:/workspaces/Server-FPZ/servidor_minecraft/libraries/net/minecraft/server/1.20.1-20230612.114412/server-1.20.1-20230612.114412-srg.jar%23443!/assets/.mcassetsroot' uses unexpected schema
[14Jul2025 20:09:29.277] [main/WARN] [net.minecraft.server.packs.VanillaPackResourcesBuilder/]: Assets URL 'union:/workspaces/Server-FPZ/servidor_minecraft/libraries/net/minecraft/server/1.20.1-20230612.114412/server-1.20.1-20230612.114412-srg.jar%23443!/data/.mcassetsroot' uses unexpected schema
[14Jul2025 20:09:29.284] [main/WARN] [io.redspace.ironsspellbooks.IronsSpellbooks/]: DataFixLevelStorageSourceMixin failed to load ./world/level.dat, ./world/level.dat (No such file or directory)
[14Jul2025 20:09:29.412] [main/INFO] [net.minecraft.server.MinecraftServer/]: Found new data pack T&T Waystone Patch Pack, loading it automatically
[14Jul2025 20:09:29.412] [main/INFO] [net.minecraft.server.MinecraftServer/]: Found new data pack builtin/aether_accessories, loading it automatically
[14Jul2025 20:09:29.505] [main/ERROR] [net.minecraft.Util/]: Invalid path in pack: fokastudio:worldgen/biome/README.md, ignoring
[14Jul2025 20:09:30.672] [main/INFO] [bettervillage/]: StructureSet modified for minecraft:village : Now using custom village configuration (can be disabled in the better villages config: boolean.villages.enabled_custom_config).
[14Jul2025 20:09:32.223] [main/WARN] [io.redspace.ironsspellbooks.IronsSpellbooks/]: DataFixLevelStorageSourceMixin failed to load ./world/level.dat, ./world/level.dat (No such file or directory)
[14Jul2025 20:09:32.224] [main/WARN] [net.minecraft.server.dedicated.DedicatedServerProperties/]: Failed to parse level-type minecraft:biomesoplenty, defaulting to minecraft:normal
[14Jul2025 20:09:32.808] [main/INFO] [com.github.alexthe666.alexsmobs.AlexsMobs/]: Adding datapack listener capsid_recipes
[14Jul2025 20:09:33.115] [Worker-Main-3/WARN] [artifacts.Artifacts/]: Tag entries for curios:tags/items/magic_book.json cleared by tombstone-1.20.1-9.0.2.jar
[14Jul2025 20:09:34.424] [Worker-Main-1/INFO] [dev.foxgirl.crabclaws.CrabclawsMod/]: Added crab claw loot pool to minecraft:chests/underwater_ruin_small
[14Jul2025 20:09:34.481] [Worker-Main-1/ERROR] [net.minecraftforge.common.ForgeHooks/]: Couldn't parse element loot_tables:touhou_little_maid:grant_book_on_first_join
com.google.gson.JsonSyntaxException: Expected name to be an item, was unknown string 'patchouli:guide_book'
	at net.minecraft.util.GsonHelper.m_13866_(GsonHelper.java:145) ~[server-1.20.1-20230612.114412-srg.jar%23443!/:?]
	at java.util.Optional.orElseThrow(Optional.java:403) ~[?:?]
	at net.minecraft.util.GsonHelper.m_13874_(GsonHelper.java:145) ~[server-1.20.1-20230612.114412-srg.jar%23443!/:?]
	at net.minecraft.util.GsonHelper.m_13909_(GsonHelper.java:153) ~[server-1.20.1-20230612.114412-srg.jar%23443!/:?]
	at net.minecraft.world.level.storage.loot.entries.LootItem$Serializer.m_7267_(LootItem.java:55) ~[server-1.20.1-20230612.114412-srg.jar%23443!/:?]
	at net.minecraft.world.level.storage.loot.entries.LootItem$Serializer.m_7267_(LootItem.java:40) ~[server-1.20.1-20230612.114412-srg.jar%23443!/:?]
	at net.minecraft.world.level.storage.loot.entries.LootPoolSingletonContainer$Serializer.m_5921_(LootPoolSingletonContainer.java:151) ~[server-1.20.1-20230612.114412-srg.jar%23443!/:?]
	at net.minecraft.world.level.storage.loot.entries.LootPoolSingletonContainer$Serializer.m_5921_(LootPoolSingletonContainer.java:129) ~[server-1.20.1-20230612.114412-srg.jar%23443!/:?]
	at net.minecraft.world.level.storage.loot.entries.LootPoolEntryContainer$Serializer.m_7561_(LootPoolEntryContainer.java:86) ~[server-1.20.1-20230612.114412-srg.jar%23443!/:?]
	at net.minecraft.world.level.storage.loot.entries.LootPoolEntryContainer$Serializer.m_7561_(LootPoolEntryContainer.java:74) ~[server-1.20.1-20230612.114412-srg.jar%23443!/:?]
	at net.minecraft.world.level.storage.loot.GsonAdapterFactory$JsonAdapter.deserialize(GsonAdapterFactory.java:102) ~[server-1.20.1-20230612.114412-srg.jar%23443!/:?]
	at com.google.gson.internal.bind.TreeTypeAdapter.read(TreeTypeAdapter.java:76) ~[gson-2.10.jar%2372!/:?]
	at com.google.gson.internal.bind.TypeAdapterRuntimeTypeWrapper.read(TypeAdapterRuntimeTypeWrapper.java:40) ~[gson-2.10.jar%2372!/:?]
	at com.google.gson.internal.bind.ArrayTypeAdapter.read(ArrayTypeAdapter.java:72) ~[gson-2.10.jar%2372!/:?]
	at com.google.gson.Gson.fromJson(Gson.java:1214) ~[gson-2.10.jar%2372!/:?]
	at com.google.gson.Gson.fromJson(Gson.java:1319) ~[gson-2.10.jar%2372!/:?]
	at com.google.gson.Gson.fromJson(Gson.java:1290) ~[gson-2.10.jar%2372!/:?]
	at com.google.gson.internal.bind.TreeTypeAdapter$GsonContextImpl.deserialize(TreeTypeAdapter.java:179) ~[gson-2.10.jar%2372!/:?]
	at net.minecraft.util.GsonHelper.m_13808_(GsonHelper.java:463) ~[server-1.20.1-20230612.114412-srg.jar%23443!/:?]
	at net.minecraft.util.GsonHelper.m_13836_(GsonHelper.java:471) ~[server-1.20.1-20230612.114412-srg.jar%23443!/:?]
	at net.minecraft.world.level.storage.loot.LootPool$Serializer.deserialize(LootPool.java:192) ~[server-1.20.1-20230612.114412-srg.jar%23443!/:?]
	at net.minecraft.world.level.storage.loot.LootPool$Serializer.deserialize(LootPool.java:189) ~[server-1.20.1-20230612.114412-srg.jar%23443!/:?]
	at com.google.gson.internal.bind.TreeTypeAdapter.read(TreeTypeAdapter.java:76) ~[gson-2.10.jar%2372!/:?]
	at com.google.gson.internal.bind.TypeAdapterRuntimeTypeWrapper.read(TypeAdapterRuntimeTypeWrapper.java:40) ~[gson-2.10.jar%2372!/:?]
	at com.google.gson.internal.bind.ArrayTypeAdapter.read(ArrayTypeAdapter.java:72) ~[gson-2.10.jar%2372!/:?]
	at com.google.gson.Gson.fromJson(Gson.java:1214) ~[gson-2.10.jar%2372!/:?]
	at com.google.gson.Gson.fromJson(Gson.java:1319) ~[gson-2.10.jar%2372!/:?]
	at com.google.gson.Gson.fromJson(Gson.java:1290) ~[gson-2.10.jar%2372!/:?]
	at com.google.gson.internal.bind.TreeTypeAdapter$GsonContextImpl.deserialize(TreeTypeAdapter.java:179) ~[gson-2.10.jar%2372!/:?]
	at net.minecraft.util.GsonHelper.m_13808_(GsonHelper.java:463) ~[server-1.20.1-20230612.114412-srg.jar%23443!/:?]
	at net.minecraft.util.GsonHelper.m_13845_(GsonHelper.java:481) ~[server-1.20.1-20230612.114412-srg.jar%23443!/:?]
	at net.minecraft.world.level.storage.loot.LootTable$Serializer.deserialize(LootTable.java:294) ~[server-1.20.1-20230612.114412-srg.jar%23443!/:?]
	at net.minecraft.world.level.storage.loot.LootTable$Serializer.deserialize(LootTable.java:291) ~[server-1.20.1-20230612.114412-srg.jar%23443!/:?]
	at com.google.gson.internal.bind.TreeTypeAdapter.read(TreeTypeAdapter.java:76) ~[gson-2.10.jar%2372!/:?]
	at com.google.gson.Gson.fromJson(Gson.java:1214) ~[gson-2.10.jar%2372!/:?]
	at com.google.gson.Gson.fromJson(Gson.java:1319) ~[gson-2.10.jar%2372!/:?]
	at com.google.gson.Gson.fromJson(Gson.java:1261) ~[gson-2.10.jar%2372!/:?]
	at net.minecraftforge.common.ForgeHooks.loadLootTable(ForgeHooks.java:871) ~[forge-1.20.1-47.4.0-universal.jar%23448!/:?]
	at net.minecraftforge.common.ForgeHooks.lambda$getLootTableDeserializer$3(ForgeHooks.java:848) ~[forge-1.20.1-47.4.0-universal.jar%23448!/:?]
	at net.minecraft.world.level.storage.loot.LootDataType.deserialize(LootDataType.java:45) ~[server-1.20.1-20230612.114412-srg.jar%23443!/:?]
	at net.minecraft.world.level.storage.loot.LootDataManager.lambda$scheduleElementParse$4(LootDataManager.java:56) ~[server-1.20.1-20230612.114412-srg.jar%23443!/:?]
	at java.util.HashMap.forEach(HashMap.java:1421) ~[?:?]
	at net.minecraft.world.level.storage.loot.LootDataManager.m_278660_(LootDataManager.java:55) ~[server-1.20.1-20230612.114412-srg.jar%23443!/:?]
	at java.util.concurrent.CompletableFuture$AsyncRun.run(CompletableFuture.java:1804) ~[?:?]
	at java.util.concurrent.CompletableFuture$AsyncRun.exec(CompletableFuture.java:1796) ~[?:?]
	at java.util.concurrent.ForkJoinTask.doExec(ForkJoinTask.java:373) ~[?:?]
	at java.util.concurrent.ForkJoinPool$WorkQueue.topLevelExec(ForkJoinPool.java:1182) ~[?:?]
	at java.util.concurrent.ForkJoinPool.scan(ForkJoinPool.java:1655) ~[?:?]
	at java.util.concurrent.ForkJoinPool.runWorker(ForkJoinPool.java:1622) ~[?:?]
	at java.util.concurrent.ForkJoinWorkerThread.run(ForkJoinWorkerThread.java:165) ~[?:?]
[14Jul2025 20:09:35.043] [Worker-Main-1/ERROR] [net.minecraftforge.common.ForgeHooks/]: Couldn't parse element loot_tables:naturalist:entities/tortoise
com.google.gson.JsonSyntaxException: Expected name to be an item, was unknown string 'minecraft:turtle_scute'
	at net.minecraft.util.GsonHelper.m_13866_(GsonHelper.java:145) ~[server-1.20.1-20230612.114412-srg.jar%23443!/:?]
	at java.util.Optional.orElseThrow(Optional.java:403) ~[?:?]
	at net.minecraft.util.GsonHelper.m_13874_(GsonHelper.java:145) ~[server-1.20.1-20230612.114412-srg.jar%23443!/:?]
	at net.minecraft.util.GsonHelper.m_13909_(GsonHelper.java:153) ~[server-1.20.1-20230612.114412-srg.jar%23443!/:?]
	at net.minecraft.world.level.storage.loot.entries.LootItem$Serializer.m_7267_(LootItem.java:55) ~[server-1.20.1-20230612.114412-srg.jar%23443!/:?]
	at net.minecraft.world.level.storage.loot.entries.LootItem$Serializer.m_7267_(LootItem.java:40) ~[server-1.20.1-20230612.114412-srg.jar%23443!/:?]
	at net.minecraft.world.level.storage.loot.entries.LootPoolSingletonContainer$Serializer.m_5921_(LootPoolSingletonContainer.java:151) ~[server-1.20.1-20230612.114412-srg.jar%23443!/:?]
	at net.minecraft.world.level.storage.loot.entries.LootPoolSingletonContainer$Serializer.m_5921_(LootPoolSingletonContainer.java:129) ~[server-1.20.1-20230612.114412-srg.jar%23443!/:?]
	at net.minecraft.world.level.storage.loot.entries.LootPoolEntryContainer$Serializer.m_7561_(LootPoolEntryContainer.java:86) ~[server-1.20.1-20230612.114412-srg.jar%23443!/:?]
	at net.minecraft.world.level.storage.loot.entries.LootPoolEntryContainer$Serializer.m_7561_(LootPoolEntryContainer.java:74) ~[server-1.20.1-20230612.114412-srg.jar%23443!/:?]
	at net.minecraft.world.level.storage.loot.GsonAdapterFactory$JsonAdapter.deserialize(GsonAdapterFactory.java:102) ~[server-1.20.1-20230612.114412-srg.jar%23443!/:?]
	at com.google.gson.internal.bind.TreeTypeAdapter.read(TreeTypeAdapter.java:76) ~[gson-2.10.jar%2372!/:?]
	at com.google.gson.internal.bind.TypeAdapterRuntimeTypeWrapper.read(TypeAdapterRuntimeTypeWrapper.java:40) ~[gson-2.10.jar%2372!/:?]
	at com.google.gson.internal.bind.ArrayTypeAdapter.read(ArrayTypeAdapter.java:72) ~[gson-2.10.jar%2372!/:?]
	at com.google.gson.Gson.fromJson(Gson.java:1214) ~[gson-2.10.jar%2372!/:?]
	at com.google.gson.Gson.fromJson(Gson.java:1319) ~[gson-2.10.jar%2372!/:?]
	at com.google.gson.Gson.fromJson(Gson.java:1290) ~[gson-2.10.jar%2372!/:?]
	at com.google.gson.internal.bind.TreeTypeAdapter$GsonContextImpl.deserialize(TreeTypeAdapter.java:179) ~[gson-2.10.jar%2372!/:?]
	at net.minecraft.util.GsonHelper.m_13808_(GsonHelper.java:463) ~[server-1.20.1-20230612.114412-srg.jar%23443!/:?]
	at net.minecraft.util.GsonHelper.m_13836_(GsonHelper.java:471) ~[server-1.20.1-20230612.114412-srg.jar%23443!/:?]
	at net.minecraft.world.level.storage.loot.LootPool$Serializer.deserialize(LootPool.java:192) ~[server-1.20.1-20230612.114412-srg.jar%23443!/:?]
	at net.minecraft.world.level.storage.loot.LootPool$Serializer.deserialize(LootPool.java:189) ~[server-1.20.1-20230612.114412-srg.jar%23443!/:?]
	at com.google.gson.internal.bind.TreeTypeAdapter.read(TreeTypeAdapter.java:76) ~[gson-2.10.jar%2372!/:?]
	at com.google.gson.internal.bind.TypeAdapterRuntimeTypeWrapper.read(TypeAdapterRuntimeTypeWrapper.java:40) ~[gson-2.10.jar%2372!/:?]
	at com.google.gson.internal.bind.ArrayTypeAdapter.read(ArrayTypeAdapter.java:72) ~[gson-2.10.jar%2372!/:?]
	at com.google.gson.Gson.fromJson(Gson.java:1214) ~[gson-2.10.jar%2372!/:?]
	at com.google.gson.Gson.fromJson(Gson.java:1319) ~[gson-2.10.jar%2372!/:?]
	at com.google.gson.Gson.fromJson(Gson.java:1290) ~[gson-2.10.jar%2372!/:?]
	at com.google.gson.internal.bind.TreeTypeAdapter$GsonContextImpl.deserialize(TreeTypeAdapter.java:179) ~[gson-2.10.jar%2372!/:?]
	at net.minecraft.util.GsonHelper.m_13808_(GsonHelper.java:463) ~[server-1.20.1-20230612.114412-srg.jar%23443!/:?]
	at net.minecraft.util.GsonHelper.m_13845_(GsonHelper.java:481) ~[server-1.20.1-20230612.114412-srg.jar%23443!/:?]
	at net.minecraft.world.level.storage.loot.LootTable$Serializer.deserialize(LootTable.java:294) ~[server-1.20.1-20230612.114412-srg.jar%23443!/:?]
	at net.minecraft.world.level.storage.loot.LootTable$Serializer.deserialize(LootTable.java:291) ~[server-1.20.1-20230612.114412-srg.jar%23443!/:?]
	at com.google.gson.internal.bind.TreeTypeAdapter.read(TreeTypeAdapter.java:76) ~[gson-2.10.jar%2372!/:?]
	at com.google.gson.Gson.fromJson(Gson.java:1214) ~[gson-2.10.jar%2372!/:?]
	at com.google.gson.Gson.fromJson(Gson.java:1319) ~[gson-2.10.jar%2372!/:?]
	at com.google.gson.Gson.fromJson(Gson.java:1261) ~[gson-2.10.jar%2372!/:?]
	at net.minecraftforge.common.ForgeHooks.loadLootTable(ForgeHooks.java:871) ~[forge-1.20.1-47.4.0-universal.jar%23448!/:?]
	at net.minecraftforge.common.ForgeHooks.lambda$getLootTableDeserializer$3(ForgeHooks.java:848) ~[forge-1.20.1-47.4.0-universal.jar%23448!/:?]
	at net.minecraft.world.level.storage.loot.LootDataType.deserialize(LootDataType.java:45) ~[server-1.20.1-20230612.114412-srg.jar%23443!/:?]
	at net.minecraft.world.level.storage.loot.LootDataManager.lambda$scheduleElementParse$4(LootDataManager.java:56) ~[server-1.20.1-20230612.114412-srg.jar%23443!/:?]
	at java.util.HashMap.forEach(HashMap.java:1421) ~[?:?]
	at net.minecraft.world.level.storage.loot.LootDataManager.m_278660_(LootDataManager.java:55) ~[server-1.20.1-20230612.114412-srg.jar%23443!/:?]
	at java.util.concurrent.CompletableFuture$AsyncRun.run(CompletableFuture.java:1804) ~[?:?]
	at java.util.concurrent.CompletableFuture$AsyncRun.exec(CompletableFuture.java:1796) ~[?:?]
	at java.util.concurrent.ForkJoinTask.doExec(ForkJoinTask.java:373) ~[?:?]
	at java.util.concurrent.ForkJoinPool$WorkQueue.topLevelExec(ForkJoinPool.java:1182) ~[?:?]
	at java.util.concurrent.ForkJoinPool.scan(ForkJoinPool.java:1655) ~[?:?]
	at java.util.concurrent.ForkJoinPool.runWorker(ForkJoinPool.java:1622) ~[?:?]
	at java.util.concurrent.ForkJoinWorkerThread.run(ForkJoinWorkerThread.java:165) ~[?:?]
[14Jul2025 20:09:35.967] [Worker-Main-1/ERROR] [net.minecraftforge.common.ForgeHooks/]: Couldn't parse element loot_tables:bygonenether:blocks/withered_blackstone_vertical_slab
java.lang.IllegalArgumentException: Can't find block bygonenether:withered_blackstone_vertical_slab
	at net.minecraft.world.level.storage.loot.predicates.LootItemBlockStatePropertyCondition$Serializer.m_81802_(LootItemBlockStatePropertyCondition.java:79) ~[server-1.20.1-20230612.114412-srg.jar%23443!/:?]
	at java.util.Optional.orElseThrow(Optional.java:403) ~[?:?]
	at net.minecraft.world.level.storage.loot.predicates.LootItemBlockStatePropertyCondition$Serializer.m_7561_(LootItemBlockStatePropertyCondition.java:79) ~[server-1.20.1-20230612.114412-srg.jar%23443!/:?]
	at net.minecraft.world.level.storage.loot.predicates.LootItemBlockStatePropertyCondition$Serializer.m_7561_(LootItemBlockStatePropertyCondition.java:68) ~[server-1.20.1-20230612.114412-srg.jar%23443!/:?]
	at net.minecraft.world.level.storage.loot.GsonAdapterFactory$JsonAdapter.deserialize(GsonAdapterFactory.java:102) ~[server-1.20.1-20230612.114412-srg.jar%23443!/:?]
	at com.google.gson.internal.bind.TreeTypeAdapter.read(TreeTypeAdapter.java:76) ~[gson-2.10.jar%2372!/:?]
	at com.google.gson.internal.bind.TypeAdapterRuntimeTypeWrapper.read(TypeAdapterRuntimeTypeWrapper.java:40) ~[gson-2.10.jar%2372!/:?]
	at com.google.gson.internal.bind.ArrayTypeAdapter.read(ArrayTypeAdapter.java:72) ~[gson-2.10.jar%2372!/:?]
	at com.google.gson.Gson.fromJson(Gson.java:1214) ~[gson-2.10.jar%2372!/:?]
	at com.google.gson.Gson.fromJson(Gson.java:1319) ~[gson-2.10.jar%2372!/:?]
	at com.google.gson.Gson.fromJson(Gson.java:1290) ~[gson-2.10.jar%2372!/:?]
	at com.google.gson.internal.bind.TreeTypeAdapter$GsonContextImpl.deserialize(TreeTypeAdapter.java:179) ~[gson-2.10.jar%2372!/:?]
	at net.minecraft.util.GsonHelper.m_13808_(GsonHelper.java:463) ~[server-1.20.1-20230612.114412-srg.jar%23443!/:?]
	at net.minecraft.util.GsonHelper.m_13845_(GsonHelper.java:481) ~[server-1.20.1-20230612.114412-srg.jar%23443!/:?]
	at net.minecraft.world.level.storage.loot.functions.LootItemConditionalFunction$Serializer.m_7561_(LootItemConditionalFunction.java:98) ~[server-1.20.1-20230612.114412-srg.jar%23443!/:?]
	at net.minecraft.world.level.storage.loot.functions.LootItemConditionalFunction$Serializer.m_7561_(LootItemConditionalFunction.java:88) ~[server-1.20.1-20230612.114412-srg.jar%23443!/:?]
	at net.minecraft.world.level.storage.loot.GsonAdapterFactory$JsonAdapter.deserialize(GsonAdapterFactory.java:102) ~[server-1.20.1-20230612.114412-srg.jar%23443!/:?]
	at com.google.gson.internal.bind.TreeTypeAdapter.read(TreeTypeAdapter.java:76) ~[gson-2.10.jar%2372!/:?]
	at com.google.gson.internal.bind.TypeAdapterRuntimeTypeWrapper.read(TypeAdapterRuntimeTypeWrapper.java:40) ~[gson-2.10.jar%2372!/:?]
	at com.google.gson.internal.bind.ArrayTypeAdapter.read(ArrayTypeAdapter.java:72) ~[gson-2.10.jar%2372!/:?]
	at com.google.gson.Gson.fromJson(Gson.java:1214) ~[gson-2.10.jar%2372!/:?]
	at com.google.gson.Gson.fromJson(Gson.java:1319) ~[gson-2.10.jar%2372!/:?]
	at com.google.gson.Gson.fromJson(Gson.java:1290) ~[gson-2.10.jar%2372!/:?]
	at com.google.gson.internal.bind.TreeTypeAdapter$GsonContextImpl.deserialize(TreeTypeAdapter.java:179) ~[gson-2.10.jar%2372!/:?]
	at net.minecraft.util.GsonHelper.m_13808_(GsonHelper.java:463) ~[server-1.20.1-20230612.114412-srg.jar%23443!/:?]
	at net.minecraft.util.GsonHelper.m_13845_(GsonHelper.java:481) ~[server-1.20.1-20230612.114412-srg.jar%23443!/:?]
	at net.minecraft.world.level.storage.loot.entries.LootPoolSingletonContainer$Serializer.m_5921_(LootPoolSingletonContainer.java:149) ~[server-1.20.1-20230612.114412-srg.jar%23443!/:?]
	at net.minecraft.world.level.storage.loot.entries.LootPoolSingletonContainer$Serializer.m_5921_(LootPoolSingletonContainer.java:129) ~[server-1.20.1-20230612.114412-srg.jar%23443!/:?]
	at net.minecraft.world.level.storage.loot.entries.LootPoolEntryContainer$Serializer.m_7561_(LootPoolEntryContainer.java:86) ~[server-1.20.1-20230612.114412-srg.jar%23443!/:?]
	at net.minecraft.world.level.storage.loot.entries.LootPoolEntryContainer$Serializer.m_7561_(LootPoolEntryContainer.java:74) ~[server-1.20.1-20230612.114412-srg.jar%23443!/:?]
	at net.minecraft.world.level.storage.loot.GsonAdapterFactory$JsonAdapter.deserialize(GsonAdapterFactory.java:102) ~[server-1.20.1-20230612.114412-srg.jar%23443!/:?]
	at com.google.gson.internal.bind.TreeTypeAdapter.read(TreeTypeAdapter.java:76) ~[gson-2.10.jar%2372!/:?]
	at com.google.gson.internal.bind.TypeAdapterRuntimeTypeWrapper.read(TypeAdapterRuntimeTypeWrapper.java:40) ~[gson-2.10.jar%2372!/:?]
	at com.google.gson.internal.bind.ArrayTypeAdapter.read(ArrayTypeAdapter.java:72) ~[gson-2.10.jar%2372!/:?]
	at com.google.gson.Gson.fromJson(Gson.java:1214) ~[gson-2.10.jar%2372!/:?]
	at com.google.gson.Gson.fromJson(Gson.java:1319) ~[gson-2.10.jar%2372!/:?]
	at com.google.gson.Gson.fromJson(Gson.java:1290) ~[gson-2.10.jar%2372!/:?]
	at com.google.gson.internal.bind.TreeTypeAdapter$GsonContextImpl.deserialize(TreeTypeAdapter.java:179) ~[gson-2.10.jar%2372!/:?]
	at net.minecraft.util.GsonHelper.m_13808_(GsonHelper.java:463) ~[server-1.20.1-20230612.114412-srg.jar%23443!/:?]
	at net.minecraft.util.GsonHelper.m_13836_(GsonHelper.java:471) ~[server-1.20.1-20230612.114412-srg.jar%23443!/:?]
	at net.minecraft.world.level.storage.loot.LootPool$Serializer.deserialize(LootPool.java:192) ~[server-1.20.1-20230612.114412-srg.jar%23443!/:?]
	at net.minecraft.world.level.storage.loot.LootPool$Serializer.deserialize(LootPool.java:189) ~[server-1.20.1-20230612.114412-srg.jar%23443!/:?]
	at com.google.gson.internal.bind.TreeTypeAdapter.read(TreeTypeAdapter.java:76) ~[gson-2.10.jar%2372!/:?]
	at com.google.gson.internal.bind.TypeAdapterRuntimeTypeWrapper.read(TypeAdapterRuntimeTypeWrapper.java:40) ~[gson-2.10.jar%2372!/:?]
	at com.google.gson.internal.bind.ArrayTypeAdapter.read(ArrayTypeAdapter.java:72) ~[gson-2.10.jar%2372!/:?]
	at com.google.gson.Gson.fromJson(Gson.java:1214) ~[gson-2.10.jar%2372!/:?]
	at com.google.gson.Gson.fromJson(Gson.java:1319) ~[gson-2.10.jar%2372!/:?]
	at com.google.gson.Gson.fromJson(Gson.java:1290) ~[gson-2.10.jar%2372!/:?]
	at com.google.gson.internal.bind.TreeTypeAdapter$GsonContextImpl.deserialize(TreeTypeAdapter.java:179) ~[gson-2.10.jar%2372!/:?]
	at net.minecraft.util.GsonHelper.m_13808_(GsonHelper.java:463) ~[server-1.20.1-20230612.114412-srg.jar%23443!/:?]
	at net.minecraft.util.GsonHelper.m_13845_(GsonHelper.java:481) ~[server-1.20.1-20230612.114412-srg.jar%23443!/:?]
	at net.minecraft.world.level.storage.loot.LootTable$Serializer.deserialize(LootTable.java:294) ~[server-1.20.1-20230612.114412-srg.jar%23443!/:?]
	at net.minecraft.world.level.storage.loot.LootTable$Serializer.deserialize(LootTable.java:291) ~[server-1.20.1-20230612.114412-srg.jar%23443!/:?]
	at com.google.gson.internal.bind.TreeTypeAdapter.read(TreeTypeAdapter.java:76) ~[gson-2.10.jar%2372!/:?]
	at com.google.gson.Gson.fromJson(Gson.java:1214) ~[gson-2.10.jar%2372!/:?]
	at com.google.gson.Gson.fromJson(Gson.java:1319) ~[gson-2.10.jar%2372!/:?]
	at com.google.gson.Gson.fromJson(Gson.java:1261) ~[gson-2.10.jar%2372!/:?]
	at net.minecraftforge.common.ForgeHooks.loadLootTable(ForgeHooks.java:871) ~[forge-1.20.1-47.4.0-universal.jar%23448!/:?]
	at net.minecraftforge.common.ForgeHooks.lambda$getLootTableDeserializer$3(ForgeHooks.java:848) ~[forge-1.20.1-47.4.0-universal.jar%23448!/:?]
	at net.minecraft.world.level.storage.loot.LootDataType.deserialize(LootDataType.java:45) ~[server-1.20.1-20230612.114412-srg.jar%23443!/:?]
	at net.minecraft.world.level.storage.loot.LootDataManager.lambda$scheduleElementParse$4(LootDataManager.java:56) ~[server-1.20.1-20230612.114412-srg.jar%23443!/:?]
	at java.util.HashMap.forEach(HashMap.java:1421) ~[?:?]
	at net.minecraft.world.level.storage.loot.LootDataManager.m_278660_(LootDataManager.java:55) ~[server-1.20.1-20230612.114412-srg.jar%23443!/:?]
	at java.util.concurrent.CompletableFuture$AsyncRun.run(CompletableFuture.java:1804) ~[?:?]
	at java.util.concurrent.CompletableFuture$AsyncRun.exec(CompletableFuture.java:1796) ~[?:?]
	at java.util.concurrent.ForkJoinTask.doExec(ForkJoinTask.java:373) ~[?:?]
	at java.util.concurrent.ForkJoinPool$WorkQueue.topLevelExec(ForkJoinPool.java:1182) ~[?:?]
	at java.util.concurrent.ForkJoinPool.scan(ForkJoinPool.java:1655) ~[?:?]
	at java.util.concurrent.ForkJoinPool.runWorker(ForkJoinPool.java:1622) ~[?:?]
	at java.util.concurrent.ForkJoinWorkerThread.run(ForkJoinWorkerThread.java:165) ~[?:?]
[14Jul2025 20:09:36.603] [Worker-Main-1/ERROR] [net.minecraftforge.common.ForgeHooks/]: Couldn't parse element loot_tables:bygonenether:blocks/cracked_withered_blackstone_vertical_slab
com.google.gson.JsonSyntaxException: Expected name to be an item, was unknown string 'bygonenether:cracked_withered_blackstone_vertical_slab'
	at net.minecraft.util.GsonHelper.m_13866_(GsonHelper.java:145) ~[server-1.20.1-20230612.114412-srg.jar%23443!/:?]
	at java.util.Optional.orElseThrow(Optional.java:403) ~[?:?]
	at net.minecraft.util.GsonHelper.m_13874_(GsonHelper.java:145) ~[server-1.20.1-20230612.114412-srg.jar%23443!/:?]
	at net.minecraft.util.GsonHelper.m_13909_(GsonHelper.java:153) ~[server-1.20.1-20230612.114412-srg.jar%23443!/:?]
	at net.minecraft.world.level.storage.loot.entries.LootItem$Serializer.m_7267_(LootItem.java:55) ~[server-1.20.1-20230612.114412-srg.jar%23443!/:?]
	at net.minecraft.world.level.storage.loot.entries.LootItem$Serializer.m_7267_(LootItem.java:40) ~[server-1.20.1-20230612.114412-srg.jar%23443!/:?]
	at net.minecraft.world.level.storage.loot.entries.LootPoolSingletonContainer$Serializer.m_5921_(LootPoolSingletonContainer.java:151) ~[server-1.20.1-20230612.114412-srg.jar%23443!/:?]
	at net.minecraft.world.level.storage.loot.entries.LootPoolSingletonContainer$Serializer.m_5921_(LootPoolSingletonContainer.java:129) ~[server-1.20.1-20230612.114412-srg.jar%23443!/:?]
	at net.minecraft.world.level.storage.loot.entries.LootPoolEntryContainer$Serializer.m_7561_(LootPoolEntryContainer.java:86) ~[server-1.20.1-20230612.114412-srg.jar%23443!/:?]
	at net.minecraft.world.level.storage.loot.entries.LootPoolEntryContainer$Serializer.m_7561_(LootPoolEntryContainer.java:74) ~[server-1.20.1-20230612.114412-srg.jar%23443!/:?]
	at net.minecraft.world.level.storage.loot.GsonAdapterFactory$JsonAdapter.deserialize(GsonAdapterFactory.java:102) ~[server-1.20.1-20230612.114412-srg.jar%23443!/:?]
	at com.google.gson.internal.bind.TreeTypeAdapter.read(TreeTypeAdapter.java:76) ~[gson-2.10.jar%2372!/:?]
	at com.google.gson.internal.bind.TypeAdapterRuntimeTypeWrapper.read(TypeAdapterRuntimeTypeWrapper.java:40) ~[gson-2.10.jar%2372!/:?]
	at com.google.gson.internal.bind.ArrayTypeAdapter.read(ArrayTypeAdapter.java:72) ~[gson-2.10.jar%2372!/:?]
	at com.google.gson.Gson.fromJson(Gson.java:1214) ~[gson-2.10.jar%2372!/:?]
	at com.google.gson.Gson.fromJson(Gson.java:1319) ~[gson-2.10.jar%2372!/:?]
	at com.google.gson.Gson.fromJson(Gson.java:1290) ~[gson-2.10.jar%2372!/:?]
	at com.google.gson.internal.bind.TreeTypeAdapter$GsonContextImpl.deserialize(TreeTypeAdapter.java:179) ~[gson-2.10.jar%2372!/:?]
	at net.minecraft.util.GsonHelper.m_13808_(GsonHelper.java:463) ~[server-1.20.1-20230612.114412-srg.jar%23443!/:?]
	at net.minecraft.util.GsonHelper.m_13836_(GsonHelper.java:471) ~[server-1.20.1-20230612.114412-srg.jar%23443!/:?]
	at net.minecraft.world.level.storage.loot.LootPool$Serializer.deserialize(LootPool.java:192) ~[server-1.20.1-20230612.114412-srg.jar%23443!/:?]
	at net.minecraft.world.level.storage.loot.LootPool$Serializer.deserialize(LootPool.java:189) ~[server-1.20.1-20230612.114412-srg.jar%23443!/:?]
	at com.google.gson.internal.bind.TreeTypeAdapter.read(TreeTypeAdapter.java:76) ~[gson-2.10.jar%2372!/:?]
	at com.google.gson.internal.bind.TypeAdapterRuntimeTypeWrapper.read(TypeAdapterRuntimeTypeWrapper.java:40) ~[gson-2.10.jar%2372!/:?]
	at com.google.gson.internal.bind.ArrayTypeAdapter.read(ArrayTypeAdapter.java:72) ~[gson-2.10.jar%2372!/:?]
	at com.google.gson.Gson.fromJson(Gson.java:1214) ~[gson-2.10.jar%2372!/:?]
	at com.google.gson.Gson.fromJson(Gson.java:1319) ~[gson-2.10.jar%2372!/:?]
	at com.google.gson.Gson.fromJson(Gson.java:1290) ~[gson-2.10.jar%2372!/:?]
	at com.google.gson.internal.bind.TreeTypeAdapter$GsonContextImpl.deserialize(TreeTypeAdapter.java:179) ~[gson-2.10.jar%2372!/:?]
	at net.minecraft.util.GsonHelper.m_13808_(GsonHelper.java:463) ~[server-1.20.1-20230612.114412-srg.jar%23443!/:?]
	at net.minecraft.util.GsonHelper.m_13845_(GsonHelper.java:481) ~[server-1.20.1-20230612.114412-srg.jar%23443!/:?]
	at net.minecraft.world.level.storage.loot.LootTable$Serializer.deserialize(LootTable.java:294) ~[server-1.20.1-20230612.114412-srg.jar%23443!/:?]
	at net.minecraft.world.level.storage.loot.LootTable$Serializer.deserialize(LootTable.java:291) ~[server-1.20.1-20230612.114412-srg.jar%23443!/:?]
	at com.google.gson.internal.bind.TreeTypeAdapter.read(TreeTypeAdapter.java:76) ~[gson-2.10.jar%2372!/:?]
	at com.google.gson.Gson.fromJson(Gson.java:1214) ~[gson-2.10.jar%2372!/:?]
	at com.google.gson.Gson.fromJson(Gson.java:1319) ~[gson-2.10.jar%2372!/:?]
	at com.google.gson.Gson.fromJson(Gson.java:1261) ~[gson-2.10.jar%2372!/:?]
	at net.minecraftforge.common.ForgeHooks.loadLootTable(ForgeHooks.java:871) ~[forge-1.20.1-47.4.0-universal.jar%23448!/:?]
	at net.minecraftforge.common.ForgeHooks.lambda$getLootTableDeserializer$3(ForgeHooks.java:848) ~[forge-1.20.1-47.4.0-universal.jar%23448!/:?]
	at net.minecraft.world.level.storage.loot.LootDataType.deserialize(LootDataType.java:45) ~[server-1.20.1-20230612.114412-srg.jar%23443!/:?]
	at net.minecraft.world.level.storage.loot.LootDataManager.lambda$scheduleElementParse$4(LootDataManager.java:56) ~[server-1.20.1-20230612.114412-srg.jar%23443!/:?]
	at java.util.HashMap.forEach(HashMap.java:1421) ~[?:?]
	at net.minecraft.world.level.storage.loot.LootDataManager.m_278660_(LootDataManager.java:55) ~[server-1.20.1-20230612.114412-srg.jar%23443!/:?]
	at java.util.concurrent.CompletableFuture$AsyncRun.run(CompletableFuture.java:1804) ~[?:?]
	at java.util.concurrent.CompletableFuture$AsyncRun.exec(CompletableFuture.java:1796) ~[?:?]
	at java.util.concurrent.ForkJoinTask.doExec(ForkJoinTask.java:373) ~[?:?]
	at java.util.concurrent.ForkJoinPool$WorkQueue.topLevelExec(ForkJoinPool.java:1182) ~[?:?]
	at java.util.concurrent.ForkJoinPool.scan(ForkJoinPool.java:1655) ~[?:?]
	at java.util.concurrent.ForkJoinPool.runWorker(ForkJoinPool.java:1622) ~[?:?]
	at java.util.concurrent.ForkJoinWorkerThread.run(ForkJoinWorkerThread.java:165) ~[?:?]
[14Jul2025 20:09:40.172] [Worker-Main-1/INFO] [dev.foxgirl.crabclaws.CrabclawsMod/]: Added crab claw loot pool to minecraft:chests/underwater_ruin_big
[14Jul2025 20:09:40.301] [Worker-Main-1/ERROR] [net.minecraftforge.common.ForgeHooks/]: Couldn't parse element loot_tables:bygonenether:blocks/warped_nether_brick_vertical_slab
java.lang.IllegalArgumentException: Can't find block bygonenether:warped_nether_brick_vertical_slab
	at net.minecraft.world.level.storage.loot.predicates.LootItemBlockStatePropertyCondition$Serializer.m_81802_(LootItemBlockStatePropertyCondition.java:79) ~[server-1.20.1-20230612.114412-srg.jar%23443!/:?]
	at java.util.Optional.orElseThrow(Optional.java:403) ~[?:?]
	at net.minecraft.world.level.storage.loot.predicates.LootItemBlockStatePropertyCondition$Serializer.m_7561_(LootItemBlockStatePropertyCondition.java:79) ~[server-1.20.1-20230612.114412-srg.jar%23443!/:?]
	at net.minecraft.world.level.storage.loot.predicates.LootItemBlockStatePropertyCondition$Serializer.m_7561_(LootItemBlockStatePropertyCondition.java:68) ~[server-1.20.1-20230612.114412-srg.jar%23443!/:?]
	at net.minecraft.world.level.storage.loot.GsonAdapterFactory$JsonAdapter.deserialize(GsonAdapterFactory.java:102) ~[server-1.20.1-20230612.114412-srg.jar%23443!/:?]
	at com.google.gson.internal.bind.TreeTypeAdapter.read(TreeTypeAdapter.java:76) ~[gson-2.10.jar%2372!/:?]
	at com.google.gson.internal.bind.TypeAdapterRuntimeTypeWrapper.read(TypeAdapterRuntimeTypeWrapper.java:40) ~[gson-2.10.jar%2372!/:?]
	at com.google.gson.internal.bind.ArrayTypeAdapter.read(ArrayTypeAdapter.java:72) ~[gson-2.10.jar%2372!/:?]
	at com.google.gson.Gson.fromJson(Gson.java:1214) ~[gson-2.10.jar%2372!/:?]
	at com.google.gson.Gson.fromJson(Gson.java:1319) ~[gson-2.10.jar%2372!/:?]
	at com.google.gson.Gson.fromJson(Gson.java:1290) ~[gson-2.10.jar%2372!/:?]
	at com.google.gson.internal.bind.TreeTypeAdapter$GsonContextImpl.deserialize(TreeTypeAdapter.java:179) ~[gson-2.10.jar%2372!/:?]
	at net.minecraft.util.GsonHelper.m_13808_(GsonHelper.java:463) ~[server-1.20.1-20230612.114412-srg.jar%23443!/:?]
	at net.minecraft.util.GsonHelper.m_13845_(GsonHelper.java:481) ~[server-1.20.1-20230612.114412-srg.jar%23443!/:?]
	at net.minecraft.world.level.storage.loot.functions.LootItemConditionalFunction$Serializer.m_7561_(LootItemConditionalFunction.java:98) ~[server-1.20.1-20230612.114412-srg.jar%23443!/:?]
	at net.minecraft.world.level.storage.loot.functions.LootItemConditionalFunction$Serializer.m_7561_(LootItemConditionalFunction.java:88) ~[server-1.20.1-20230612.114412-srg.jar%23443!/:?]
	at net.minecraft.world.level.storage.loot.GsonAdapterFactory$JsonAdapter.deserialize(GsonAdapterFactory.java:102) ~[server-1.20.1-20230612.114412-srg.jar%23443!/:?]
	at com.google.gson.internal.bind.TreeTypeAdapter.read(TreeTypeAdapter.java:76) ~[gson-2.10.jar%2372!/:?]
	at com.google.gson.internal.bind.TypeAdapterRuntimeTypeWrapper.read(TypeAdapterRuntimeTypeWrapper.java:40) ~[gson-2.10.jar%2372!/:?]
	at com.google.gson.internal.bind.ArrayTypeAdapter.read(ArrayTypeAdapter.java:72) ~[gson-2.10.jar%2372!/:?]
	at com.google.gson.Gson.fromJson(Gson.java:1214) ~[gson-2.10.jar%2372!/:?]
	at com.google.gson.Gson.fromJson(Gson.java:1319) ~[gson-2.10.jar%2372!/:?]
	at com.google.gson.Gson.fromJson(Gson.java:1290) ~[gson-2.10.jar%2372!/:?]
	at com.google.gson.internal.bind.TreeTypeAdapter$GsonContextImpl.deserialize(TreeTypeAdapter.java:179) ~[gson-2.10.jar%2372!/:?]
	at net.minecraft.util.GsonHelper.m_13808_(GsonHelper.java:463) ~[server-1.20.1-20230612.114412-srg.jar%23443!/:?]
	at net.minecraft.util.GsonHelper.m_13845_(GsonHelper.java:481) ~[server-1.20.1-20230612.114412-srg.jar%23443!/:?]
	at net.minecraft.world.level.storage.loot.entries.LootPoolSingletonContainer$Serializer.m_5921_(LootPoolSingletonContainer.java:149) ~[server-1.20.1-20230612.114412-srg.jar%23443!/:?]
	at net.minecraft.world.level.storage.loot.entries.LootPoolSingletonContainer$Serializer.m_5921_(LootPoolSingletonContainer.java:129) ~[server-1.20.1-20230612.114412-srg.jar%23443!/:?]
	at net.minecraft.world.level.storage.loot.entries.LootPoolEntryContainer$Serializer.m_7561_(LootPoolEntryContainer.java:86) ~[server-1.20.1-20230612.114412-srg.jar%23443!/:?]
	at net.minecraft.world.level.storage.loot.entries.LootPoolEntryContainer$Serializer.m_7561_(LootPoolEntryContainer.java:74) ~[server-1.20.1-20230612.114412-srg.jar%23443!/:?]
	at net.minecraft.world.level.storage.loot.GsonAdapterFactory$JsonAdapter.deserialize(GsonAdapterFactory.java:102) ~[server-1.20.1-20230612.114412-srg.jar%23443!/:?]
	at com.google.gson.internal.bind.TreeTypeAdapter.read(TreeTypeAdapter.java:76) ~[gson-2.10.jar%2372!/:?]
	at com.google.gson.internal.bind.TypeAdapterRuntimeTypeWrapper.read(TypeAdapterRuntimeTypeWrapper.java:40) ~[gson-2.10.jar%2372!/:?]
	at com.google.gson.internal.bind.ArrayTypeAdapter.read(ArrayTypeAdapter.java:72) ~[gson-2.10.jar%2372!/:?]
	at com.google.gson.Gson.fromJson(Gson.java:1214) ~[gson-2.10.jar%2372!/:?]
	at com.google.gson.Gson.fromJson(Gson.java:1319) ~[gson-2.10.jar%2372!/:?]
	at com.google.gson.Gson.fromJson(Gson.java:1290) ~[gson-2.10.jar%2372!/:?]
	at com.google.gson.internal.bind.TreeTypeAdapter$GsonContextImpl.deserialize(TreeTypeAdapter.java:179) ~[gson-2.10.jar%2372!/:?]
	at net.minecraft.util.GsonHelper.m_13808_(GsonHelper.java:463) ~[server-1.20.1-20230612.114412-srg.jar%23443!/:?]
	at net.minecraft.util.GsonHelper.m_13836_(GsonHelper.java:471) ~[server-1.20.1-20230612.114412-srg.jar%23443!/:?]
	at net.minecraft.world.level.storage.loot.LootPool$Serializer.deserialize(LootPool.java:192) ~[server-1.20.1-20230612.114412-srg.jar%23443!/:?]
	at net.minecraft.world.level.storage.loot.LootPool$Serializer.deserialize(LootPool.java:189) ~[server-1.20.1-20230612.114412-srg.jar%23443!/:?]
	at com.google.gson.internal.bind.TreeTypeAdapter.read(TreeTypeAdapter.java:76) ~[gson-2.10.jar%2372!/:?]
	at com.google.gson.internal.bind.TypeAdapterRuntimeTypeWrapper.read(TypeAdapterRuntimeTypeWrapper.java:40) ~[gson-2.10.jar%2372!/:?]
	at com.google.gson.internal.bind.ArrayTypeAdapter.read(ArrayTypeAdapter.java:72) ~[gson-2.10.jar%2372!/:?]
	at com.google.gson.Gson.fromJson(Gson.java:1214) ~[gson-2.10.jar%2372!/:?]
	at com.google.gson.Gson.fromJson(Gson.java:1319) ~[gson-2.10.jar%2372!/:?]
	at com.google.gson.Gson.fromJson(Gson.java:1290) ~[gson-2.10.jar%2372!/:?]
	at com.google.gson.internal.bind.TreeTypeAdapter$GsonContextImpl.deserialize(TreeTypeAdapter.java:179) ~[gson-2.10.jar%2372!/:?]
	at net.minecraft.util.GsonHelper.m_13808_(GsonHelper.java:463) ~[server-1.20.1-20230612.114412-srg.jar%23443!/:?]
	at net.minecraft.util.GsonHelper.m_13845_(GsonHelper.java:481) ~[server-1.20.1-20230612.114412-srg.jar%23443!/:?]
	at net.minecraft.world.level.storage.loot.LootTable$Serializer.deserialize(LootTable.java:294) ~[server-1.20.1-20230612.114412-srg.jar%23443!/:?]
	at net.minecraft.world.level.storage.loot.LootTable$Serializer.deserialize(LootTable.java:291) ~[server-1.20.1-20230612.114412-srg.jar%23443!/:?]
	at com.google.gson.internal.bind.TreeTypeAdapter.read(TreeTypeAdapter.java:76) ~[gson-2.10.jar%2372!/:?]
	at com.google.gson.Gson.fromJson(Gson.java:1214) ~[gson-2.10.jar%2372!/:?]
	at com.google.gson.Gson.fromJson(Gson.java:1319) ~[gson-2.10.jar%2372!/:?]
	at com.google.gson.Gson.fromJson(Gson.java:1261) ~[gson-2.10.jar%2372!/:?]
	at net.minecraftforge.common.ForgeHooks.loadLootTable(ForgeHooks.java:871) ~[forge-1.20.1-47.4.0-universal.jar%23448!/:?]
	at net.minecraftforge.common.ForgeHooks.lambda$getLootTableDeserializer$3(ForgeHooks.java:848) ~[forge-1.20.1-47.4.0-universal.jar%23448!/:?]
	at net.minecraft.world.level.storage.loot.LootDataType.deserialize(LootDataType.java:45) ~[server-1.20.1-20230612.114412-srg.jar%23443!/:?]
	at net.minecraft.world.level.storage.loot.LootDataManager.lambda$scheduleElementParse$4(LootDataManager.java:56) ~[server-1.20.1-20230612.114412-srg.jar%23443!/:?]
	at java.util.HashMap.forEach(HashMap.java:1421) ~[?:?]
	at net.minecraft.world.level.storage.loot.LootDataManager.m_278660_(LootDataManager.java:55) ~[server-1.20.1-20230612.114412-srg.jar%23443!/:?]
	at java.util.concurrent.CompletableFuture$AsyncRun.run(CompletableFuture.java:1804) ~[?:?]
	at java.util.concurrent.CompletableFuture$AsyncRun.exec(CompletableFuture.java:1796) ~[?:?]
	at java.util.concurrent.ForkJoinTask.doExec(ForkJoinTask.java:373) ~[?:?]
	at java.util.concurrent.ForkJoinPool$WorkQueue.topLevelExec(ForkJoinPool.java:1182) ~[?:?]
	at java.util.concurrent.ForkJoinPool.scan(ForkJoinPool.java:1655) ~[?:?]
	at java.util.concurrent.ForkJoinPool.runWorker(ForkJoinPool.java:1622) ~[?:?]
	at java.util.concurrent.ForkJoinWorkerThread.run(ForkJoinWorkerThread.java:165) ~[?:?]
[14Jul2025 20:09:41.408] [main/WARN] [net.minecraft.world.level.storage.loot.LootDataManager/]: Found loot table element validation problem in {loot_tables:alexsmobs:gameplay/seal_reward}.pools[0].entries[0]->{minecraft:gameplay/fishing/junk}.pools[1].condition[1]: Parameters [<parameter minecraft:origin>] are not provided in this context
[14Jul2025 20:09:41.491] [main/INFO] [net.minecraft.world.item.crafting.RecipeManager/]: Skipping loading recipe samurai_dynasty:tyr_samurai_chestplate as it's serializer returned null
[14Jul2025 20:09:41.507] [main/ERROR] [net.minecraft.world.item.crafting.RecipeManager/]: Parsing error loading recipe dawnoftimebuilder:grappling_hook
com.google.gson.JsonSyntaxException: Unknown item 'crittersandcompanions:grappling_hook'
	at net.minecraftforge.common.crafting.CraftingHelper.getItem(CraftingHelper.java:160) ~[forge-1.20.1-47.4.0-universal.jar%23448!/:?]
	at net.minecraftforge.common.crafting.CraftingHelper.getItemStack(CraftingHelper.java:186) ~[forge-1.20.1-47.4.0-universal.jar%23448!/:?]
	at net.minecraft.world.item.crafting.ShapedRecipe.m_151274_(ShapedRecipe.java:286) ~[server-1.20.1-20230612.114412-srg.jar%23443!/:?]
	at net.minecraft.world.item.crafting.ShapedRecipe$Serializer.m_6729_(ShapedRecipe.java:311) ~[server-1.20.1-20230612.114412-srg.jar%23443!/:?]
	at net.minecraft.world.item.crafting.ShapedRecipe$Serializer.m_6729_(ShapedRecipe.java:301) ~[server-1.20.1-20230612.114412-srg.jar%23443!/:?]
	at net.minecraftforge.common.extensions.IForgeRecipeSerializer.fromJson(IForgeRecipeSerializer.java:23) ~[forge-1.20.1-47.4.0-universal.jar%23448!/:?]
	at net.minecraft.world.item.crafting.RecipeManager.fromJson(RecipeManager.java:171) ~[server-1.20.1-20230612.114412-srg.jar%23443!/:?]
	at net.minecraft.world.item.crafting.RecipeManager.m_5787_(RecipeManager.java:67) ~[server-1.20.1-20230612.114412-srg.jar%23443!/:?]
	at net.minecraft.world.item.crafting.RecipeManager.m_5787_(RecipeManager.java:34) ~[server-1.20.1-20230612.114412-srg.jar%23443!/:?]
	at net.minecraft.server.packs.resources.SimplePreparableReloadListener.m_10789_(SimplePreparableReloadListener.java:13) ~[server-1.20.1-20230612.114412-srg.jar%23443!/:?]
	at java.util.concurrent.CompletableFuture$UniAccept.tryFire(CompletableFuture.java:718) ~[?:?]
	at java.util.concurrent.CompletableFuture$Completion.run(CompletableFuture.java:482) ~[?:?]
	at net.minecraft.server.packs.resources.SimpleReloadInstance.m_143940_(SimpleReloadInstance.java:69) ~[server-1.20.1-20230612.114412-srg.jar%23443!/:?]
	at net.minecraft.Util.m_214652_(Util.java:783) ~[server-1.20.1-20230612.114412-srg.jar%23443!/:?]
	at net.minecraft.Util.m_214679_(Util.java:772) ~[server-1.20.1-20230612.114412-srg.jar%23443!/:?]
	at net.minecraft.server.Main.main(Main.java:166) ~[server-1.20.1-20230612.114412-srg.jar%23443!/:?]
	at jdk.internal.reflect.NativeMethodAccessorImpl.invoke0(Native Method) ~[?:?]
	at jdk.internal.reflect.NativeMethodAccessorImpl.invoke(NativeMethodAccessorImpl.java:77) ~[?:?]
	at jdk.internal.reflect.DelegatingMethodAccessorImpl.invoke(DelegatingMethodAccessorImpl.java:43) ~[?:?]
	at java.lang.reflect.Method.invoke(Method.java:569) ~[?:?]
	at net.minecraftforge.fml.loading.targets.CommonLaunchHandler.runTarget(CommonLaunchHandler.java:111) ~[fmlloader-1.20.1-47.4.0.jar%2369!/:?]
	at net.minecraftforge.fml.loading.targets.CommonLaunchHandler.serverService(CommonLaunchHandler.java:103) ~[fmlloader-1.20.1-47.4.0.jar%2369!/:?]
	at net.minecraftforge.fml.loading.targets.CommonServerLaunchHandler.lambda$makeService$0(CommonServerLaunchHandler.java:27) ~[fmlloader-1.20.1-47.4.0.jar%2369!/:?]
	at cpw.mods.modlauncher.LaunchServiceHandlerDecorator.launch(LaunchServiceHandlerDecorator.java:30) ~[modlauncher-10.0.9.jar%2355!/:?]
	at cpw.mods.modlauncher.LaunchServiceHandler.launch(LaunchServiceHandler.java:53) ~[modlauncher-10.0.9.jar%2355!/:?]
	at cpw.mods.modlauncher.LaunchServiceHandler.launch(LaunchServiceHandler.java:71) ~[modlauncher-10.0.9.jar%2355!/:?]
	at cpw.mods.modlauncher.Launcher.run(Launcher.java:108) ~[modlauncher-10.0.9.jar%2355!/:?]
	at cpw.mods.modlauncher.Launcher.main(Launcher.java:78) ~[modlauncher-10.0.9.jar%2355!/:?]
	at cpw.mods.modlauncher.BootstrapLaunchConsumer.accept(BootstrapLaunchConsumer.java:26) ~[modlauncher-10.0.9.jar%2355!/:?]
	at cpw.mods.modlauncher.BootstrapLaunchConsumer.accept(BootstrapLaunchConsumer.java:23) ~[modlauncher-10.0.9.jar%2355!/:?]
	at cpw.mods.bootstraplauncher.BootstrapLauncher.main(BootstrapLauncher.java:141) ~[bootstraplauncher-1.1.2.jar:?]
[14Jul2025 20:09:41.535] [main/INFO] [net.minecraft.world.item.crafting.RecipeManager/]: Skipping loading recipe knightsnmages:smithing_unobtainium_helmet as it's serializer returned null
[14Jul2025 20:09:41.555] [main/INFO] [net.minecraft.world.item.crafting.RecipeManager/]: Skipping loading recipe samurai_dynasty:living_samruai_chestplate_array as it's serializer returned null
[14Jul2025 20:09:41.560] [main/ERROR] [net.minecraft.world.item.crafting.RecipeManager/]: Parsing error loading recipe relda:orcgear_2rec
com.google.gson.JsonSyntaxException: Unknown item 'relda:orcish_infantry_armor_chestplate'
	at net.minecraftforge.common.crafting.CraftingHelper.getItem(CraftingHelper.java:160) ~[forge-1.20.1-47.4.0-universal.jar%23448!/:?]
	at net.minecraftforge.common.crafting.CraftingHelper.getItemStack(CraftingHelper.java:186) ~[forge-1.20.1-47.4.0-universal.jar%23448!/:?]
	at net.minecraft.world.item.crafting.ShapedRecipe.m_151274_(ShapedRecipe.java:286) ~[server-1.20.1-20230612.114412-srg.jar%23443!/:?]
	at net.minecraft.world.item.crafting.ShapedRecipe$Serializer.m_6729_(ShapedRecipe.java:311) ~[server-1.20.1-20230612.114412-srg.jar%23443!/:?]
	at net.minecraft.world.item.crafting.ShapedRecipe$Serializer.m_6729_(ShapedRecipe.java:301) ~[server-1.20.1-20230612.114412-srg.jar%23443!/:?]
	at net.minecraftforge.common.extensions.IForgeRecipeSerializer.fromJson(IForgeRecipeSerializer.java:23) ~[forge-1.20.1-47.4.0-universal.jar%23448!/:?]
	at net.minecraft.world.item.crafting.RecipeManager.fromJson(RecipeManager.java:171) ~[server-1.20.1-20230612.114412-srg.jar%23443!/:?]
	at net.minecraft.world.item.crafting.RecipeManager.m_5787_(RecipeManager.java:67) ~[server-1.20.1-20230612.114412-srg.jar%23443!/:?]
	at net.minecraft.world.item.crafting.RecipeManager.m_5787_(RecipeManager.java:34) ~[server-1.20.1-20230612.114412-srg.jar%23443!/:?]
	at net.minecraft.server.packs.resources.SimplePreparableReloadListener.m_10789_(SimplePreparableReloadListener.java:13) ~[server-1.20.1-20230612.114412-srg.jar%23443!/:?]
	at java.util.concurrent.CompletableFuture$UniAccept.tryFire(CompletableFuture.java:718) ~[?:?]
	at java.util.concurrent.CompletableFuture$Completion.run(CompletableFuture.java:482) ~[?:?]
	at net.minecraft.server.packs.resources.SimpleReloadInstance.m_143940_(SimpleReloadInstance.java:69) ~[server-1.20.1-20230612.114412-srg.jar%23443!/:?]
	at net.minecraft.Util.m_214652_(Util.java:783) ~[server-1.20.1-20230612.114412-srg.jar%23443!/:?]
	at net.minecraft.Util.m_214679_(Util.java:772) ~[server-1.20.1-20230612.114412-srg.jar%23443!/:?]
	at net.minecraft.server.Main.main(Main.java:166) ~[server-1.20.1-20230612.114412-srg.jar%23443!/:?]
	at jdk.internal.reflect.NativeMethodAccessorImpl.invoke0(Native Method) ~[?:?]
	at jdk.internal.reflect.NativeMethodAccessorImpl.invoke(NativeMethodAccessorImpl.java:77) ~[?:?]
	at jdk.internal.reflect.DelegatingMethodAccessorImpl.invoke(DelegatingMethodAccessorImpl.java:43) ~[?:?]
	at java.lang.reflect.Method.invoke(Method.java:569) ~[?:?]
	at net.minecraftforge.fml.loading.targets.CommonLaunchHandler.runTarget(CommonLaunchHandler.java:111) ~[fmlloader-1.20.1-47.4.0.jar%2369!/:?]
	at net.minecraftforge.fml.loading.targets.CommonLaunchHandler.serverService(CommonLaunchHandler.java:103) ~[fmlloader-1.20.1-47.4.0.jar%2369!/:?]
	at net.minecraftforge.fml.loading.targets.CommonServerLaunchHandler.lambda$makeService$0(CommonServerLaunchHandler.java:27) ~[fmlloader-1.20.1-47.4.0.jar%2369!/:?]
	at cpw.mods.modlauncher.LaunchServiceHandlerDecorator.launch(LaunchServiceHandlerDecorator.java:30) ~[modlauncher-10.0.9.jar%2355!/:?]
	at cpw.mods.modlauncher.LaunchServiceHandler.launch(LaunchServiceHandler.java:53) ~[modlauncher-10.0.9.jar%2355!/:?]
	at cpw.mods.modlauncher.LaunchServiceHandler.launch(LaunchServiceHandler.java:71) ~[modlauncher-10.0.9.jar%2355!/:?]
	at cpw.mods.modlauncher.Launcher.run(Launcher.java:108) ~[modlauncher-10.0.9.jar%2355!/:?]
	at cpw.mods.modlauncher.Launcher.main(Launcher.java:78) ~[modlauncher-10.0.9.jar%2355!/:?]
	at cpw.mods.modlauncher.BootstrapLaunchConsumer.accept(BootstrapLaunchConsumer.java:26) ~[modlauncher-10.0.9.jar%2355!/:?]
	at cpw.mods.modlauncher.BootstrapLaunchConsumer.accept(BootstrapLaunchConsumer.java:23) ~[modlauncher-10.0.9.jar%2355!/:?]
	at cpw.mods.bootstraplauncher.BootstrapLauncher.main(BootstrapLauncher.java:141) ~[bootstraplauncher-1.1.2.jar:?]
[14Jul2025 20:09:41.562] [main/INFO] [net.minecraft.world.item.crafting.RecipeManager/]: Skipping loading recipe samurai_dynasty:draco_samurai_helmet as it's serializer returned null
[14Jul2025 20:09:41.575] [main/ERROR] [net.minecraft.world.item.crafting.RecipeManager/]: Parsing error loading recipe rpgsmw:bk
com.google.gson.JsonSyntaxException: Unknown item 'rpgsmw:deleted_mod_element'
	at net.minecraftforge.common.crafting.CraftingHelper.getItem(CraftingHelper.java:160) ~[forge-1.20.1-47.4.0-universal.jar%23448!/:?]
	at net.minecraftforge.common.crafting.CraftingHelper.getItemStack(CraftingHelper.java:186) ~[forge-1.20.1-47.4.0-universal.jar%23448!/:?]
	at net.minecraft.world.item.crafting.ShapedRecipe.m_151274_(ShapedRecipe.java:286) ~[server-1.20.1-20230612.114412-srg.jar%23443!/:?]
	at net.minecraft.world.item.crafting.ShapedRecipe$Serializer.m_6729_(ShapedRecipe.java:311) ~[server-1.20.1-20230612.114412-srg.jar%23443!/:?]
	at net.minecraft.world.item.crafting.ShapedRecipe$Serializer.m_6729_(ShapedRecipe.java:301) ~[server-1.20.1-20230612.114412-srg.jar%23443!/:?]
	at net.minecraftforge.common.extensions.IForgeRecipeSerializer.fromJson(IForgeRecipeSerializer.java:23) ~[forge-1.20.1-47.4.0-universal.jar%23448!/:?]
	at net.minecraft.world.item.crafting.RecipeManager.fromJson(RecipeManager.java:171) ~[server-1.20.1-20230612.114412-srg.jar%23443!/:?]
	at net.minecraft.world.item.crafting.RecipeManager.m_5787_(RecipeManager.java:67) ~[server-1.20.1-20230612.114412-srg.jar%23443!/:?]
	at net.minecraft.world.item.crafting.RecipeManager.m_5787_(RecipeManager.java:34) ~[server-1.20.1-20230612.114412-srg.jar%23443!/:?]
	at net.minecraft.server.packs.resources.SimplePreparableReloadListener.m_10789_(SimplePreparableReloadListener.java:13) ~[server-1.20.1-20230612.114412-srg.jar%23443!/:?]
	at java.util.concurrent.CompletableFuture$UniAccept.tryFire(CompletableFuture.java:718) ~[?:?]
	at java.util.concurrent.CompletableFuture$Completion.run(CompletableFuture.java:482) ~[?:?]
	at net.minecraft.server.packs.resources.SimpleReloadInstance.m_143940_(SimpleReloadInstance.java:69) ~[server-1.20.1-20230612.114412-srg.jar%23443!/:?]
	at net.minecraft.Util.m_214652_(Util.java:783) ~[server-1.20.1-20230612.114412-srg.jar%23443!/:?]
	at net.minecraft.Util.m_214679_(Util.java:772) ~[server-1.20.1-20230612.114412-srg.jar%23443!/:?]
	at net.minecraft.server.Main.main(Main.java:166) ~[server-1.20.1-20230612.114412-srg.jar%23443!/:?]
	at jdk.internal.reflect.NativeMethodAccessorImpl.invoke0(Native Method) ~[?:?]
	at jdk.internal.reflect.NativeMethodAccessorImpl.invoke(NativeMethodAccessorImpl.java:77) ~[?:?]
	at jdk.internal.reflect.DelegatingMethodAccessorImpl.invoke(DelegatingMethodAccessorImpl.java:43) ~[?:?]
	at java.lang.reflect.Method.invoke(Method.java:569) ~[?:?]
	at net.minecraftforge.fml.loading.targets.CommonLaunchHandler.runTarget(CommonLaunchHandler.java:111) ~[fmlloader-1.20.1-47.4.0.jar%2369!/:?]
	at net.minecraftforge.fml.loading.targets.CommonLaunchHandler.serverService(CommonLaunchHandler.java:103) ~[fmlloader-1.20.1-47.4.0.jar%2369!/:?]
	at net.minecraftforge.fml.loading.targets.CommonServerLaunchHandler.lambda$makeService$0(CommonServerLaunchHandler.java:27) ~[fmlloader-1.20.1-47.4.0.jar%2369!/:?]
	at cpw.mods.modlauncher.LaunchServiceHandlerDecorator.launch(LaunchServiceHandlerDecorator.java:30) ~[modlauncher-10.0.9.jar%2355!/:?]
	at cpw.mods.modlauncher.LaunchServiceHandler.launch(LaunchServiceHandler.java:53) ~[modlauncher-10.0.9.jar%2355!/:?]
	at cpw.mods.modlauncher.LaunchServiceHandler.launch(LaunchServiceHandler.java:71) ~[modlauncher-10.0.9.jar%2355!/:?]
	at cpw.mods.modlauncher.Launcher.run(Launcher.java:108) ~[modlauncher-10.0.9.jar%2355!/:?]
	at cpw.mods.modlauncher.Launcher.main(Launcher.java:78) ~[modlauncher-10.0.9.jar%2355!/:?]
	at cpw.mods.modlauncher.BootstrapLaunchConsumer.accept(BootstrapLaunchConsumer.java:26) ~[modlauncher-10.0.9.jar%2355!/:?]
	at cpw.mods.modlauncher.BootstrapLaunchConsumer.accept(BootstrapLaunchConsumer.java:23) ~[modlauncher-10.0.9.jar%2355!/:?]
	at cpw.mods.bootstraplauncher.BootstrapLauncher.main(BootstrapLauncher.java:141) ~[bootstraplauncher-1.1.2.jar:?]
[14Jul2025 20:09:41.611] [main/ERROR] [net.minecraft.world.item.crafting.RecipeManager/]: Parsing error loading recipe dungeons_and_combat:neptunium_leggings
com.google.gson.JsonSyntaxException: Unknown item 'aquaculture:neptunium_leggings'
	at net.minecraft.world.item.crafting.ShapedRecipe.m_151280_(ShapedRecipe.java:292) ~[server-1.20.1-20230612.114412-srg.jar%23443!/:?]
	at java.util.Optional.orElseThrow(Optional.java:403) ~[?:?]
	at net.minecraft.world.item.crafting.ShapedRecipe.m_151278_(ShapedRecipe.java:291) ~[server-1.20.1-20230612.114412-srg.jar%23443!/:?]
	at net.minecraft.world.item.crafting.Ingredient.m_43919_(Ingredient.java:219) ~[server-1.20.1-20230612.114412-srg.jar%23443!/:?]
	at net.minecraftforge.common.crafting.VanillaIngredientSerializer.parse(VanillaIngredientSerializer.java:27) ~[forge-1.20.1-47.4.0-universal.jar%23448!/:?]
	at net.minecraftforge.common.crafting.CraftingHelper.getIngredient(CraftingHelper.java:148) ~[forge-1.20.1-47.4.0-universal.jar%23448!/:?]
	at net.minecraft.world.item.crafting.Ingredient.m_288218_(Ingredient.java:194) ~[server-1.20.1-20230612.114412-srg.jar%23443!/:?]
	at net.minecraft.world.item.crafting.Ingredient.m_43917_(Ingredient.java:189) ~[server-1.20.1-20230612.114412-srg.jar%23443!/:?]
	at net.minecraft.world.item.crafting.SmithingTransformRecipe$Serializer.m_6729_(SmithingTransformRecipe.java:74) ~[server-1.20.1-20230612.114412-srg.jar%23443!/:?]
	at net.minecraft.world.item.crafting.SmithingTransformRecipe$Serializer.m_6729_(SmithingTransformRecipe.java:71) ~[server-1.20.1-20230612.114412-srg.jar%23443!/:?]
	at net.minecraftforge.common.extensions.IForgeRecipeSerializer.fromJson(IForgeRecipeSerializer.java:23) ~[forge-1.20.1-47.4.0-universal.jar%23448!/:?]
	at net.minecraft.world.item.crafting.RecipeManager.fromJson(RecipeManager.java:171) ~[server-1.20.1-20230612.114412-srg.jar%23443!/:?]
	at net.minecraft.world.item.crafting.RecipeManager.m_5787_(RecipeManager.java:67) ~[server-1.20.1-20230612.114412-srg.jar%23443!/:?]
	at net.minecraft.world.item.crafting.RecipeManager.m_5787_(RecipeManager.java:34) ~[server-1.20.1-20230612.114412-srg.jar%23443!/:?]
	at net.minecraft.server.packs.resources.SimplePreparableReloadListener.m_10789_(SimplePreparableReloadListener.java:13) ~[server-1.20.1-20230612.114412-srg.jar%23443!/:?]
	at java.util.concurrent.CompletableFuture$UniAccept.tryFire(CompletableFuture.java:718) ~[?:?]
	at java.util.concurrent.CompletableFuture$Completion.run(CompletableFuture.java:482) ~[?:?]
	at net.minecraft.server.packs.resources.SimpleReloadInstance.m_143940_(SimpleReloadInstance.java:69) ~[server-1.20.1-20230612.114412-srg.jar%23443!/:?]
	at net.minecraft.Util.m_214652_(Util.java:783) ~[server-1.20.1-20230612.114412-srg.jar%23443!/:?]
	at net.minecraft.Util.m_214679_(Util.java:772) ~[server-1.20.1-20230612.114412-srg.jar%23443!/:?]
	at net.minecraft.server.Main.main(Main.java:166) ~[server-1.20.1-20230612.114412-srg.jar%23443!/:?]
	at jdk.internal.reflect.NativeMethodAccessorImpl.invoke0(Native Method) ~[?:?]
	at jdk.internal.reflect.NativeMethodAccessorImpl.invoke(NativeMethodAccessorImpl.java:77) ~[?:?]
	at jdk.internal.reflect.DelegatingMethodAccessorImpl.invoke(DelegatingMethodAccessorImpl.java:43) ~[?:?]
	at java.lang.reflect.Method.invoke(Method.java:569) ~[?:?]
	at net.minecraftforge.fml.loading.targets.CommonLaunchHandler.runTarget(CommonLaunchHandler.java:111) ~[fmlloader-1.20.1-47.4.0.jar%2369!/:?]
	at net.minecraftforge.fml.loading.targets.CommonLaunchHandler.serverService(CommonLaunchHandler.java:103) ~[fmlloader-1.20.1-47.4.0.jar%2369!/:?]
	at net.minecraftforge.fml.loading.targets.CommonServerLaunchHandler.lambda$makeService$0(CommonServerLaunchHandler.java:27) ~[fmlloader-1.20.1-47.4.0.jar%2369!/:?]
	at cpw.mods.modlauncher.LaunchServiceHandlerDecorator.launch(LaunchServiceHandlerDecorator.java:30) ~[modlauncher-10.0.9.jar%2355!/:?]
	at cpw.mods.modlauncher.LaunchServiceHandler.launch(LaunchServiceHandler.java:53) ~[modlauncher-10.0.9.jar%2355!/:?]
	at cpw.mods.modlauncher.LaunchServiceHandler.launch(LaunchServiceHandler.java:71) ~[modlauncher-10.0.9.jar%2355!/:?]
	at cpw.mods.modlauncher.Launcher.run(Launcher.java:108) ~[modlauncher-10.0.9.jar%2355!/:?]
	at cpw.mods.modlauncher.Launcher.main(Launcher.java:78) ~[modlauncher-10.0.9.jar%2355!/:?]
	at cpw.mods.modlauncher.BootstrapLaunchConsumer.accept(BootstrapLaunchConsumer.java:26) ~[modlauncher-10.0.9.jar%2355!/:?]
	at cpw.mods.modlauncher.BootstrapLaunchConsumer.accept(BootstrapLaunchConsumer.java:23) ~[modlauncher-10.0.9.jar%2355!/:?]
	at cpw.mods.bootstraplauncher.BootstrapLauncher.main(BootstrapLauncher.java:141) ~[bootstraplauncher-1.1.2.jar:?]
[14Jul2025 20:09:41.651] [main/ERROR] [net.minecraft.world.item.crafting.RecipeManager/]: Parsing error loading recipe samurai_dynasty:samurai_guide
com.google.gson.JsonSyntaxException: Unknown item 'patchouli:guide_book'
	at net.minecraftforge.common.crafting.CraftingHelper.getItem(CraftingHelper.java:160) ~[forge-1.20.1-47.4.0-universal.jar%23448!/:?]
	at net.minecraftforge.common.crafting.CraftingHelper.getItemStack(CraftingHelper.java:186) ~[forge-1.20.1-47.4.0-universal.jar%23448!/:?]
	at net.minecraft.world.item.crafting.ShapedRecipe.m_151274_(ShapedRecipe.java:286) ~[server-1.20.1-20230612.114412-srg.jar%23443!/:?]
	at net.minecraft.world.item.crafting.ShapedRecipe$Serializer.m_6729_(ShapedRecipe.java:311) ~[server-1.20.1-20230612.114412-srg.jar%23443!/:?]
	at net.minecraft.world.item.crafting.ShapedRecipe$Serializer.m_6729_(ShapedRecipe.java:301) ~[server-1.20.1-20230612.114412-srg.jar%23443!/:?]
	at net.minecraftforge.common.extensions.IForgeRecipeSerializer.fromJson(IForgeRecipeSerializer.java:23) ~[forge-1.20.1-47.4.0-universal.jar%23448!/:?]
	at net.minecraft.world.item.crafting.RecipeManager.fromJson(RecipeManager.java:171) ~[server-1.20.1-20230612.114412-srg.jar%23443!/:?]
	at net.minecraft.world.item.crafting.RecipeManager.m_5787_(RecipeManager.java:67) ~[server-1.20.1-20230612.114412-srg.jar%23443!/:?]
	at net.minecraft.world.item.crafting.RecipeManager.m_5787_(RecipeManager.java:34) ~[server-1.20.1-20230612.114412-srg.jar%23443!/:?]
	at net.minecraft.server.packs.resources.SimplePreparableReloadListener.m_10789_(SimplePreparableReloadListener.java:13) ~[server-1.20.1-20230612.114412-srg.jar%23443!/:?]
	at java.util.concurrent.CompletableFuture$UniAccept.tryFire(CompletableFuture.java:718) ~[?:?]
	at java.util.concurrent.CompletableFuture$Completion.run(CompletableFuture.java:482) ~[?:?]
	at net.minecraft.server.packs.resources.SimpleReloadInstance.m_143940_(SimpleReloadInstance.java:69) ~[server-1.20.1-20230612.114412-srg.jar%23443!/:?]
	at net.minecraft.Util.m_214652_(Util.java:783) ~[server-1.20.1-20230612.114412-srg.jar%23443!/:?]
	at net.minecraft.Util.m_214679_(Util.java:772) ~[server-1.20.1-20230612.114412-srg.jar%23443!/:?]
	at net.minecraft.server.Main.main(Main.java:166) ~[server-1.20.1-20230612.114412-srg.jar%23443!/:?]
	at jdk.internal.reflect.NativeMethodAccessorImpl.invoke0(Native Method) ~[?:?]
	at jdk.internal.reflect.NativeMethodAccessorImpl.invoke(NativeMethodAccessorImpl.java:77) ~[?:?]
	at jdk.internal.reflect.DelegatingMethodAccessorImpl.invoke(DelegatingMethodAccessorImpl.java:43) ~[?:?]
	at java.lang.reflect.Method.invoke(Method.java:569) ~[?:?]
	at net.minecraftforge.fml.loading.targets.CommonLaunchHandler.runTarget(CommonLaunchHandler.java:111) ~[fmlloader-1.20.1-47.4.0.jar%2369!/:?]
	at net.minecraftforge.fml.loading.targets.CommonLaunchHandler.serverService(CommonLaunchHandler.java:103) ~[fmlloader-1.20.1-47.4.0.jar%2369!/:?]
	at net.minecraftforge.fml.loading.targets.CommonServerLaunchHandler.lambda$makeService$0(CommonServerLaunchHandler.java:27) ~[fmlloader-1.20.1-47.4.0.jar%2369!/:?]
	at cpw.mods.modlauncher.LaunchServiceHandlerDecorator.launch(LaunchServiceHandlerDecorator.java:30) ~[modlauncher-10.0.9.jar%2355!/:?]
	at cpw.mods.modlauncher.LaunchServiceHandler.launch(LaunchServiceHandler.java:53) ~[modlauncher-10.0.9.jar%2355!/:?]
	at cpw.mods.modlauncher.LaunchServiceHandler.launch(LaunchServiceHandler.java:71) ~[modlauncher-10.0.9.jar%2355!/:?]
	at cpw.mods.modlauncher.Launcher.run(Launcher.java:108) ~[modlauncher-10.0.9.jar%2355!/:?]
	at cpw.mods.modlauncher.Launcher.main(Launcher.java:78) ~[modlauncher-10.0.9.jar%2355!/:?]
	at cpw.mods.modlauncher.BootstrapLaunchConsumer.accept(BootstrapLaunchConsumer.java:26) ~[modlauncher-10.0.9.jar%2355!/:?]
	at cpw.mods.modlauncher.BootstrapLaunchConsumer.accept(BootstrapLaunchConsumer.java:23) ~[modlauncher-10.0.9.jar%2355!/:?]
	at cpw.mods.bootstraplauncher.BootstrapLauncher.main(BootstrapLauncher.java:141) ~[bootstraplauncher-1.1.2.jar:?]
[14Jul2025 20:09:41.662] [main/ERROR] [net.minecraft.world.item.crafting.RecipeManager/]: Parsing error loading recipe dungeons_and_combat:dark_metal_boots
com.google.gson.JsonSyntaxException: Unknown item 'born_in_chaos_v1:dark_metal_armor_boots'
	at net.minecraft.world.item.crafting.ShapedRecipe.m_151280_(ShapedRecipe.java:292) ~[server-1.20.1-20230612.114412-srg.jar%23443!/:?]
	at java.util.Optional.orElseThrow(Optional.java:403) ~[?:?]
	at net.minecraft.world.item.crafting.ShapedRecipe.m_151278_(ShapedRecipe.java:291) ~[server-1.20.1-20230612.114412-srg.jar%23443!/:?]
	at net.minecraft.world.item.crafting.Ingredient.m_43919_(Ingredient.java:219) ~[server-1.20.1-20230612.114412-srg.jar%23443!/:?]
	at net.minecraftforge.common.crafting.VanillaIngredientSerializer.parse(VanillaIngredientSerializer.java:27) ~[forge-1.20.1-47.4.0-universal.jar%23448!/:?]
	at net.minecraftforge.common.crafting.CraftingHelper.getIngredient(CraftingHelper.java:148) ~[forge-1.20.1-47.4.0-universal.jar%23448!/:?]
	at net.minecraft.world.item.crafting.Ingredient.m_288218_(Ingredient.java:194) ~[server-1.20.1-20230612.114412-srg.jar%23443!/:?]
	at net.minecraft.world.item.crafting.Ingredient.m_43917_(Ingredient.java:189) ~[server-1.20.1-20230612.114412-srg.jar%23443!/:?]
	at net.minecraft.world.item.crafting.SmithingTransformRecipe$Serializer.m_6729_(SmithingTransformRecipe.java:74) ~[server-1.20.1-20230612.114412-srg.jar%23443!/:?]
	at net.minecraft.world.item.crafting.SmithingTransformRecipe$Serializer.m_6729_(SmithingTransformRecipe.java:71) ~[server-1.20.1-20230612.114412-srg.jar%23443!/:?]
	at net.minecraftforge.common.extensions.IForgeRecipeSerializer.fromJson(IForgeRecipeSerializer.java:23) ~[forge-1.20.1-47.4.0-universal.jar%23448!/:?]
	at net.minecraft.world.item.crafting.RecipeManager.fromJson(RecipeManager.java:171) ~[server-1.20.1-20230612.114412-srg.jar%23443!/:?]
	at net.minecraft.world.item.crafting.RecipeManager.m_5787_(RecipeManager.java:67) ~[server-1.20.1-20230612.114412-srg.jar%23443!/:?]
	at net.minecraft.world.item.crafting.RecipeManager.m_5787_(RecipeManager.java:34) ~[server-1.20.1-20230612.114412-srg.jar%23443!/:?]
	at net.minecraft.server.packs.resources.SimplePreparableReloadListener.m_10789_(SimplePreparableReloadListener.java:13) ~[server-1.20.1-20230612.114412-srg.jar%23443!/:?]
	at java.util.concurrent.CompletableFuture$UniAccept.tryFire(CompletableFuture.java:718) ~[?:?]
	at java.util.concurrent.CompletableFuture$Completion.run(CompletableFuture.java:482) ~[?:?]
	at net.minecraft.server.packs.resources.SimpleReloadInstance.m_143940_(SimpleReloadInstance.java:69) ~[server-1.20.1-20230612.114412-srg.jar%23443!/:?]
	at net.minecraft.Util.m_214652_(Util.java:783) ~[server-1.20.1-20230612.114412-srg.jar%23443!/:?]
	at net.minecraft.Util.m_214679_(Util.java:772) ~[server-1.20.1-20230612.114412-srg.jar%23443!/:?]
	at net.minecraft.server.Main.main(Main.java:166) ~[server-1.20.1-20230612.114412-srg.jar%23443!/:?]
	at jdk.internal.reflect.NativeMethodAccessorImpl.invoke0(Native Method) ~[?:?]
	at jdk.internal.reflect.NativeMethodAccessorImpl.invoke(NativeMethodAccessorImpl.java:77) ~[?:?]
	at jdk.internal.reflect.DelegatingMethodAccessorImpl.invoke(DelegatingMethodAccessorImpl.java:43) ~[?:?]
	at java.lang.reflect.Method.invoke(Method.java:569) ~[?:?]
	at net.minecraftforge.fml.loading.targets.CommonLaunchHandler.runTarget(CommonLaunchHandler.java:111) ~[fmlloader-1.20.1-47.4.0.jar%2369!/:?]
	at net.minecraftforge.fml.loading.targets.CommonLaunchHandler.serverService(CommonLaunchHandler.java:103) ~[fmlloader-1.20.1-47.4.0.jar%2369!/:?]
	at net.minecraftforge.fml.loading.targets.CommonServerLaunchHandler.lambda$makeService$0(CommonServerLaunchHandler.java:27) ~[fmlloader-1.20.1-47.4.0.jar%2369!/:?]
	at cpw.mods.modlauncher.LaunchServiceHandlerDecorator.launch(LaunchServiceHandlerDecorator.java:30) ~[modlauncher-10.0.9.jar%2355!/:?]
	at cpw.mods.modlauncher.LaunchServiceHandler.launch(LaunchServiceHandler.java:53) ~[modlauncher-10.0.9.jar%2355!/:?]
	at cpw.mods.modlauncher.LaunchServiceHandler.launch(LaunchServiceHandler.java:71) ~[modlauncher-10.0.9.jar%2355!/:?]
	at cpw.mods.modlauncher.Launcher.run(Launcher.java:108) ~[modlauncher-10.0.9.jar%2355!/:?]
	at cpw.mods.modlauncher.Launcher.main(Launcher.java:78) ~[modlauncher-10.0.9.jar%2355!/:?]
	at cpw.mods.modlauncher.BootstrapLaunchConsumer.accept(BootstrapLaunchConsumer.java:26) ~[modlauncher-10.0.9.jar%2355!/:?]
	at cpw.mods.modlauncher.BootstrapLaunchConsumer.accept(BootstrapLaunchConsumer.java:23) ~[modlauncher-10.0.9.jar%2355!/:?]
	at cpw.mods.bootstraplauncher.BootstrapLauncher.main(BootstrapLauncher.java:141) ~[bootstraplauncher-1.1.2.jar:?]
[14Jul2025 20:09:41.679] [main/INFO] [net.minecraft.world.item.crafting.RecipeManager/]: Skipping loading recipe knightsnmages:smithing_unobtainium_boots as it's serializer returned null
[14Jul2025 20:09:41.692] [main/INFO] [net.minecraft.world.item.crafting.RecipeManager/]: Skipping loading recipe toolbelt:pouch_upgrade_1_via_sewing as it's serializer returned null
[14Jul2025 20:09:41.693] [main/ERROR] [net.minecraft.world.item.crafting.RecipeManager/]: Parsing error loading recipe magistuarmoryaddon:darkblued_sallet_from_dark_gothic_helmet_darkening
com.google.gson.JsonSyntaxException: Invalid or unsupported recipe type 'minecraft:smithing'
	at net.minecraft.world.item.crafting.RecipeManager.m_220253_(RecipeManager.java:170) ~[server-1.20.1-20230612.114412-srg.jar%23443!/:?]
	at java.util.Optional.orElseThrow(Optional.java:403) ~[?:?]
	at net.minecraft.world.item.crafting.RecipeManager.fromJson(RecipeManager.java:169) ~[server-1.20.1-20230612.114412-srg.jar%23443!/:?]
	at net.minecraft.world.item.crafting.RecipeManager.m_5787_(RecipeManager.java:67) ~[server-1.20.1-20230612.114412-srg.jar%23443!/:?]
	at net.minecraft.world.item.crafting.RecipeManager.m_5787_(RecipeManager.java:34) ~[server-1.20.1-20230612.114412-srg.jar%23443!/:?]
	at net.minecraft.server.packs.resources.SimplePreparableReloadListener.m_10789_(SimplePreparableReloadListener.java:13) ~[server-1.20.1-20230612.114412-srg.jar%23443!/:?]
	at java.util.concurrent.CompletableFuture$UniAccept.tryFire(CompletableFuture.java:718) ~[?:?]
	at java.util.concurrent.CompletableFuture$Completion.run(CompletableFuture.java:482) ~[?:?]
	at net.minecraft.server.packs.resources.SimpleReloadInstance.m_143940_(SimpleReloadInstance.java:69) ~[server-1.20.1-20230612.114412-srg.jar%23443!/:?]
	at net.minecraft.Util.m_214652_(Util.java:783) ~[server-1.20.1-20230612.114412-srg.jar%23443!/:?]
	at net.minecraft.Util.m_214679_(Util.java:772) ~[server-1.20.1-20230612.114412-srg.jar%23443!/:?]
	at net.minecraft.server.Main.main(Main.java:166) ~[server-1.20.1-20230612.114412-srg.jar%23443!/:?]
	at jdk.internal.reflect.NativeMethodAccessorImpl.invoke0(Native Method) ~[?:?]
	at jdk.internal.reflect.NativeMethodAccessorImpl.invoke(NativeMethodAccessorImpl.java:77) ~[?:?]
	at jdk.internal.reflect.DelegatingMethodAccessorImpl.invoke(DelegatingMethodAccessorImpl.java:43) ~[?:?]
	at java.lang.reflect.Method.invoke(Method.java:569) ~[?:?]
	at net.minecraftforge.fml.loading.targets.CommonLaunchHandler.runTarget(CommonLaunchHandler.java:111) ~[fmlloader-1.20.1-47.4.0.jar%2369!/:?]
	at net.minecraftforge.fml.loading.targets.CommonLaunchHandler.serverService(CommonLaunchHandler.java:103) ~[fmlloader-1.20.1-47.4.0.jar%2369!/:?]
	at net.minecraftforge.fml.loading.targets.CommonServerLaunchHandler.lambda$makeService$0(CommonServerLaunchHandler.java:27) ~[fmlloader-1.20.1-47.4.0.jar%2369!/:?]
	at cpw.mods.modlauncher.LaunchServiceHandlerDecorator.launch(LaunchServiceHandlerDecorator.java:30) ~[modlauncher-10.0.9.jar%2355!/:?]
	at cpw.mods.modlauncher.LaunchServiceHandler.launch(LaunchServiceHandler.java:53) ~[modlauncher-10.0.9.jar%2355!/:?]
	at cpw.mods.modlauncher.LaunchServiceHandler.launch(LaunchServiceHandler.java:71) ~[modlauncher-10.0.9.jar%2355!/:?]
	at cpw.mods.modlauncher.Launcher.run(Launcher.java:108) ~[modlauncher-10.0.9.jar%2355!/:?]
	at cpw.mods.modlauncher.Launcher.main(Launcher.java:78) ~[modlauncher-10.0.9.jar%2355!/:?]
	at cpw.mods.modlauncher.BootstrapLaunchConsumer.accept(BootstrapLaunchConsumer.java:26) ~[modlauncher-10.0.9.jar%2355!/:?]
	at cpw.mods.modlauncher.BootstrapLaunchConsumer.accept(BootstrapLaunchConsumer.java:23) ~[modlauncher-10.0.9.jar%2355!/:?]
	at cpw.mods.bootstraplauncher.BootstrapLauncher.main(BootstrapLauncher.java:141) ~[bootstraplauncher-1.1.2.jar:?]
[14Jul2025 20:09:41.694] [main/INFO] [net.minecraft.world.item.crafting.RecipeManager/]: Skipping loading recipe twilightforest:jeed/frosted as it's serializer returned null
[14Jul2025 20:09:41.699] [main/ERROR] [net.minecraft.world.item.crafting.RecipeManager/]: Parsing error loading recipe rpgsmw:pb
com.google.gson.JsonSyntaxException: Unknown item 'rpgsmw:deleted_mod_element'
	at net.minecraftforge.common.crafting.CraftingHelper.getItem(CraftingHelper.java:160) ~[forge-1.20.1-47.4.0-universal.jar%23448!/:?]
	at net.minecraftforge.common.crafting.CraftingHelper.getItemStack(CraftingHelper.java:186) ~[forge-1.20.1-47.4.0-universal.jar%23448!/:?]
	at net.minecraft.world.item.crafting.ShapedRecipe.m_151274_(ShapedRecipe.java:286) ~[server-1.20.1-20230612.114412-srg.jar%23443!/:?]
	at net.minecraft.world.item.crafting.ShapedRecipe$Serializer.m_6729_(ShapedRecipe.java:311) ~[server-1.20.1-20230612.114412-srg.jar%23443!/:?]
	at net.minecraft.world.item.crafting.ShapedRecipe$Serializer.m_6729_(ShapedRecipe.java:301) ~[server-1.20.1-20230612.114412-srg.jar%23443!/:?]
	at net.minecraftforge.common.extensions.IForgeRecipeSerializer.fromJson(IForgeRecipeSerializer.java:23) ~[forge-1.20.1-47.4.0-universal.jar%23448!/:?]
	at net.minecraft.world.item.crafting.RecipeManager.fromJson(RecipeManager.java:171) ~[server-1.20.1-20230612.114412-srg.jar%23443!/:?]
	at net.minecraft.world.item.crafting.RecipeManager.m_5787_(RecipeManager.java:67) ~[server-1.20.1-20230612.114412-srg.jar%23443!/:?]
	at net.minecraft.world.item.crafting.RecipeManager.m_5787_(RecipeManager.java:34) ~[server-1.20.1-20230612.114412-srg.jar%23443!/:?]
	at net.minecraft.server.packs.resources.SimplePreparableReloadListener.m_10789_(SimplePreparableReloadListener.java:13) ~[server-1.20.1-20230612.114412-srg.jar%23443!/:?]
	at java.util.concurrent.CompletableFuture$UniAccept.tryFire(CompletableFuture.java:718) ~[?:?]
	at java.util.concurrent.CompletableFuture$Completion.run(CompletableFuture.java:482) ~[?:?]
	at net.minecraft.server.packs.resources.SimpleReloadInstance.m_143940_(SimpleReloadInstance.java:69) ~[server-1.20.1-20230612.114412-srg.jar%23443!/:?]
	at net.minecraft.Util.m_214652_(Util.java:783) ~[server-1.20.1-20230612.114412-srg.jar%23443!/:?]
	at net.minecraft.Util.m_214679_(Util.java:772) ~[server-1.20.1-20230612.114412-srg.jar%23443!/:?]
	at net.minecraft.server.Main.main(Main.java:166) ~[server-1.20.1-20230612.114412-srg.jar%23443!/:?]
	at jdk.internal.reflect.NativeMethodAccessorImpl.invoke0(Native Method) ~[?:?]
	at jdk.internal.reflect.NativeMethodAccessorImpl.invoke(NativeMethodAccessorImpl.java:77) ~[?:?]
	at jdk.internal.reflect.DelegatingMethodAccessorImpl.invoke(DelegatingMethodAccessorImpl.java:43) ~[?:?]
	at java.lang.reflect.Method.invoke(Method.java:569) ~[?:?]
	at net.minecraftforge.fml.loading.targets.CommonLaunchHandler.runTarget(CommonLaunchHandler.java:111) ~[fmlloader-1.20.1-47.4.0.jar%2369!/:?]
	at net.minecraftforge.fml.loading.targets.CommonLaunchHandler.serverService(CommonLaunchHandler.java:103) ~[fmlloader-1.20.1-47.4.0.jar%2369!/:?]
	at net.minecraftforge.fml.loading.targets.CommonServerLaunchHandler.lambda$makeService$0(CommonServerLaunchHandler.java:27) ~[fmlloader-1.20.1-47.4.0.jar%2369!/:?]
	at cpw.mods.modlauncher.LaunchServiceHandlerDecorator.launch(LaunchServiceHandlerDecorator.java:30) ~[modlauncher-10.0.9.jar%2355!/:?]
	at cpw.mods.modlauncher.LaunchServiceHandler.launch(LaunchServiceHandler.java:53) ~[modlauncher-10.0.9.jar%2355!/:?]
	at cpw.mods.modlauncher.LaunchServiceHandler.launch(LaunchServiceHandler.java:71) ~[modlauncher-10.0.9.jar%2355!/:?]
	at cpw.mods.modlauncher.Launcher.run(Launcher.java:108) ~[modlauncher-10.0.9.jar%2355!/:?]
	at cpw.mods.modlauncher.Launcher.main(Launcher.java:78) ~[modlauncher-10.0.9.jar%2355!/:?]
	at cpw.mods.modlauncher.BootstrapLaunchConsumer.accept(BootstrapLaunchConsumer.java:26) ~[modlauncher-10.0.9.jar%2355!/:?]
	at cpw.mods.modlauncher.BootstrapLaunchConsumer.accept(BootstrapLaunchConsumer.java:23) ~[modlauncher-10.0.9.jar%2355!/:?]
	at cpw.mods.bootstraplauncher.BootstrapLauncher.main(BootstrapLauncher.java:141) ~[bootstraplauncher-1.1.2.jar:?]
[14Jul2025 20:09:41.705] [main/ERROR] [net.minecraft.world.item.crafting.RecipeManager/]: Parsing error loading recipe dungeons_and_combat:neptunium_dagger_recipe
com.google.gson.JsonSyntaxException: Unknown item 'aquaculture:neptunium_ingot'
	at net.minecraft.world.item.crafting.ShapedRecipe.m_151280_(ShapedRecipe.java:292) ~[server-1.20.1-20230612.114412-srg.jar%23443!/:?]
	at java.util.Optional.orElseThrow(Optional.java:403) ~[?:?]
	at net.minecraft.world.item.crafting.ShapedRecipe.m_151278_(ShapedRecipe.java:291) ~[server-1.20.1-20230612.114412-srg.jar%23443!/:?]
	at net.minecraft.world.item.crafting.Ingredient.m_43919_(Ingredient.java:219) ~[server-1.20.1-20230612.114412-srg.jar%23443!/:?]
	at net.minecraftforge.common.crafting.VanillaIngredientSerializer.parse(VanillaIngredientSerializer.java:27) ~[forge-1.20.1-47.4.0-universal.jar%23448!/:?]
	at net.minecraftforge.common.crafting.CraftingHelper.getIngredient(CraftingHelper.java:148) ~[forge-1.20.1-47.4.0-universal.jar%23448!/:?]
	at net.minecraft.world.item.crafting.Ingredient.m_288218_(Ingredient.java:194) ~[server-1.20.1-20230612.114412-srg.jar%23443!/:?]
	at net.minecraft.world.item.crafting.ShapedRecipe.m_44210_(ShapedRecipe.java:278) ~[server-1.20.1-20230612.114412-srg.jar%23443!/:?]
	at net.minecraft.world.item.crafting.ShapedRecipe$Serializer.m_6729_(ShapedRecipe.java:306) ~[server-1.20.1-20230612.114412-srg.jar%23443!/:?]
	at net.minecraft.world.item.crafting.ShapedRecipe$Serializer.m_6729_(ShapedRecipe.java:301) ~[server-1.20.1-20230612.114412-srg.jar%23443!/:?]
	at net.minecraftforge.common.extensions.IForgeRecipeSerializer.fromJson(IForgeRecipeSerializer.java:23) ~[forge-1.20.1-47.4.0-universal.jar%23448!/:?]
	at net.minecraft.world.item.crafting.RecipeManager.fromJson(RecipeManager.java:171) ~[server-1.20.1-20230612.114412-srg.jar%23443!/:?]
	at net.minecraft.world.item.crafting.RecipeManager.m_5787_(RecipeManager.java:67) ~[server-1.20.1-20230612.114412-srg.jar%23443!/:?]
	at net.minecraft.world.item.crafting.RecipeManager.m_5787_(RecipeManager.java:34) ~[server-1.20.1-20230612.114412-srg.jar%23443!/:?]
	at net.minecraft.server.packs.resources.SimplePreparableReloadListener.m_10789_(SimplePreparableReloadListener.java:13) ~[server-1.20.1-20230612.114412-srg.jar%23443!/:?]
	at java.util.concurrent.CompletableFuture$UniAccept.tryFire(CompletableFuture.java:718) ~[?:?]
	at java.util.concurrent.CompletableFuture$Completion.run(CompletableFuture.java:482) ~[?:?]
	at net.minecraft.server.packs.resources.SimpleReloadInstance.m_143940_(SimpleReloadInstance.java:69) ~[server-1.20.1-20230612.114412-srg.jar%23443!/:?]
	at net.minecraft.Util.m_214652_(Util.java:783) ~[server-1.20.1-20230612.114412-srg.jar%23443!/:?]
	at net.minecraft.Util.m_214679_(Util.java:772) ~[server-1.20.1-20230612.114412-srg.jar%23443!/:?]
	at net.minecraft.server.Main.main(Main.java:166) ~[server-1.20.1-20230612.114412-srg.jar%23443!/:?]
	at jdk.internal.reflect.NativeMethodAccessorImpl.invoke0(Native Method) ~[?:?]
	at jdk.internal.reflect.NativeMethodAccessorImpl.invoke(NativeMethodAccessorImpl.java:77) ~[?:?]
	at jdk.internal.reflect.DelegatingMethodAccessorImpl.invoke(DelegatingMethodAccessorImpl.java:43) ~[?:?]
	at java.lang.reflect.Method.invoke(Method.java:569) ~[?:?]
	at net.minecraftforge.fml.loading.targets.CommonLaunchHandler.runTarget(CommonLaunchHandler.java:111) ~[fmlloader-1.20.1-47.4.0.jar%2369!/:?]
	at net.minecraftforge.fml.loading.targets.CommonLaunchHandler.serverService(CommonLaunchHandler.java:103) ~[fmlloader-1.20.1-47.4.0.jar%2369!/:?]
	at net.minecraftforge.fml.loading.targets.CommonServerLaunchHandler.lambda$makeService$0(CommonServerLaunchHandler.java:27) ~[fmlloader-1.20.1-47.4.0.jar%2369!/:?]
	at cpw.mods.modlauncher.LaunchServiceHandlerDecorator.launch(LaunchServiceHandlerDecorator.java:30) ~[modlauncher-10.0.9.jar%2355!/:?]
	at cpw.mods.modlauncher.LaunchServiceHandler.launch(LaunchServiceHandler.java:53) ~[modlauncher-10.0.9.jar%2355!/:?]
	at cpw.mods.modlauncher.LaunchServiceHandler.launch(LaunchServiceHandler.java:71) ~[modlauncher-10.0.9.jar%2355!/:?]
	at cpw.mods.modlauncher.Launcher.run(Launcher.java:108) ~[modlauncher-10.0.9.jar%2355!/:?]
	at cpw.mods.modlauncher.Launcher.main(Launcher.java:78) ~[modlauncher-10.0.9.jar%2355!/:?]
	at cpw.mods.modlauncher.BootstrapLaunchConsumer.accept(BootstrapLaunchConsumer.java:26) ~[modlauncher-10.0.9.jar%2355!/:?]
	at cpw.mods.modlauncher.BootstrapLaunchConsumer.accept(BootstrapLaunchConsumer.java:23) ~[modlauncher-10.0.9.jar%2355!/:?]
	at cpw.mods.bootstraplauncher.BootstrapLauncher.main(BootstrapLauncher.java:141) ~[bootstraplauncher-1.1.2.jar:?]
[14Jul2025 20:09:41.722] [main/INFO] [net.minecraft.world.item.crafting.RecipeManager/]: Skipping loading recipe samurai_dynasty:neptunium_samurai_chestplate as it's serializer returned null
[14Jul2025 20:09:41.724] [main/INFO] [net.minecraft.world.item.crafting.RecipeManager/]: Skipping loading recipe twilightforest:jeed/hunger as it's serializer returned null
[14Jul2025 20:09:41.726] [main/INFO] [net.minecraft.world.item.crafting.RecipeManager/]: Skipping loading recipe samurai_dynasty:sculk_samruai_helmet_smithing as it's serializer returned null
[14Jul2025 20:09:41.737] [main/ERROR] [net.minecraft.world.item.crafting.RecipeManager/]: Parsing error loading recipe magistuarmoryaddon:darkblued_armet_from_dark_knight_helmet_darkening
com.google.gson.JsonSyntaxException: Invalid or unsupported recipe type 'minecraft:smithing'
	at net.minecraft.world.item.crafting.RecipeManager.m_220253_(RecipeManager.java:170) ~[server-1.20.1-20230612.114412-srg.jar%23443!/:?]
	at java.util.Optional.orElseThrow(Optional.java:403) ~[?:?]
	at net.minecraft.world.item.crafting.RecipeManager.fromJson(RecipeManager.java:169) ~[server-1.20.1-20230612.114412-srg.jar%23443!/:?]
	at net.minecraft.world.item.crafting.RecipeManager.m_5787_(RecipeManager.java:67) ~[server-1.20.1-20230612.114412-srg.jar%23443!/:?]
	at net.minecraft.world.item.crafting.RecipeManager.m_5787_(RecipeManager.java:34) ~[server-1.20.1-20230612.114412-srg.jar%23443!/:?]
	at net.minecraft.server.packs.resources.SimplePreparableReloadListener.m_10789_(SimplePreparableReloadListener.java:13) ~[server-1.20.1-20230612.114412-srg.jar%23443!/:?]
	at java.util.concurrent.CompletableFuture$UniAccept.tryFire(CompletableFuture.java:718) ~[?:?]
	at java.util.concurrent.CompletableFuture$Completion.run(CompletableFuture.java:482) ~[?:?]
	at net.minecraft.server.packs.resources.SimpleReloadInstance.m_143940_(SimpleReloadInstance.java:69) ~[server-1.20.1-20230612.114412-srg.jar%23443!/:?]
	at net.minecraft.Util.m_214652_(Util.java:783) ~[server-1.20.1-20230612.114412-srg.jar%23443!/:?]
	at net.minecraft.Util.m_214679_(Util.java:772) ~[server-1.20.1-20230612.114412-srg.jar%23443!/:?]
	at net.minecraft.server.Main.main(Main.java:166) ~[server-1.20.1-20230612.114412-srg.jar%23443!/:?]
	at jdk.internal.reflect.NativeMethodAccessorImpl.invoke0(Native Method) ~[?:?]
	at jdk.internal.reflect.NativeMethodAccessorImpl.invoke(NativeMethodAccessorImpl.java:77) ~[?:?]
	at jdk.internal.reflect.DelegatingMethodAccessorImpl.invoke(DelegatingMethodAccessorImpl.java:43) ~[?:?]
	at java.lang.reflect.Method.invoke(Method.java:569) ~[?:?]
	at net.minecraftforge.fml.loading.targets.CommonLaunchHandler.runTarget(CommonLaunchHandler.java:111) ~[fmlloader-1.20.1-47.4.0.jar%2369!/:?]
	at net.minecraftforge.fml.loading.targets.CommonLaunchHandler.serverService(CommonLaunchHandler.java:103) ~[fmlloader-1.20.1-47.4.0.jar%2369!/:?]
	at net.minecraftforge.fml.loading.targets.CommonServerLaunchHandler.lambda$makeService$0(CommonServerLaunchHandler.java:27) ~[fmlloader-1.20.1-47.4.0.jar%2369!/:?]
	at cpw.mods.modlauncher.LaunchServiceHandlerDecorator.launch(LaunchServiceHandlerDecorator.java:30) ~[modlauncher-10.0.9.jar%2355!/:?]
	at cpw.mods.modlauncher.LaunchServiceHandler.launch(LaunchServiceHandler.java:53) ~[modlauncher-10.0.9.jar%2355!/:?]
	at cpw.mods.modlauncher.LaunchServiceHandler.launch(LaunchServiceHandler.java:71) ~[modlauncher-10.0.9.jar%2355!/:?]
	at cpw.mods.modlauncher.Launcher.run(Launcher.java:108) ~[modlauncher-10.0.9.jar%2355!/:?]
	at cpw.mods.modlauncher.Launcher.main(Launcher.java:78) ~[modlauncher-10.0.9.jar%2355!/:?]
	at cpw.mods.modlauncher.BootstrapLaunchConsumer.accept(BootstrapLaunchConsumer.java:26) ~[modlauncher-10.0.9.jar%2355!/:?]
	at cpw.mods.modlauncher.BootstrapLaunchConsumer.accept(BootstrapLaunchConsumer.java:23) ~[modlauncher-10.0.9.jar%2355!/:?]
	at cpw.mods.bootstraplauncher.BootstrapLauncher.main(BootstrapLauncher.java:141) ~[bootstraplauncher-1.1.2.jar:?]
[14Jul2025 20:09:41.769] [main/INFO] [net.minecraft.world.item.crafting.RecipeManager/]: Skipping loading recipe samurai_dynasty:tyr_samurai_boots as it's serializer returned null
[14Jul2025 20:09:41.772] [main/ERROR] [net.minecraft.world.item.crafting.RecipeManager/]: Parsing error loading recipe battle_arts:golden_taijian
com.google.gson.JsonSyntaxException: Invalid pattern: each row must be the same width
	at net.minecraft.world.item.crafting.ShapedRecipe.m_44196_(ShapedRecipe.java:256) ~[server-1.20.1-20230612.114412-srg.jar%23443!/:?]
	at net.minecraft.world.item.crafting.ShapedRecipe$Serializer.m_6729_(ShapedRecipe.java:307) ~[server-1.20.1-20230612.114412-srg.jar%23443!/:?]
	at net.minecraft.world.item.crafting.ShapedRecipe$Serializer.m_6729_(ShapedRecipe.java:301) ~[server-1.20.1-20230612.114412-srg.jar%23443!/:?]
	at net.minecraftforge.common.extensions.IForgeRecipeSerializer.fromJson(IForgeRecipeSerializer.java:23) ~[forge-1.20.1-47.4.0-universal.jar%23448!/:?]
	at net.minecraft.world.item.crafting.RecipeManager.fromJson(RecipeManager.java:171) ~[server-1.20.1-20230612.114412-srg.jar%23443!/:?]
	at net.minecraft.world.item.crafting.RecipeManager.m_5787_(RecipeManager.java:67) ~[server-1.20.1-20230612.114412-srg.jar%23443!/:?]
	at net.minecraft.world.item.crafting.RecipeManager.m_5787_(RecipeManager.java:34) ~[server-1.20.1-20230612.114412-srg.jar%23443!/:?]
	at net.minecraft.server.packs.resources.SimplePreparableReloadListener.m_10789_(SimplePreparableReloadListener.java:13) ~[server-1.20.1-20230612.114412-srg.jar%23443!/:?]
	at java.util.concurrent.CompletableFuture$UniAccept.tryFire(CompletableFuture.java:718) ~[?:?]
	at java.util.concurrent.CompletableFuture$Completion.run(CompletableFuture.java:482) ~[?:?]
	at net.minecraft.server.packs.resources.SimpleReloadInstance.m_143940_(SimpleReloadInstance.java:69) ~[server-1.20.1-20230612.114412-srg.jar%23443!/:?]
	at net.minecraft.Util.m_214652_(Util.java:783) ~[server-1.20.1-20230612.114412-srg.jar%23443!/:?]
	at net.minecraft.Util.m_214679_(Util.java:772) ~[server-1.20.1-20230612.114412-srg.jar%23443!/:?]
	at net.minecraft.server.Main.main(Main.java:166) ~[server-1.20.1-20230612.114412-srg.jar%23443!/:?]
	at jdk.internal.reflect.NativeMethodAccessorImpl.invoke0(Native Method) ~[?:?]
	at jdk.internal.reflect.NativeMethodAccessorImpl.invoke(NativeMethodAccessorImpl.java:77) ~[?:?]
	at jdk.internal.reflect.DelegatingMethodAccessorImpl.invoke(DelegatingMethodAccessorImpl.java:43) ~[?:?]
	at java.lang.reflect.Method.invoke(Method.java:569) ~[?:?]
	at net.minecraftforge.fml.loading.targets.CommonLaunchHandler.runTarget(CommonLaunchHandler.java:111) ~[fmlloader-1.20.1-47.4.0.jar%2369!/:?]
	at net.minecraftforge.fml.loading.targets.CommonLaunchHandler.serverService(CommonLaunchHandler.java:103) ~[fmlloader-1.20.1-47.4.0.jar%2369!/:?]
	at net.minecraftforge.fml.loading.targets.CommonServerLaunchHandler.lambda$makeService$0(CommonServerLaunchHandler.java:27) ~[fmlloader-1.20.1-47.4.0.jar%2369!/:?]
	at cpw.mods.modlauncher.LaunchServiceHandlerDecorator.launch(LaunchServiceHandlerDecorator.java:30) ~[modlauncher-10.0.9.jar%2355!/:?]
	at cpw.mods.modlauncher.LaunchServiceHandler.launch(LaunchServiceHandler.java:53) ~[modlauncher-10.0.9.jar%2355!/:?]
	at cpw.mods.modlauncher.LaunchServiceHandler.launch(LaunchServiceHandler.java:71) ~[modlauncher-10.0.9.jar%2355!/:?]
	at cpw.mods.modlauncher.Launcher.run(Launcher.java:108) ~[modlauncher-10.0.9.jar%2355!/:?]
	at cpw.mods.modlauncher.Launcher.main(Launcher.java:78) ~[modlauncher-10.0.9.jar%2355!/:?]
	at cpw.mods.modlauncher.BootstrapLaunchConsumer.accept(BootstrapLaunchConsumer.java:26) ~[modlauncher-10.0.9.jar%2355!/:?]
	at cpw.mods.modlauncher.BootstrapLaunchConsumer.accept(BootstrapLaunchConsumer.java:23) ~[modlauncher-10.0.9.jar%2355!/:?]
	at cpw.mods.bootstraplauncher.BootstrapLauncher.main(BootstrapLauncher.java:141) ~[bootstraplauncher-1.1.2.jar:?]
[14Jul2025 20:09:41.773] [main/INFO] [net.minecraft.world.item.crafting.RecipeManager/]: Skipping loading recipe toolbelt:pouch_upgrade_3_via_sewing as it's serializer returned null
[14Jul2025 20:09:41.774] [main/INFO] [net.minecraft.world.item.crafting.RecipeManager/]: Skipping loading recipe knightsnmages:smithing_unobtainium_chestplate as it's serializer returned null
[14Jul2025 20:09:41.786] [main/INFO] [net.minecraft.world.item.crafting.RecipeManager/]: Skipping loading recipe samurai_dynasty:etyrite_samruai_chestplate_smithing as it's serializer returned null
[14Jul2025 20:09:41.794] [main/ERROR] [net.minecraft.world.item.crafting.RecipeManager/]: Parsing error loading recipe dungeons_and_combat:dark_metal_helmet
com.google.gson.JsonSyntaxException: Unknown item 'born_in_chaos_v1:dark_metal_armor_helmet'
	at net.minecraft.world.item.crafting.ShapedRecipe.m_151280_(ShapedRecipe.java:292) ~[server-1.20.1-20230612.114412-srg.jar%23443!/:?]
	at java.util.Optional.orElseThrow(Optional.java:403) ~[?:?]
	at net.minecraft.world.item.crafting.ShapedRecipe.m_151278_(ShapedRecipe.java:291) ~[server-1.20.1-20230612.114412-srg.jar%23443!/:?]
	at net.minecraft.world.item.crafting.Ingredient.m_43919_(Ingredient.java:219) ~[server-1.20.1-20230612.114412-srg.jar%23443!/:?]
	at net.minecraftforge.common.crafting.VanillaIngredientSerializer.parse(VanillaIngredientSerializer.java:27) ~[forge-1.20.1-47.4.0-universal.jar%23448!/:?]
	at net.minecraftforge.common.crafting.CraftingHelper.getIngredient(CraftingHelper.java:148) ~[forge-1.20.1-47.4.0-universal.jar%23448!/:?]
	at net.minecraft.world.item.crafting.Ingredient.m_288218_(Ingredient.java:194) ~[server-1.20.1-20230612.114412-srg.jar%23443!/:?]
	at net.minecraft.world.item.crafting.Ingredient.m_43917_(Ingredient.java:189) ~[server-1.20.1-20230612.114412-srg.jar%23443!/:?]
	at net.minecraft.world.item.crafting.SmithingTransformRecipe$Serializer.m_6729_(SmithingTransformRecipe.java:74) ~[server-1.20.1-20230612.114412-srg.jar%23443!/:?]
	at net.minecraft.world.item.crafting.SmithingTransformRecipe$Serializer.m_6729_(SmithingTransformRecipe.java:71) ~[server-1.20.1-20230612.114412-srg.jar%23443!/:?]
	at net.minecraftforge.common.extensions.IForgeRecipeSerializer.fromJson(IForgeRecipeSerializer.java:23) ~[forge-1.20.1-47.4.0-universal.jar%23448!/:?]
	at net.minecraft.world.item.crafting.RecipeManager.fromJson(RecipeManager.java:171) ~[server-1.20.1-20230612.114412-srg.jar%23443!/:?]
	at net.minecraft.world.item.crafting.RecipeManager.m_5787_(RecipeManager.java:67) ~[server-1.20.1-20230612.114412-srg.jar%23443!/:?]
	at net.minecraft.world.item.crafting.RecipeManager.m_5787_(RecipeManager.java:34) ~[server-1.20.1-20230612.114412-srg.jar%23443!/:?]
	at net.minecraft.server.packs.resources.SimplePreparableReloadListener.m_10789_(SimplePreparableReloadListener.java:13) ~[server-1.20.1-20230612.114412-srg.jar%23443!/:?]
	at java.util.concurrent.CompletableFuture$UniAccept.tryFire(CompletableFuture.java:718) ~[?:?]
	at java.util.concurrent.CompletableFuture$Completion.run(CompletableFuture.java:482) ~[?:?]
	at net.minecraft.server.packs.resources.SimpleReloadInstance.m_143940_(SimpleReloadInstance.java:69) ~[server-1.20.1-20230612.114412-srg.jar%23443!/:?]
	at net.minecraft.Util.m_214652_(Util.java:783) ~[server-1.20.1-20230612.114412-srg.jar%23443!/:?]
	at net.minecraft.Util.m_214679_(Util.java:772) ~[server-1.20.1-20230612.114412-srg.jar%23443!/:?]
	at net.minecraft.server.Main.main(Main.java:166) ~[server-1.20.1-20230612.114412-srg.jar%23443!/:?]
	at jdk.internal.reflect.NativeMethodAccessorImpl.invoke0(Native Method) ~[?:?]
	at jdk.internal.reflect.NativeMethodAccessorImpl.invoke(NativeMethodAccessorImpl.java:77) ~[?:?]
	at jdk.internal.reflect.DelegatingMethodAccessorImpl.invoke(DelegatingMethodAccessorImpl.java:43) ~[?:?]
	at java.lang.reflect.Method.invoke(Method.java:569) ~[?:?]
	at net.minecraftforge.fml.loading.targets.CommonLaunchHandler.runTarget(CommonLaunchHandler.java:111) ~[fmlloader-1.20.1-47.4.0.jar%2369!/:?]
	at net.minecraftforge.fml.loading.targets.CommonLaunchHandler.serverService(CommonLaunchHandler.java:103) ~[fmlloader-1.20.1-47.4.0.jar%2369!/:?]
	at net.minecraftforge.fml.loading.targets.CommonServerLaunchHandler.lambda$makeService$0(CommonServerLaunchHandler.java:27) ~[fmlloader-1.20.1-47.4.0.jar%2369!/:?]
	at cpw.mods.modlauncher.LaunchServiceHandlerDecorator.launch(LaunchServiceHandlerDecorator.java:30) ~[modlauncher-10.0.9.jar%2355!/:?]
	at cpw.mods.modlauncher.LaunchServiceHandler.launch(LaunchServiceHandler.java:53) ~[modlauncher-10.0.9.jar%2355!/:?]
	at cpw.mods.modlauncher.LaunchServiceHandler.launch(LaunchServiceHandler.java:71) ~[modlauncher-10.0.9.jar%2355!/:?]
	at cpw.mods.modlauncher.Launcher.run(Launcher.java:108) ~[modlauncher-10.0.9.jar%2355!/:?]
	at cpw.mods.modlauncher.Launcher.main(Launcher.java:78) ~[modlauncher-10.0.9.jar%2355!/:?]
	at cpw.mods.modlauncher.BootstrapLaunchConsumer.accept(BootstrapLaunchConsumer.java:26) ~[modlauncher-10.0.9.jar%2355!/:?]
	at cpw.mods.modlauncher.BootstrapLaunchConsumer.accept(BootstrapLaunchConsumer.java:23) ~[modlauncher-10.0.9.jar%2355!/:?]
	at cpw.mods.bootstraplauncher.BootstrapLauncher.main(BootstrapLauncher.java:141) ~[bootstraplauncher-1.1.2.jar:?]
[14Jul2025 20:09:41.800] [main/INFO] [net.minecraft.world.item.crafting.RecipeManager/]: Skipping loading recipe samurai_dynasty:living_samruai_leggings_array as it's serializer returned null
[14Jul2025 20:09:41.808] [main/ERROR] [net.minecraft.world.item.crafting.RecipeManager/]: Parsing error loading recipe dungeons_and_combat:neptunium_chestplate
com.google.gson.JsonSyntaxException: Unknown item 'aquaculture:neptunium_chestplate'
	at net.minecraft.world.item.crafting.ShapedRecipe.m_151280_(ShapedRecipe.java:292) ~[server-1.20.1-20230612.114412-srg.jar%23443!/:?]
	at java.util.Optional.orElseThrow(Optional.java:403) ~[?:?]
	at net.minecraft.world.item.crafting.ShapedRecipe.m_151278_(ShapedRecipe.java:291) ~[server-1.20.1-20230612.114412-srg.jar%23443!/:?]
	at net.minecraft.world.item.crafting.Ingredient.m_43919_(Ingredient.java:219) ~[server-1.20.1-20230612.114412-srg.jar%23443!/:?]
	at net.minecraftforge.common.crafting.VanillaIngredientSerializer.parse(VanillaIngredientSerializer.java:27) ~[forge-1.20.1-47.4.0-universal.jar%23448!/:?]
	at net.minecraftforge.common.crafting.CraftingHelper.getIngredient(CraftingHelper.java:148) ~[forge-1.20.1-47.4.0-universal.jar%23448!/:?]
	at net.minecraft.world.item.crafting.Ingredient.m_288218_(Ingredient.java:194) ~[server-1.20.1-20230612.114412-srg.jar%23443!/:?]
	at net.minecraft.world.item.crafting.Ingredient.m_43917_(Ingredient.java:189) ~[server-1.20.1-20230612.114412-srg.jar%23443!/:?]
	at net.minecraft.world.item.crafting.SmithingTransformRecipe$Serializer.m_6729_(SmithingTransformRecipe.java:74) ~[server-1.20.1-20230612.114412-srg.jar%23443!/:?]
	at net.minecraft.world.item.crafting.SmithingTransformRecipe$Serializer.m_6729_(SmithingTransformRecipe.java:71) ~[server-1.20.1-20230612.114412-srg.jar%23443!/:?]
	at net.minecraftforge.common.extensions.IForgeRecipeSerializer.fromJson(IForgeRecipeSerializer.java:23) ~[forge-1.20.1-47.4.0-universal.jar%23448!/:?]
	at net.minecraft.world.item.crafting.RecipeManager.fromJson(RecipeManager.java:171) ~[server-1.20.1-20230612.114412-srg.jar%23443!/:?]
	at net.minecraft.world.item.crafting.RecipeManager.m_5787_(RecipeManager.java:67) ~[server-1.20.1-20230612.114412-srg.jar%23443!/:?]
	at net.minecraft.world.item.crafting.RecipeManager.m_5787_(RecipeManager.java:34) ~[server-1.20.1-20230612.114412-srg.jar%23443!/:?]
	at net.minecraft.server.packs.resources.SimplePreparableReloadListener.m_10789_(SimplePreparableReloadListener.java:13) ~[server-1.20.1-20230612.114412-srg.jar%23443!/:?]
	at java.util.concurrent.CompletableFuture$UniAccept.tryFire(CompletableFuture.java:718) ~[?:?]
	at java.util.concurrent.CompletableFuture$Completion.run(CompletableFuture.java:482) ~[?:?]
	at net.minecraft.server.packs.resources.SimpleReloadInstance.m_143940_(SimpleReloadInstance.java:69) ~[server-1.20.1-20230612.114412-srg.jar%23443!/:?]
	at net.minecraft.Util.m_214652_(Util.java:783) ~[server-1.20.1-20230612.114412-srg.jar%23443!/:?]
	at net.minecraft.Util.m_214679_(Util.java:772) ~[server-1.20.1-20230612.114412-srg.jar%23443!/:?]
	at net.minecraft.server.Main.main(Main.java:166) ~[server-1.20.1-20230612.114412-srg.jar%23443!/:?]
	at jdk.internal.reflect.NativeMethodAccessorImpl.invoke0(Native Method) ~[?:?]
	at jdk.internal.reflect.NativeMethodAccessorImpl.invoke(NativeMethodAccessorImpl.java:77) ~[?:?]
	at jdk.internal.reflect.DelegatingMethodAccessorImpl.invoke(DelegatingMethodAccessorImpl.java:43) ~[?:?]
	at java.lang.reflect.Method.invoke(Method.java:569) ~[?:?]
	at net.minecraftforge.fml.loading.targets.CommonLaunchHandler.runTarget(CommonLaunchHandler.java:111) ~[fmlloader-1.20.1-47.4.0.jar%2369!/:?]
	at net.minecraftforge.fml.loading.targets.CommonLaunchHandler.serverService(CommonLaunchHandler.java:103) ~[fmlloader-1.20.1-47.4.0.jar%2369!/:?]
	at net.minecraftforge.fml.loading.targets.CommonServerLaunchHandler.lambda$makeService$0(CommonServerLaunchHandler.java:27) ~[fmlloader-1.20.1-47.4.0.jar%2369!/:?]
	at cpw.mods.modlauncher.LaunchServiceHandlerDecorator.launch(LaunchServiceHandlerDecorator.java:30) ~[modlauncher-10.0.9.jar%2355!/:?]
	at cpw.mods.modlauncher.LaunchServiceHandler.launch(LaunchServiceHandler.java:53) ~[modlauncher-10.0.9.jar%2355!/:?]
	at cpw.mods.modlauncher.LaunchServiceHandler.launch(LaunchServiceHandler.java:71) ~[modlauncher-10.0.9.jar%2355!/:?]
	at cpw.mods.modlauncher.Launcher.run(Launcher.java:108) ~[modlauncher-10.0.9.jar%2355!/:?]
	at cpw.mods.modlauncher.Launcher.main(Launcher.java:78) ~[modlauncher-10.0.9.jar%2355!/:?]
	at cpw.mods.modlauncher.BootstrapLaunchConsumer.accept(BootstrapLaunchConsumer.java:26) ~[modlauncher-10.0.9.jar%2355!/:?]
	at cpw.mods.modlauncher.BootstrapLaunchConsumer.accept(BootstrapLaunchConsumer.java:23) ~[modlauncher-10.0.9.jar%2355!/:?]
	at cpw.mods.bootstraplauncher.BootstrapLauncher.main(BootstrapLauncher.java:141) ~[bootstraplauncher-1.1.2.jar:?]
[14Jul2025 20:09:41.822] [main/INFO] [net.minecraft.world.item.crafting.RecipeManager/]: Skipping loading recipe knightsnmages:smithing_vibranium_chestplate as it's serializer returned null
[14Jul2025 20:09:41.823] [main/INFO] [net.minecraft.world.item.crafting.RecipeManager/]: Skipping loading recipe toolbelt:pouch_upgrade_4_via_sewing as it's serializer returned null
[14Jul2025 20:09:41.829] [main/ERROR] [net.minecraft.world.item.crafting.RecipeManager/]: Parsing error loading recipe legendary_monsters:ancient_dripstone_brick_stairs_left
com.google.gson.JsonSyntaxException: Unknown item 'legendary_monsters:ancient_dripstone_brick'
	at net.minecraft.world.item.crafting.ShapedRecipe.m_151280_(ShapedRecipe.java:292) ~[server-1.20.1-20230612.114412-srg.jar%23443!/:?]
	at java.util.Optional.orElseThrow(Optional.java:403) ~[?:?]
	at net.minecraft.world.item.crafting.ShapedRecipe.m_151278_(ShapedRecipe.java:291) ~[server-1.20.1-20230612.114412-srg.jar%23443!/:?]
	at net.minecraft.world.item.crafting.Ingredient.m_43919_(Ingredient.java:219) ~[server-1.20.1-20230612.114412-srg.jar%23443!/:?]
	at net.minecraftforge.common.crafting.VanillaIngredientSerializer.parse(VanillaIngredientSerializer.java:27) ~[forge-1.20.1-47.4.0-universal.jar%23448!/:?]
	at net.minecraftforge.common.crafting.CraftingHelper.getIngredient(CraftingHelper.java:148) ~[forge-1.20.1-47.4.0-universal.jar%23448!/:?]
	at net.minecraft.world.item.crafting.Ingredient.m_288218_(Ingredient.java:194) ~[server-1.20.1-20230612.114412-srg.jar%23443!/:?]
	at net.minecraft.world.item.crafting.ShapedRecipe.m_44210_(ShapedRecipe.java:278) ~[server-1.20.1-20230612.114412-srg.jar%23443!/:?]
	at net.minecraft.world.item.crafting.ShapedRecipe$Serializer.m_6729_(ShapedRecipe.java:306) ~[server-1.20.1-20230612.114412-srg.jar%23443!/:?]
	at net.minecraft.world.item.crafting.ShapedRecipe$Serializer.m_6729_(ShapedRecipe.java:301) ~[server-1.20.1-20230612.114412-srg.jar%23443!/:?]
	at net.minecraftforge.common.extensions.IForgeRecipeSerializer.fromJson(IForgeRecipeSerializer.java:23) ~[forge-1.20.1-47.4.0-universal.jar%23448!/:?]
	at net.minecraft.world.item.crafting.RecipeManager.fromJson(RecipeManager.java:171) ~[server-1.20.1-20230612.114412-srg.jar%23443!/:?]
	at net.minecraft.world.item.crafting.RecipeManager.m_5787_(RecipeManager.java:67) ~[server-1.20.1-20230612.114412-srg.jar%23443!/:?]
	at net.minecraft.world.item.crafting.RecipeManager.m_5787_(RecipeManager.java:34) ~[server-1.20.1-20230612.114412-srg.jar%23443!/:?]
	at net.minecraft.server.packs.resources.SimplePreparableReloadListener.m_10789_(SimplePreparableReloadListener.java:13) ~[server-1.20.1-20230612.114412-srg.jar%23443!/:?]
	at java.util.concurrent.CompletableFuture$UniAccept.tryFire(CompletableFuture.java:718) ~[?:?]
	at java.util.concurrent.CompletableFuture$Completion.run(CompletableFuture.java:482) ~[?:?]
	at net.minecraft.server.packs.resources.SimpleReloadInstance.m_143940_(SimpleReloadInstance.java:69) ~[server-1.20.1-20230612.114412-srg.jar%23443!/:?]
	at net.minecraft.Util.m_214652_(Util.java:783) ~[server-1.20.1-20230612.114412-srg.jar%23443!/:?]
	at net.minecraft.Util.m_214679_(Util.java:772) ~[server-1.20.1-20230612.114412-srg.jar%23443!/:?]
	at net.minecraft.server.Main.main(Main.java:166) ~[server-1.20.1-20230612.114412-srg.jar%23443!/:?]
	at jdk.internal.reflect.NativeMethodAccessorImpl.invoke0(Native Method) ~[?:?]
	at jdk.internal.reflect.NativeMethodAccessorImpl.invoke(NativeMethodAccessorImpl.java:77) ~[?:?]
	at jdk.internal.reflect.DelegatingMethodAccessorImpl.invoke(DelegatingMethodAccessorImpl.java:43) ~[?:?]
	at java.lang.reflect.Method.invoke(Method.java:569) ~[?:?]
	at net.minecraftforge.fml.loading.targets.CommonLaunchHandler.runTarget(CommonLaunchHandler.java:111) ~[fmlloader-1.20.1-47.4.0.jar%2369!/:?]
	at net.minecraftforge.fml.loading.targets.CommonLaunchHandler.serverService(CommonLaunchHandler.java:103) ~[fmlloader-1.20.1-47.4.0.jar%2369!/:?]
	at net.minecraftforge.fml.loading.targets.CommonServerLaunchHandler.lambda$makeService$0(CommonServerLaunchHandler.java:27) ~[fmlloader-1.20.1-47.4.0.jar%2369!/:?]
	at cpw.mods.modlauncher.LaunchServiceHandlerDecorator.launch(LaunchServiceHandlerDecorator.java:30) ~[modlauncher-10.0.9.jar%2355!/:?]
	at cpw.mods.modlauncher.LaunchServiceHandler.launch(LaunchServiceHandler.java:53) ~[modlauncher-10.0.9.jar%2355!/:?]
	at cpw.mods.modlauncher.LaunchServiceHandler.launch(LaunchServiceHandler.java:71) ~[modlauncher-10.0.9.jar%2355!/:?]
	at cpw.mods.modlauncher.Launcher.run(Launcher.java:108) ~[modlauncher-10.0.9.jar%2355!/:?]
	at cpw.mods.modlauncher.Launcher.main(Launcher.java:78) ~[modlauncher-10.0.9.jar%2355!/:?]
	at cpw.mods.modlauncher.BootstrapLaunchConsumer.accept(BootstrapLaunchConsumer.java:26) ~[modlauncher-10.0.9.jar%2355!/:?]
	at cpw.mods.modlauncher.BootstrapLaunchConsumer.accept(BootstrapLaunchConsumer.java:23) ~[modlauncher-10.0.9.jar%2355!/:?]
	at cpw.mods.bootstraplauncher.BootstrapLauncher.main(BootstrapLauncher.java:141) ~[bootstraplauncher-1.1.2.jar:?]
[14Jul2025 20:09:41.833] [main/INFO] [net.minecraft.world.item.crafting.RecipeManager/]: Skipping loading recipe knightsnmages:smithing_vibranium_leggings as it's serializer returned null
[14Jul2025 20:09:41.843] [main/INFO] [net.minecraft.world.item.crafting.RecipeManager/]: Skipping loading recipe samurai_dynasty:sculk_samruai_leggings_smithing as it's serializer returned null
[14Jul2025 20:09:41.872] [main/INFO] [net.minecraft.world.item.crafting.RecipeManager/]: Skipping loading recipe samurai_dynasty:brass_samruai_boots_mechanical_crafting as it's serializer returned null
[14Jul2025 20:09:41.876] [main/ERROR] [net.minecraft.world.item.crafting.RecipeManager/]: Parsing error loading recipe legendary_monsters:dinosaur_bone_meal
com.google.gson.JsonSyntaxException: Unknown item 'legendary_monsters:dinosaur_bone_meal'
	at net.minecraftforge.common.crafting.CraftingHelper.getItem(CraftingHelper.java:160) ~[forge-1.20.1-47.4.0-universal.jar%23448!/:?]
	at net.minecraftforge.common.crafting.CraftingHelper.getItemStack(CraftingHelper.java:186) ~[forge-1.20.1-47.4.0-universal.jar%23448!/:?]
	at net.minecraft.world.item.crafting.ShapedRecipe.m_151274_(ShapedRecipe.java:286) ~[server-1.20.1-20230612.114412-srg.jar%23443!/:?]
	at net.minecraft.world.item.crafting.ShapedRecipe$Serializer.m_6729_(ShapedRecipe.java:311) ~[server-1.20.1-20230612.114412-srg.jar%23443!/:?]
	at net.minecraft.world.item.crafting.ShapedRecipe$Serializer.m_6729_(ShapedRecipe.java:301) ~[server-1.20.1-20230612.114412-srg.jar%23443!/:?]
	at net.minecraftforge.common.extensions.IForgeRecipeSerializer.fromJson(IForgeRecipeSerializer.java:23) ~[forge-1.20.1-47.4.0-universal.jar%23448!/:?]
	at net.minecraft.world.item.crafting.RecipeManager.fromJson(RecipeManager.java:171) ~[server-1.20.1-20230612.114412-srg.jar%23443!/:?]
	at net.minecraft.world.item.crafting.RecipeManager.m_5787_(RecipeManager.java:67) ~[server-1.20.1-20230612.114412-srg.jar%23443!/:?]
	at net.minecraft.world.item.crafting.RecipeManager.m_5787_(RecipeManager.java:34) ~[server-1.20.1-20230612.114412-srg.jar%23443!/:?]
	at net.minecraft.server.packs.resources.SimplePreparableReloadListener.m_10789_(SimplePreparableReloadListener.java:13) ~[server-1.20.1-20230612.114412-srg.jar%23443!/:?]
	at java.util.concurrent.CompletableFuture$UniAccept.tryFire(CompletableFuture.java:718) ~[?:?]
	at java.util.concurrent.CompletableFuture$Completion.run(CompletableFuture.java:482) ~[?:?]
	at net.minecraft.server.packs.resources.SimpleReloadInstance.m_143940_(SimpleReloadInstance.java:69) ~[server-1.20.1-20230612.114412-srg.jar%23443!/:?]
	at net.minecraft.Util.m_214652_(Util.java:783) ~[server-1.20.1-20230612.114412-srg.jar%23443!/:?]
	at net.minecraft.Util.m_214679_(Util.java:772) ~[server-1.20.1-20230612.114412-srg.jar%23443!/:?]
	at net.minecraft.server.Main.main(Main.java:166) ~[server-1.20.1-20230612.114412-srg.jar%23443!/:?]
	at jdk.internal.reflect.NativeMethodAccessorImpl.invoke0(Native Method) ~[?:?]
	at jdk.internal.reflect.NativeMethodAccessorImpl.invoke(NativeMethodAccessorImpl.java:77) ~[?:?]
	at jdk.internal.reflect.DelegatingMethodAccessorImpl.invoke(DelegatingMethodAccessorImpl.java:43) ~[?:?]
	at java.lang.reflect.Method.invoke(Method.java:569) ~[?:?]
	at net.minecraftforge.fml.loading.targets.CommonLaunchHandler.runTarget(CommonLaunchHandler.java:111) ~[fmlloader-1.20.1-47.4.0.jar%2369!/:?]
	at net.minecraftforge.fml.loading.targets.CommonLaunchHandler.serverService(CommonLaunchHandler.java:103) ~[fmlloader-1.20.1-47.4.0.jar%2369!/:?]
	at net.minecraftforge.fml.loading.targets.CommonServerLaunchHandler.lambda$makeService$0(CommonServerLaunchHandler.java:27) ~[fmlloader-1.20.1-47.4.0.jar%2369!/:?]
	at cpw.mods.modlauncher.LaunchServiceHandlerDecorator.launch(LaunchServiceHandlerDecorator.java:30) ~[modlauncher-10.0.9.jar%2355!/:?]
	at cpw.mods.modlauncher.LaunchServiceHandler.launch(LaunchServiceHandler.java:53) ~[modlauncher-10.0.9.jar%2355!/:?]
	at cpw.mods.modlauncher.LaunchServiceHandler.launch(LaunchServiceHandler.java:71) ~[modlauncher-10.0.9.jar%2355!/:?]
	at cpw.mods.modlauncher.Launcher.run(Launcher.java:108) ~[modlauncher-10.0.9.jar%2355!/:?]
	at cpw.mods.modlauncher.Launcher.main(Launcher.java:78) ~[modlauncher-10.0.9.jar%2355!/:?]
	at cpw.mods.modlauncher.BootstrapLaunchConsumer.accept(BootstrapLaunchConsumer.java:26) ~[modlauncher-10.0.9.jar%2355!/:?]
	at cpw.mods.modlauncher.BootstrapLaunchConsumer.accept(BootstrapLaunchConsumer.java:23) ~[modlauncher-10.0.9.jar%2355!/:?]
	at cpw.mods.bootstraplauncher.BootstrapLauncher.main(BootstrapLauncher.java:141) ~[bootstraplauncher-1.1.2.jar:?]
[14Jul2025 20:09:41.890] [main/INFO] [net.minecraft.world.item.crafting.RecipeManager/]: Skipping loading recipe samurai_dynasty:neptunium_samurai_helmet as it's serializer returned null
[14Jul2025 20:09:41.914] [main/INFO] [net.minecraft.world.item.crafting.RecipeManager/]: Skipping loading recipe knightsnmages:smithing_allthemodium_helmet as it's serializer returned null
[14Jul2025 20:09:41.914] [main/INFO] [net.minecraft.world.item.crafting.RecipeManager/]: Skipping loading recipe toolbelt:pouch_upgrade_7_via_sewing as it's serializer returned null
[14Jul2025 20:09:41.927] [main/INFO] [net.minecraft.world.item.crafting.RecipeManager/]: Skipping loading recipe samurai_dynasty:etyrite_samruai_boots_smithing as it's serializer returned null
[14Jul2025 20:09:41.928] [main/ERROR] [net.minecraft.world.item.crafting.RecipeManager/]: Parsing error loading recipe samurai_dynasty:mask_straw_hat
com.google.gson.JsonSyntaxException: Unknown item 'samurai_dynasty:mask_straw_hat'
	at net.minecraftforge.common.crafting.CraftingHelper.getItem(CraftingHelper.java:160) ~[forge-1.20.1-47.4.0-universal.jar%23448!/:?]
	at net.minecraftforge.common.crafting.CraftingHelper.getItemStack(CraftingHelper.java:186) ~[forge-1.20.1-47.4.0-universal.jar%23448!/:?]
	at net.minecraft.world.item.crafting.ShapedRecipe.m_151274_(ShapedRecipe.java:286) ~[server-1.20.1-20230612.114412-srg.jar%23443!/:?]
	at net.minecraft.world.item.crafting.ShapelessRecipe$Serializer.m_6729_(ShapelessRecipe.java:95) ~[server-1.20.1-20230612.114412-srg.jar%23443!/:?]
	at net.minecraft.world.item.crafting.ShapelessRecipe$Serializer.m_6729_(ShapelessRecipe.java:84) ~[server-1.20.1-20230612.114412-srg.jar%23443!/:?]
	at net.minecraftforge.common.extensions.IForgeRecipeSerializer.fromJson(IForgeRecipeSerializer.java:23) ~[forge-1.20.1-47.4.0-universal.jar%23448!/:?]
	at net.minecraft.world.item.crafting.RecipeManager.fromJson(RecipeManager.java:171) ~[server-1.20.1-20230612.114412-srg.jar%23443!/:?]
	at net.minecraft.world.item.crafting.RecipeManager.m_5787_(RecipeManager.java:67) ~[server-1.20.1-20230612.114412-srg.jar%23443!/:?]
	at net.minecraft.world.item.crafting.RecipeManager.m_5787_(RecipeManager.java:34) ~[server-1.20.1-20230612.114412-srg.jar%23443!/:?]
	at net.minecraft.server.packs.resources.SimplePreparableReloadListener.m_10789_(SimplePreparableReloadListener.java:13) ~[server-1.20.1-20230612.114412-srg.jar%23443!/:?]
	at java.util.concurrent.CompletableFuture$UniAccept.tryFire(CompletableFuture.java:718) ~[?:?]
	at java.util.concurrent.CompletableFuture$Completion.run(CompletableFuture.java:482) ~[?:?]
	at net.minecraft.server.packs.resources.SimpleReloadInstance.m_143940_(SimpleReloadInstance.java:69) ~[server-1.20.1-20230612.114412-srg.jar%23443!/:?]
	at net.minecraft.Util.m_214652_(Util.java:783) ~[server-1.20.1-20230612.114412-srg.jar%23443!/:?]
	at net.minecraft.Util.m_214679_(Util.java:772) ~[server-1.20.1-20230612.114412-srg.jar%23443!/:?]
	at net.minecraft.server.Main.main(Main.java:166) ~[server-1.20.1-20230612.114412-srg.jar%23443!/:?]
	at jdk.internal.reflect.NativeMethodAccessorImpl.invoke0(Native Method) ~[?:?]
	at jdk.internal.reflect.NativeMethodAccessorImpl.invoke(NativeMethodAccessorImpl.java:77) ~[?:?]
	at jdk.internal.reflect.DelegatingMethodAccessorImpl.invoke(DelegatingMethodAccessorImpl.java:43) ~[?:?]
	at java.lang.reflect.Method.invoke(Method.java:569) ~[?:?]
	at net.minecraftforge.fml.loading.targets.CommonLaunchHandler.runTarget(CommonLaunchHandler.java:111) ~[fmlloader-1.20.1-47.4.0.jar%2369!/:?]
	at net.minecraftforge.fml.loading.targets.CommonLaunchHandler.serverService(CommonLaunchHandler.java:103) ~[fmlloader-1.20.1-47.4.0.jar%2369!/:?]
	at net.minecraftforge.fml.loading.targets.CommonServerLaunchHandler.lambda$makeService$0(CommonServerLaunchHandler.java:27) ~[fmlloader-1.20.1-47.4.0.jar%2369!/:?]
	at cpw.mods.modlauncher.LaunchServiceHandlerDecorator.launch(LaunchServiceHandlerDecorator.java:30) ~[modlauncher-10.0.9.jar%2355!/:?]
	at cpw.mods.modlauncher.LaunchServiceHandler.launch(LaunchServiceHandler.java:53) ~[modlauncher-10.0.9.jar%2355!/:?]
	at cpw.mods.modlauncher.LaunchServiceHandler.launch(LaunchServiceHandler.java:71) ~[modlauncher-10.0.9.jar%2355!/:?]
	at cpw.mods.modlauncher.Launcher.run(Launcher.java:108) ~[modlauncher-10.0.9.jar%2355!/:?]
	at cpw.mods.modlauncher.Launcher.main(Launcher.java:78) ~[modlauncher-10.0.9.jar%2355!/:?]
	at cpw.mods.modlauncher.BootstrapLaunchConsumer.accept(BootstrapLaunchConsumer.java:26) ~[modlauncher-10.0.9.jar%2355!/:?]
	at cpw.mods.modlauncher.BootstrapLaunchConsumer.accept(BootstrapLaunchConsumer.java:23) ~[modlauncher-10.0.9.jar%2355!/:?]
	at cpw.mods.bootstraplauncher.BootstrapLauncher.main(BootstrapLauncher.java:141) ~[bootstraplauncher-1.1.2.jar:?]
[14Jul2025 20:09:41.930] [main/INFO] [net.minecraft.world.item.crafting.RecipeManager/]: Skipping loading recipe touhou_little_maid:memorizable_gensokyo as it's serializer returned null
[14Jul2025 20:09:41.933] [main/INFO] [net.minecraft.world.item.crafting.RecipeManager/]: Skipping loading recipe twilightforest:jeed/blindness as it's serializer returned null
[14Jul2025 20:09:41.936] [main/INFO] [net.minecraft.world.item.crafting.RecipeManager/]: Skipping loading recipe samurai_dynasty:brass_samruai_helmet_mechanical_crafting as it's serializer returned null
[14Jul2025 20:09:41.954] [main/INFO] [net.minecraft.world.item.crafting.RecipeManager/]: Skipping loading recipe samurai_dynasty:draco_samurai_chestplate as it's serializer returned null
[14Jul2025 20:09:41.954] [main/ERROR] [net.minecraft.world.item.crafting.RecipeManager/]: Parsing error loading recipe dungeons_and_combat:light_upgrade_blazing_halberd
com.google.gson.JsonSyntaxException: Unknown item 'dungeons_and_combat:deleted_mod_element'
	at net.minecraft.world.item.crafting.ShapedRecipe.m_151280_(ShapedRecipe.java:292) ~[server-1.20.1-20230612.114412-srg.jar%23443!/:?]
	at java.util.Optional.orElseThrow(Optional.java:403) ~[?:?]
	at net.minecraft.world.item.crafting.ShapedRecipe.m_151278_(ShapedRecipe.java:291) ~[server-1.20.1-20230612.114412-srg.jar%23443!/:?]
	at net.minecraft.world.item.crafting.Ingredient.m_43919_(Ingredient.java:219) ~[server-1.20.1-20230612.114412-srg.jar%23443!/:?]
	at net.minecraftforge.common.crafting.VanillaIngredientSerializer.parse(VanillaIngredientSerializer.java:27) ~[forge-1.20.1-47.4.0-universal.jar%23448!/:?]
	at net.minecraftforge.common.crafting.CraftingHelper.getIngredient(CraftingHelper.java:148) ~[forge-1.20.1-47.4.0-universal.jar%23448!/:?]
	at net.minecraft.world.item.crafting.Ingredient.m_288218_(Ingredient.java:194) ~[server-1.20.1-20230612.114412-srg.jar%23443!/:?]
	at net.minecraft.world.item.crafting.Ingredient.m_43917_(Ingredient.java:189) ~[server-1.20.1-20230612.114412-srg.jar%23443!/:?]
	at net.minecraft.world.item.crafting.SmithingTransformRecipe$Serializer.m_6729_(SmithingTransformRecipe.java:74) ~[server-1.20.1-20230612.114412-srg.jar%23443!/:?]
	at net.minecraft.world.item.crafting.SmithingTransformRecipe$Serializer.m_6729_(SmithingTransformRecipe.java:71) ~[server-1.20.1-20230612.114412-srg.jar%23443!/:?]
	at net.minecraftforge.common.extensions.IForgeRecipeSerializer.fromJson(IForgeRecipeSerializer.java:23) ~[forge-1.20.1-47.4.0-universal.jar%23448!/:?]
	at net.minecraft.world.item.crafting.RecipeManager.fromJson(RecipeManager.java:171) ~[server-1.20.1-20230612.114412-srg.jar%23443!/:?]
	at net.minecraft.world.item.crafting.RecipeManager.m_5787_(RecipeManager.java:67) ~[server-1.20.1-20230612.114412-srg.jar%23443!/:?]
	at net.minecraft.world.item.crafting.RecipeManager.m_5787_(RecipeManager.java:34) ~[server-1.20.1-20230612.114412-srg.jar%23443!/:?]
	at net.minecraft.server.packs.resources.SimplePreparableReloadListener.m_10789_(SimplePreparableReloadListener.java:13) ~[server-1.20.1-20230612.114412-srg.jar%23443!/:?]
	at java.util.concurrent.CompletableFuture$UniAccept.tryFire(CompletableFuture.java:718) ~[?:?]
	at java.util.concurrent.CompletableFuture$Completion.run(CompletableFuture.java:482) ~[?:?]
	at net.minecraft.server.packs.resources.SimpleReloadInstance.m_143940_(SimpleReloadInstance.java:69) ~[server-1.20.1-20230612.114412-srg.jar%23443!/:?]
	at net.minecraft.Util.m_214652_(Util.java:783) ~[server-1.20.1-20230612.114412-srg.jar%23443!/:?]
	at net.minecraft.Util.m_214679_(Util.java:772) ~[server-1.20.1-20230612.114412-srg.jar%23443!/:?]
	at net.minecraft.server.Main.main(Main.java:166) ~[server-1.20.1-20230612.114412-srg.jar%23443!/:?]
	at jdk.internal.reflect.NativeMethodAccessorImpl.invoke0(Native Method) ~[?:?]
	at jdk.internal.reflect.NativeMethodAccessorImpl.invoke(NativeMethodAccessorImpl.java:77) ~[?:?]
	at jdk.internal.reflect.DelegatingMethodAccessorImpl.invoke(DelegatingMethodAccessorImpl.java:43) ~[?:?]
	at java.lang.reflect.Method.invoke(Method.java:569) ~[?:?]
	at net.minecraftforge.fml.loading.targets.CommonLaunchHandler.runTarget(CommonLaunchHandler.java:111) ~[fmlloader-1.20.1-47.4.0.jar%2369!/:?]
	at net.minecraftforge.fml.loading.targets.CommonLaunchHandler.serverService(CommonLaunchHandler.java:103) ~[fmlloader-1.20.1-47.4.0.jar%2369!/:?]
	at net.minecraftforge.fml.loading.targets.CommonServerLaunchHandler.lambda$makeService$0(CommonServerLaunchHandler.java:27) ~[fmlloader-1.20.1-47.4.0.jar%2369!/:?]
	at cpw.mods.modlauncher.LaunchServiceHandlerDecorator.launch(LaunchServiceHandlerDecorator.java:30) ~[modlauncher-10.0.9.jar%2355!/:?]
	at cpw.mods.modlauncher.LaunchServiceHandler.launch(LaunchServiceHandler.java:53) ~[modlauncher-10.0.9.jar%2355!/:?]
	at cpw.mods.modlauncher.LaunchServiceHandler.launch(LaunchServiceHandler.java:71) ~[modlauncher-10.0.9.jar%2355!/:?]
	at cpw.mods.modlauncher.Launcher.run(Launcher.java:108) ~[modlauncher-10.0.9.jar%2355!/:?]
	at cpw.mods.modlauncher.Launcher.main(Launcher.java:78) ~[modlauncher-10.0.9.jar%2355!/:?]
	at cpw.mods.modlauncher.BootstrapLaunchConsumer.accept(BootstrapLaunchConsumer.java:26) ~[modlauncher-10.0.9.jar%2355!/:?]
	at cpw.mods.modlauncher.BootstrapLaunchConsumer.accept(BootstrapLaunchConsumer.java:23) ~[modlauncher-10.0.9.jar%2355!/:?]
	at cpw.mods.bootstraplauncher.BootstrapLauncher.main(BootstrapLauncher.java:141) ~[bootstraplauncher-1.1.2.jar:?]
[14Jul2025 20:09:41.959] [main/INFO] [net.minecraft.world.item.crafting.RecipeManager/]: Skipping loading recipe knightsnmages:smithing_allthemodium_boots as it's serializer returned null
[14Jul2025 20:09:41.974] [main/ERROR] [net.minecraft.world.item.crafting.RecipeManager/]: Parsing error loading recipe dungeons_and_combat:neptunium_shield_recipe
com.google.gson.JsonSyntaxException: Unknown item 'aquaculture:neptunium_ingot'
	at net.minecraft.world.item.crafting.ShapedRecipe.m_151280_(ShapedRecipe.java:292) ~[server-1.20.1-20230612.114412-srg.jar%23443!/:?]
	at java.util.Optional.orElseThrow(Optional.java:403) ~[?:?]
	at net.minecraft.world.item.crafting.ShapedRecipe.m_151278_(ShapedRecipe.java:291) ~[server-1.20.1-20230612.114412-srg.jar%23443!/:?]
	at net.minecraft.world.item.crafting.Ingredient.m_43919_(Ingredient.java:219) ~[server-1.20.1-20230612.114412-srg.jar%23443!/:?]
	at net.minecraftforge.common.crafting.VanillaIngredientSerializer.parse(VanillaIngredientSerializer.java:27) ~[forge-1.20.1-47.4.0-universal.jar%23448!/:?]
	at net.minecraftforge.common.crafting.CraftingHelper.getIngredient(CraftingHelper.java:148) ~[forge-1.20.1-47.4.0-universal.jar%23448!/:?]
	at net.minecraft.world.item.crafting.Ingredient.m_288218_(Ingredient.java:194) ~[server-1.20.1-20230612.114412-srg.jar%23443!/:?]
	at net.minecraft.world.item.crafting.ShapedRecipe.m_44210_(ShapedRecipe.java:278) ~[server-1.20.1-20230612.114412-srg.jar%23443!/:?]
	at net.minecraft.world.item.crafting.ShapedRecipe$Serializer.m_6729_(ShapedRecipe.java:306) ~[server-1.20.1-20230612.114412-srg.jar%23443!/:?]
	at net.minecraft.world.item.crafting.ShapedRecipe$Serializer.m_6729_(ShapedRecipe.java:301) ~[server-1.20.1-20230612.114412-srg.jar%23443!/:?]
	at net.minecraftforge.common.extensions.IForgeRecipeSerializer.fromJson(IForgeRecipeSerializer.java:23) ~[forge-1.20.1-47.4.0-universal.jar%23448!/:?]
	at net.minecraft.world.item.crafting.RecipeManager.fromJson(RecipeManager.java:171) ~[server-1.20.1-20230612.114412-srg.jar%23443!/:?]
	at net.minecraft.world.item.crafting.RecipeManager.m_5787_(RecipeManager.java:67) ~[server-1.20.1-20230612.114412-srg.jar%23443!/:?]
	at net.minecraft.world.item.crafting.RecipeManager.m_5787_(RecipeManager.java:34) ~[server-1.20.1-20230612.114412-srg.jar%23443!/:?]
	at net.minecraft.server.packs.resources.SimplePreparableReloadListener.m_10789_(SimplePreparableReloadListener.java:13) ~[server-1.20.1-20230612.114412-srg.jar%23443!/:?]
	at java.util.concurrent.CompletableFuture$UniAccept.tryFire(CompletableFuture.java:718) ~[?:?]
	at java.util.concurrent.CompletableFuture$Completion.run(CompletableFuture.java:482) ~[?:?]
	at net.minecraft.server.packs.resources.SimpleReloadInstance.m_143940_(SimpleReloadInstance.java:69) ~[server-1.20.1-20230612.114412-srg.jar%23443!/:?]
	at net.minecraft.Util.m_214652_(Util.java:783) ~[server-1.20.1-20230612.114412-srg.jar%23443!/:?]
	at net.minecraft.Util.m_214679_(Util.java:772) ~[server-1.20.1-20230612.114412-srg.jar%23443!/:?]
	at net.minecraft.server.Main.main(Main.java:166) ~[server-1.20.1-20230612.114412-srg.jar%23443!/:?]
	at jdk.internal.reflect.NativeMethodAccessorImpl.invoke0(Native Method) ~[?:?]
	at jdk.internal.reflect.NativeMethodAccessorImpl.invoke(NativeMethodAccessorImpl.java:77) ~[?:?]
	at jdk.internal.reflect.DelegatingMethodAccessorImpl.invoke(DelegatingMethodAccessorImpl.java:43) ~[?:?]
	at java.lang.reflect.Method.invoke(Method.java:569) ~[?:?]
	at net.minecraftforge.fml.loading.targets.CommonLaunchHandler.runTarget(CommonLaunchHandler.java:111) ~[fmlloader-1.20.1-47.4.0.jar%2369!/:?]
	at net.minecraftforge.fml.loading.targets.CommonLaunchHandler.serverService(CommonLaunchHandler.java:103) ~[fmlloader-1.20.1-47.4.0.jar%2369!/:?]
	at net.minecraftforge.fml.loading.targets.CommonServerLaunchHandler.lambda$makeService$0(CommonServerLaunchHandler.java:27) ~[fmlloader-1.20.1-47.4.0.jar%2369!/:?]
	at cpw.mods.modlauncher.LaunchServiceHandlerDecorator.launch(LaunchServiceHandlerDecorator.java:30) ~[modlauncher-10.0.9.jar%2355!/:?]
	at cpw.mods.modlauncher.LaunchServiceHandler.launch(LaunchServiceHandler.java:53) ~[modlauncher-10.0.9.jar%2355!/:?]
	at cpw.mods.modlauncher.LaunchServiceHandler.launch(LaunchServiceHandler.java:71) ~[modlauncher-10.0.9.jar%2355!/:?]
	at cpw.mods.modlauncher.Launcher.run(Launcher.java:108) ~[modlauncher-10.0.9.jar%2355!/:?]
	at cpw.mods.modlauncher.Launcher.main(Launcher.java:78) ~[modlauncher-10.0.9.jar%2355!/:?]
	at cpw.mods.modlauncher.BootstrapLaunchConsumer.accept(BootstrapLaunchConsumer.java:26) ~[modlauncher-10.0.9.jar%2355!/:?]
	at cpw.mods.modlauncher.BootstrapLaunchConsumer.accept(BootstrapLaunchConsumer.java:23) ~[modlauncher-10.0.9.jar%2355!/:?]
	at cpw.mods.bootstraplauncher.BootstrapLauncher.main(BootstrapLauncher.java:141) ~[bootstraplauncher-1.1.2.jar:?]
[14Jul2025 20:09:41.993] [main/ERROR] [net.minecraft.world.item.crafting.RecipeManager/]: Parsing error loading recipe rpgsmw:b
com.google.gson.JsonSyntaxException: Unknown item 'rpgsmw:deleted_mod_element'
	at net.minecraftforge.common.crafting.CraftingHelper.getItem(CraftingHelper.java:160) ~[forge-1.20.1-47.4.0-universal.jar%23448!/:?]
	at net.minecraftforge.common.crafting.CraftingHelper.getItemStack(CraftingHelper.java:186) ~[forge-1.20.1-47.4.0-universal.jar%23448!/:?]
	at net.minecraft.world.item.crafting.ShapedRecipe.m_151274_(ShapedRecipe.java:286) ~[server-1.20.1-20230612.114412-srg.jar%23443!/:?]
	at net.minecraft.world.item.crafting.ShapelessRecipe$Serializer.m_6729_(ShapelessRecipe.java:95) ~[server-1.20.1-20230612.114412-srg.jar%23443!/:?]
	at net.minecraft.world.item.crafting.ShapelessRecipe$Serializer.m_6729_(ShapelessRecipe.java:84) ~[server-1.20.1-20230612.114412-srg.jar%23443!/:?]
	at net.minecraftforge.common.extensions.IForgeRecipeSerializer.fromJson(IForgeRecipeSerializer.java:23) ~[forge-1.20.1-47.4.0-universal.jar%23448!/:?]
	at net.minecraft.world.item.crafting.RecipeManager.fromJson(RecipeManager.java:171) ~[server-1.20.1-20230612.114412-srg.jar%23443!/:?]
	at net.minecraft.world.item.crafting.RecipeManager.m_5787_(RecipeManager.java:67) ~[server-1.20.1-20230612.114412-srg.jar%23443!/:?]
	at net.minecraft.world.item.crafting.RecipeManager.m_5787_(RecipeManager.java:34) ~[server-1.20.1-20230612.114412-srg.jar%23443!/:?]
	at net.minecraft.server.packs.resources.SimplePreparableReloadListener.m_10789_(SimplePreparableReloadListener.java:13) ~[server-1.20.1-20230612.114412-srg.jar%23443!/:?]
	at java.util.concurrent.CompletableFuture$UniAccept.tryFire(CompletableFuture.java:718) ~[?:?]
	at java.util.concurrent.CompletableFuture$Completion.run(CompletableFuture.java:482) ~[?:?]
	at net.minecraft.server.packs.resources.SimpleReloadInstance.m_143940_(SimpleReloadInstance.java:69) ~[server-1.20.1-20230612.114412-srg.jar%23443!/:?]
	at net.minecraft.Util.m_214652_(Util.java:783) ~[server-1.20.1-20230612.114412-srg.jar%23443!/:?]
	at net.minecraft.Util.m_214679_(Util.java:772) ~[server-1.20.1-20230612.114412-srg.jar%23443!/:?]
	at net.minecraft.server.Main.main(Main.java:166) ~[server-1.20.1-20230612.114412-srg.jar%23443!/:?]
	at jdk.internal.reflect.NativeMethodAccessorImpl.invoke0(Native Method) ~[?:?]
	at jdk.internal.reflect.NativeMethodAccessorImpl.invoke(NativeMethodAccessorImpl.java:77) ~[?:?]
	at jdk.internal.reflect.DelegatingMethodAccessorImpl.invoke(DelegatingMethodAccessorImpl.java:43) ~[?:?]
	at java.lang.reflect.Method.invoke(Method.java:569) ~[?:?]
	at net.minecraftforge.fml.loading.targets.CommonLaunchHandler.runTarget(CommonLaunchHandler.java:111) ~[fmlloader-1.20.1-47.4.0.jar%2369!/:?]
	at net.minecraftforge.fml.loading.targets.CommonLaunchHandler.serverService(CommonLaunchHandler.java:103) ~[fmlloader-1.20.1-47.4.0.jar%2369!/:?]
	at net.minecraftforge.fml.loading.targets.CommonServerLaunchHandler.lambda$makeService$0(CommonServerLaunchHandler.java:27) ~[fmlloader-1.20.1-47.4.0.jar%2369!/:?]
	at cpw.mods.modlauncher.LaunchServiceHandlerDecorator.launch(LaunchServiceHandlerDecorator.java:30) ~[modlauncher-10.0.9.jar%2355!/:?]
	at cpw.mods.modlauncher.LaunchServiceHandler.launch(LaunchServiceHandler.java:53) ~[modlauncher-10.0.9.jar%2355!/:?]
	at cpw.mods.modlauncher.LaunchServiceHandler.launch(LaunchServiceHandler.java:71) ~[modlauncher-10.0.9.jar%2355!/:?]
	at cpw.mods.modlauncher.Launcher.run(Launcher.java:108) ~[modlauncher-10.0.9.jar%2355!/:?]
	at cpw.mods.modlauncher.Launcher.main(Launcher.java:78) ~[modlauncher-10.0.9.jar%2355!/:?]
	at cpw.mods.modlauncher.BootstrapLaunchConsumer.accept(BootstrapLaunchConsumer.java:26) ~[modlauncher-10.0.9.jar%2355!/:?]
	at cpw.mods.modlauncher.BootstrapLaunchConsumer.accept(BootstrapLaunchConsumer.java:23) ~[modlauncher-10.0.9.jar%2355!/:?]
	at cpw.mods.bootstraplauncher.BootstrapLauncher.main(BootstrapLauncher.java:141) ~[bootstraplauncher-1.1.2.jar:?]
[14Jul2025 20:09:41.999] [main/INFO] [net.minecraft.world.item.crafting.RecipeManager/]: Skipping loading recipe samurai_dynasty:neptunium_samurai_boots as it's serializer returned null
[14Jul2025 20:09:42.004] [main/INFO] [net.minecraft.world.item.crafting.RecipeManager/]: Skipping loading recipe samurai_dynasty:draco_samurai_boots as it's serializer returned null
[14Jul2025 20:09:42.007] [main/INFO] [net.minecraft.world.item.crafting.RecipeManager/]: Skipping loading recipe twilightforest:jeed/poison as it's serializer returned null
[14Jul2025 20:09:42.020] [main/ERROR] [net.minecraft.world.item.crafting.RecipeManager/]: Parsing error loading recipe dungeons_and_combat:light_upgrade_molten_bone_greatsword
com.google.gson.JsonSyntaxException: Unknown item 'dungeons_and_combat:deleted_mod_element'
	at net.minecraftforge.common.crafting.CraftingHelper.getItem(CraftingHelper.java:160) ~[forge-1.20.1-47.4.0-universal.jar%23448!/:?]
	at net.minecraftforge.common.crafting.CraftingHelper.getItemStack(CraftingHelper.java:186) ~[forge-1.20.1-47.4.0-universal.jar%23448!/:?]
	at net.minecraft.world.item.crafting.ShapedRecipe.m_151274_(ShapedRecipe.java:286) ~[server-1.20.1-20230612.114412-srg.jar%23443!/:?]
	at net.minecraft.world.item.crafting.SmithingTransformRecipe$Serializer.m_6729_(SmithingTransformRecipe.java:76) ~[server-1.20.1-20230612.114412-srg.jar%23443!/:?]
	at net.minecraft.world.item.crafting.SmithingTransformRecipe$Serializer.m_6729_(SmithingTransformRecipe.java:71) ~[server-1.20.1-20230612.114412-srg.jar%23443!/:?]
	at net.minecraftforge.common.extensions.IForgeRecipeSerializer.fromJson(IForgeRecipeSerializer.java:23) ~[forge-1.20.1-47.4.0-universal.jar%23448!/:?]
	at net.minecraft.world.item.crafting.RecipeManager.fromJson(RecipeManager.java:171) ~[server-1.20.1-20230612.114412-srg.jar%23443!/:?]
	at net.minecraft.world.item.crafting.RecipeManager.m_5787_(RecipeManager.java:67) ~[server-1.20.1-20230612.114412-srg.jar%23443!/:?]
	at net.minecraft.world.item.crafting.RecipeManager.m_5787_(RecipeManager.java:34) ~[server-1.20.1-20230612.114412-srg.jar%23443!/:?]
	at net.minecraft.server.packs.resources.SimplePreparableReloadListener.m_10789_(SimplePreparableReloadListener.java:13) ~[server-1.20.1-20230612.114412-srg.jar%23443!/:?]
	at java.util.concurrent.CompletableFuture$UniAccept.tryFire(CompletableFuture.java:718) ~[?:?]
	at java.util.concurrent.CompletableFuture$Completion.run(CompletableFuture.java:482) ~[?:?]
	at net.minecraft.server.packs.resources.SimpleReloadInstance.m_143940_(SimpleReloadInstance.java:69) ~[server-1.20.1-20230612.114412-srg.jar%23443!/:?]
	at net.minecraft.Util.m_214652_(Util.java:783) ~[server-1.20.1-20230612.114412-srg.jar%23443!/:?]
	at net.minecraft.Util.m_214679_(Util.java:772) ~[server-1.20.1-20230612.114412-srg.jar%23443!/:?]
	at net.minecraft.server.Main.main(Main.java:166) ~[server-1.20.1-20230612.114412-srg.jar%23443!/:?]
	at jdk.internal.reflect.NativeMethodAccessorImpl.invoke0(Native Method) ~[?:?]
	at jdk.internal.reflect.NativeMethodAccessorImpl.invoke(NativeMethodAccessorImpl.java:77) ~[?:?]
	at jdk.internal.reflect.DelegatingMethodAccessorImpl.invoke(DelegatingMethodAccessorImpl.java:43) ~[?:?]
	at java.lang.reflect.Method.invoke(Method.java:569) ~[?:?]
	at net.minecraftforge.fml.loading.targets.CommonLaunchHandler.runTarget(CommonLaunchHandler.java:111) ~[fmlloader-1.20.1-47.4.0.jar%2369!/:?]
	at net.minecraftforge.fml.loading.targets.CommonLaunchHandler.serverService(CommonLaunchHandler.java:103) ~[fmlloader-1.20.1-47.4.0.jar%2369!/:?]
	at net.minecraftforge.fml.loading.targets.CommonServerLaunchHandler.lambda$makeService$0(CommonServerLaunchHandler.java:27) ~[fmlloader-1.20.1-47.4.0.jar%2369!/:?]
	at cpw.mods.modlauncher.LaunchServiceHandlerDecorator.launch(LaunchServiceHandlerDecorator.java:30) ~[modlauncher-10.0.9.jar%2355!/:?]
	at cpw.mods.modlauncher.LaunchServiceHandler.launch(LaunchServiceHandler.java:53) ~[modlauncher-10.0.9.jar%2355!/:?]
	at cpw.mods.modlauncher.LaunchServiceHandler.launch(LaunchServiceHandler.java:71) ~[modlauncher-10.0.9.jar%2355!/:?]
	at cpw.mods.modlauncher.Launcher.run(Launcher.java:108) ~[modlauncher-10.0.9.jar%2355!/:?]
	at cpw.mods.modlauncher.Launcher.main(Launcher.java:78) ~[modlauncher-10.0.9.jar%2355!/:?]
	at cpw.mods.modlauncher.BootstrapLaunchConsumer.accept(BootstrapLaunchConsumer.java:26) ~[modlauncher-10.0.9.jar%2355!/:?]
	at cpw.mods.modlauncher.BootstrapLaunchConsumer.accept(BootstrapLaunchConsumer.java:23) ~[modlauncher-10.0.9.jar%2355!/:?]
	at cpw.mods.bootstraplauncher.BootstrapLauncher.main(BootstrapLauncher.java:141) ~[bootstraplauncher-1.1.2.jar:?]
[14Jul2025 20:09:42.030] [main/ERROR] [net.minecraft.world.item.crafting.RecipeManager/]: Parsing error loading recipe samurai_dynasty:mask_amethyst_samurai_helmet
com.google.gson.JsonSyntaxException: Unknown item 'samurai_dynasty:mask_amethyst_samurai_helmet'
	at net.minecraftforge.common.crafting.CraftingHelper.getItem(CraftingHelper.java:160) ~[forge-1.20.1-47.4.0-universal.jar%23448!/:?]
	at net.minecraftforge.common.crafting.CraftingHelper.getItemStack(CraftingHelper.java:186) ~[forge-1.20.1-47.4.0-universal.jar%23448!/:?]
	at net.minecraft.world.item.crafting.ShapedRecipe.m_151274_(ShapedRecipe.java:286) ~[server-1.20.1-20230612.114412-srg.jar%23443!/:?]
	at net.minecraft.world.item.crafting.ShapelessRecipe$Serializer.m_6729_(ShapelessRecipe.java:95) ~[server-1.20.1-20230612.114412-srg.jar%23443!/:?]
	at net.minecraft.world.item.crafting.ShapelessRecipe$Serializer.m_6729_(ShapelessRecipe.java:84) ~[server-1.20.1-20230612.114412-srg.jar%23443!/:?]
	at net.minecraftforge.common.extensions.IForgeRecipeSerializer.fromJson(IForgeRecipeSerializer.java:23) ~[forge-1.20.1-47.4.0-universal.jar%23448!/:?]
	at net.minecraft.world.item.crafting.RecipeManager.fromJson(RecipeManager.java:171) ~[server-1.20.1-20230612.114412-srg.jar%23443!/:?]
	at net.minecraft.world.item.crafting.RecipeManager.m_5787_(RecipeManager.java:67) ~[server-1.20.1-20230612.114412-srg.jar%23443!/:?]
	at net.minecraft.world.item.crafting.RecipeManager.m_5787_(RecipeManager.java:34) ~[server-1.20.1-20230612.114412-srg.jar%23443!/:?]
	at net.minecraft.server.packs.resources.SimplePreparableReloadListener.m_10789_(SimplePreparableReloadListener.java:13) ~[server-1.20.1-20230612.114412-srg.jar%23443!/:?]
	at java.util.concurrent.CompletableFuture$UniAccept.tryFire(CompletableFuture.java:718) ~[?:?]
	at java.util.concurrent.CompletableFuture$Completion.run(CompletableFuture.java:482) ~[?:?]
	at net.minecraft.server.packs.resources.SimpleReloadInstance.m_143940_(SimpleReloadInstance.java:69) ~[server-1.20.1-20230612.114412-srg.jar%23443!/:?]
	at net.minecraft.Util.m_214652_(Util.java:783) ~[server-1.20.1-20230612.114412-srg.jar%23443!/:?]
	at net.minecraft.Util.m_214679_(Util.java:772) ~[server-1.20.1-20230612.114412-srg.jar%23443!/:?]
	at net.minecraft.server.Main.main(Main.java:166) ~[server-1.20.1-20230612.114412-srg.jar%23443!/:?]
	at jdk.internal.reflect.NativeMethodAccessorImpl.invoke0(Native Method) ~[?:?]
	at jdk.internal.reflect.NativeMethodAccessorImpl.invoke(NativeMethodAccessorImpl.java:77) ~[?:?]
	at jdk.internal.reflect.DelegatingMethodAccessorImpl.invoke(DelegatingMethodAccessorImpl.java:43) ~[?:?]
	at java.lang.reflect.Method.invoke(Method.java:569) ~[?:?]
	at net.minecraftforge.fml.loading.targets.CommonLaunchHandler.runTarget(CommonLaunchHandler.java:111) ~[fmlloader-1.20.1-47.4.0.jar%2369!/:?]
	at net.minecraftforge.fml.loading.targets.CommonLaunchHandler.serverService(CommonLaunchHandler.java:103) ~[fmlloader-1.20.1-47.4.0.jar%2369!/:?]
	at net.minecraftforge.fml.loading.targets.CommonServerLaunchHandler.lambda$makeService$0(CommonServerLaunchHandler.java:27) ~[fmlloader-1.20.1-47.4.0.jar%2369!/:?]
	at cpw.mods.modlauncher.LaunchServiceHandlerDecorator.launch(LaunchServiceHandlerDecorator.java:30) ~[modlauncher-10.0.9.jar%2355!/:?]
	at cpw.mods.modlauncher.LaunchServiceHandler.launch(LaunchServiceHandler.java:53) ~[modlauncher-10.0.9.jar%2355!/:?]
	at cpw.mods.modlauncher.LaunchServiceHandler.launch(LaunchServiceHandler.java:71) ~[modlauncher-10.0.9.jar%2355!/:?]
	at cpw.mods.modlauncher.Launcher.run(Launcher.java:108) ~[modlauncher-10.0.9.jar%2355!/:?]
	at cpw.mods.modlauncher.Launcher.main(Launcher.java:78) ~[modlauncher-10.0.9.jar%2355!/:?]
	at cpw.mods.modlauncher.BootstrapLaunchConsumer.accept(BootstrapLaunchConsumer.java:26) ~[modlauncher-10.0.9.jar%2355!/:?]
	at cpw.mods.modlauncher.BootstrapLaunchConsumer.accept(BootstrapLaunchConsumer.java:23) ~[modlauncher-10.0.9.jar%2355!/:?]
	at cpw.mods.bootstraplauncher.BootstrapLauncher.main(BootstrapLauncher.java:141) ~[bootstraplauncher-1.1.2.jar:?]
[14Jul2025 20:09:42.046] [main/INFO] [net.minecraft.world.item.crafting.RecipeManager/]: Skipping loading recipe samurai_dynasty:tyr_samurai_helmet as it's serializer returned null
[14Jul2025 20:09:42.051] [main/ERROR] [net.minecraft.world.item.crafting.RecipeManager/]: Parsing error loading recipe dungeons_and_combat:neptunium_greatanchor_recipe
com.google.gson.JsonSyntaxException: Unknown item 'aquaculture:neptunium_ingot'
	at net.minecraft.world.item.crafting.ShapedRecipe.m_151280_(ShapedRecipe.java:292) ~[server-1.20.1-20230612.114412-srg.jar%23443!/:?]
	at java.util.Optional.orElseThrow(Optional.java:403) ~[?:?]
	at net.minecraft.world.item.crafting.ShapedRecipe.m_151278_(ShapedRecipe.java:291) ~[server-1.20.1-20230612.114412-srg.jar%23443!/:?]
	at net.minecraft.world.item.crafting.Ingredient.m_43919_(Ingredient.java:219) ~[server-1.20.1-20230612.114412-srg.jar%23443!/:?]
	at net.minecraftforge.common.crafting.VanillaIngredientSerializer.parse(VanillaIngredientSerializer.java:27) ~[forge-1.20.1-47.4.0-universal.jar%23448!/:?]
	at net.minecraftforge.common.crafting.CraftingHelper.getIngredient(CraftingHelper.java:148) ~[forge-1.20.1-47.4.0-universal.jar%23448!/:?]
	at net.minecraft.world.item.crafting.Ingredient.m_288218_(Ingredient.java:194) ~[server-1.20.1-20230612.114412-srg.jar%23443!/:?]
	at net.minecraft.world.item.crafting.ShapedRecipe.m_44210_(ShapedRecipe.java:278) ~[server-1.20.1-20230612.114412-srg.jar%23443!/:?]
	at net.minecraft.world.item.crafting.ShapedRecipe$Serializer.m_6729_(ShapedRecipe.java:306) ~[server-1.20.1-20230612.114412-srg.jar%23443!/:?]
	at net.minecraft.world.item.crafting.ShapedRecipe$Serializer.m_6729_(ShapedRecipe.java:301) ~[server-1.20.1-20230612.114412-srg.jar%23443!/:?]
	at net.minecraftforge.common.extensions.IForgeRecipeSerializer.fromJson(IForgeRecipeSerializer.java:23) ~[forge-1.20.1-47.4.0-universal.jar%23448!/:?]
	at net.minecraft.world.item.crafting.RecipeManager.fromJson(RecipeManager.java:171) ~[server-1.20.1-20230612.114412-srg.jar%23443!/:?]
	at net.minecraft.world.item.crafting.RecipeManager.m_5787_(RecipeManager.java:67) ~[server-1.20.1-20230612.114412-srg.jar%23443!/:?]
	at net.minecraft.world.item.crafting.RecipeManager.m_5787_(RecipeManager.java:34) ~[server-1.20.1-20230612.114412-srg.jar%23443!/:?]
	at net.minecraft.server.packs.resources.SimplePreparableReloadListener.m_10789_(SimplePreparableReloadListener.java:13) ~[server-1.20.1-20230612.114412-srg.jar%23443!/:?]
	at java.util.concurrent.CompletableFuture$UniAccept.tryFire(CompletableFuture.java:718) ~[?:?]
	at java.util.concurrent.CompletableFuture$Completion.run(CompletableFuture.java:482) ~[?:?]
	at net.minecraft.server.packs.resources.SimpleReloadInstance.m_143940_(SimpleReloadInstance.java:69) ~[server-1.20.1-20230612.114412-srg.jar%23443!/:?]
	at net.minecraft.Util.m_214652_(Util.java:783) ~[server-1.20.1-20230612.114412-srg.jar%23443!/:?]
	at net.minecraft.Util.m_214679_(Util.java:772) ~[server-1.20.1-20230612.114412-srg.jar%23443!/:?]
	at net.minecraft.server.Main.main(Main.java:166) ~[server-1.20.1-20230612.114412-srg.jar%23443!/:?]
	at jdk.internal.reflect.NativeMethodAccessorImpl.invoke0(Native Method) ~[?:?]
	at jdk.internal.reflect.NativeMethodAccessorImpl.invoke(NativeMethodAccessorImpl.java:77) ~[?:?]
	at jdk.internal.reflect.DelegatingMethodAccessorImpl.invoke(DelegatingMethodAccessorImpl.java:43) ~[?:?]
	at java.lang.reflect.Method.invoke(Method.java:569) ~[?:?]
	at net.minecraftforge.fml.loading.targets.CommonLaunchHandler.runTarget(CommonLaunchHandler.java:111) ~[fmlloader-1.20.1-47.4.0.jar%2369!/:?]
	at net.minecraftforge.fml.loading.targets.CommonLaunchHandler.serverService(CommonLaunchHandler.java:103) ~[fmlloader-1.20.1-47.4.0.jar%2369!/:?]
	at net.minecraftforge.fml.loading.targets.CommonServerLaunchHandler.lambda$makeService$0(CommonServerLaunchHandler.java:27) ~[fmlloader-1.20.1-47.4.0.jar%2369!/:?]
	at cpw.mods.modlauncher.LaunchServiceHandlerDecorator.launch(LaunchServiceHandlerDecorator.java:30) ~[modlauncher-10.0.9.jar%2355!/:?]
	at cpw.mods.modlauncher.LaunchServiceHandler.launch(LaunchServiceHandler.java:53) ~[modlauncher-10.0.9.jar%2355!/:?]
	at cpw.mods.modlauncher.LaunchServiceHandler.launch(LaunchServiceHandler.java:71) ~[modlauncher-10.0.9.jar%2355!/:?]
	at cpw.mods.modlauncher.Launcher.run(Launcher.java:108) ~[modlauncher-10.0.9.jar%2355!/:?]
	at cpw.mods.modlauncher.Launcher.main(Launcher.java:78) ~[modlauncher-10.0.9.jar%2355!/:?]
	at cpw.mods.modlauncher.BootstrapLaunchConsumer.accept(BootstrapLaunchConsumer.java:26) ~[modlauncher-10.0.9.jar%2355!/:?]
	at cpw.mods.modlauncher.BootstrapLaunchConsumer.accept(BootstrapLaunchConsumer.java:23) ~[modlauncher-10.0.9.jar%2355!/:?]
	at cpw.mods.bootstraplauncher.BootstrapLauncher.main(BootstrapLauncher.java:141) ~[bootstraplauncher-1.1.2.jar:?]
[14Jul2025 20:09:42.063] [main/ERROR] [net.minecraft.world.item.crafting.RecipeManager/]: Parsing error loading recipe dawnoftimebuilder:silk_lead
com.google.gson.JsonSyntaxException: Unknown item 'crittersandcompanions:silk_lead'
	at net.minecraftforge.common.crafting.CraftingHelper.getItem(CraftingHelper.java:160) ~[forge-1.20.1-47.4.0-universal.jar%23448!/:?]
	at net.minecraftforge.common.crafting.CraftingHelper.getItemStack(CraftingHelper.java:186) ~[forge-1.20.1-47.4.0-universal.jar%23448!/:?]
	at net.minecraft.world.item.crafting.ShapedRecipe.m_151274_(ShapedRecipe.java:286) ~[server-1.20.1-20230612.114412-srg.jar%23443!/:?]
	at net.minecraft.world.item.crafting.ShapedRecipe$Serializer.m_6729_(ShapedRecipe.java:311) ~[server-1.20.1-20230612.114412-srg.jar%23443!/:?]
	at net.minecraft.world.item.crafting.ShapedRecipe$Serializer.m_6729_(ShapedRecipe.java:301) ~[server-1.20.1-20230612.114412-srg.jar%23443!/:?]
	at net.minecraftforge.common.extensions.IForgeRecipeSerializer.fromJson(IForgeRecipeSerializer.java:23) ~[forge-1.20.1-47.4.0-universal.jar%23448!/:?]
	at net.minecraft.world.item.crafting.RecipeManager.fromJson(RecipeManager.java:171) ~[server-1.20.1-20230612.114412-srg.jar%23443!/:?]
	at net.minecraft.world.item.crafting.RecipeManager.m_5787_(RecipeManager.java:67) ~[server-1.20.1-20230612.114412-srg.jar%23443!/:?]
	at net.minecraft.world.item.crafting.RecipeManager.m_5787_(RecipeManager.java:34) ~[server-1.20.1-20230612.114412-srg.jar%23443!/:?]
	at net.minecraft.server.packs.resources.SimplePreparableReloadListener.m_10789_(SimplePreparableReloadListener.java:13) ~[server-1.20.1-20230612.114412-srg.jar%23443!/:?]
	at java.util.concurrent.CompletableFuture$UniAccept.tryFire(CompletableFuture.java:718) ~[?:?]
	at java.util.concurrent.CompletableFuture$Completion.run(CompletableFuture.java:482) ~[?:?]
	at net.minecraft.server.packs.resources.SimpleReloadInstance.m_143940_(SimpleReloadInstance.java:69) ~[server-1.20.1-20230612.114412-srg.jar%23443!/:?]
	at net.minecraft.Util.m_214652_(Util.java:783) ~[server-1.20.1-20230612.114412-srg.jar%23443!/:?]
	at net.minecraft.Util.m_214679_(Util.java:772) ~[server-1.20.1-20230612.114412-srg.jar%23443!/:?]
	at net.minecraft.server.Main.main(Main.java:166) ~[server-1.20.1-20230612.114412-srg.jar%23443!/:?]
	at jdk.internal.reflect.NativeMethodAccessorImpl.invoke0(Native Method) ~[?:?]
	at jdk.internal.reflect.NativeMethodAccessorImpl.invoke(NativeMethodAccessorImpl.java:77) ~[?:?]
	at jdk.internal.reflect.DelegatingMethodAccessorImpl.invoke(DelegatingMethodAccessorImpl.java:43) ~[?:?]
	at java.lang.reflect.Method.invoke(Method.java:569) ~[?:?]
	at net.minecraftforge.fml.loading.targets.CommonLaunchHandler.runTarget(CommonLaunchHandler.java:111) ~[fmlloader-1.20.1-47.4.0.jar%2369!/:?]
	at net.minecraftforge.fml.loading.targets.CommonLaunchHandler.serverService(CommonLaunchHandler.java:103) ~[fmlloader-1.20.1-47.4.0.jar%2369!/:?]
	at net.minecraftforge.fml.loading.targets.CommonServerLaunchHandler.lambda$makeService$0(CommonServerLaunchHandler.java:27) ~[fmlloader-1.20.1-47.4.0.jar%2369!/:?]
	at cpw.mods.modlauncher.LaunchServiceHandlerDecorator.launch(LaunchServiceHandlerDecorator.java:30) ~[modlauncher-10.0.9.jar%2355!/:?]
	at cpw.mods.modlauncher.LaunchServiceHandler.launch(LaunchServiceHandler.java:53) ~[modlauncher-10.0.9.jar%2355!/:?]
	at cpw.mods.modlauncher.LaunchServiceHandler.launch(LaunchServiceHandler.java:71) ~[modlauncher-10.0.9.jar%2355!/:?]
	at cpw.mods.modlauncher.Launcher.run(Launcher.java:108) ~[modlauncher-10.0.9.jar%2355!/:?]
	at cpw.mods.modlauncher.Launcher.main(Launcher.java:78) ~[modlauncher-10.0.9.jar%2355!/:?]
	at cpw.mods.modlauncher.BootstrapLaunchConsumer.accept(BootstrapLaunchConsumer.java:26) ~[modlauncher-10.0.9.jar%2355!/:?]
	at cpw.mods.modlauncher.BootstrapLaunchConsumer.accept(BootstrapLaunchConsumer.java:23) ~[modlauncher-10.0.9.jar%2355!/:?]
	at cpw.mods.bootstraplauncher.BootstrapLauncher.main(BootstrapLauncher.java:141) ~[bootstraplauncher-1.1.2.jar:?]
[14Jul2025 20:09:42.065] [main/INFO] [net.minecraft.world.item.crafting.RecipeManager/]: Skipping loading recipe samurai_dynasty:etyrite_samruai_helmet_smithing as it's serializer returned null
[14Jul2025 20:09:42.065] [main/ERROR] [net.minecraft.world.item.crafting.RecipeManager/]: Parsing error loading recipe rpgsmw:nca
com.google.gson.JsonSyntaxException: Unknown item 'rpgsmw:deleted_mod_element'
	at net.minecraftforge.common.crafting.CraftingHelper.getItem(CraftingHelper.java:160) ~[forge-1.20.1-47.4.0-universal.jar%23448!/:?]
	at net.minecraftforge.common.crafting.CraftingHelper.getItemStack(CraftingHelper.java:186) ~[forge-1.20.1-47.4.0-universal.jar%23448!/:?]
	at net.minecraft.world.item.crafting.ShapedRecipe.m_151274_(ShapedRecipe.java:286) ~[server-1.20.1-20230612.114412-srg.jar%23443!/:?]
	at net.minecraft.world.item.crafting.ShapedRecipe$Serializer.m_6729_(ShapedRecipe.java:311) ~[server-1.20.1-20230612.114412-srg.jar%23443!/:?]
	at net.minecraft.world.item.crafting.ShapedRecipe$Serializer.m_6729_(ShapedRecipe.java:301) ~[server-1.20.1-20230612.114412-srg.jar%23443!/:?]
	at net.minecraftforge.common.extensions.IForgeRecipeSerializer.fromJson(IForgeRecipeSerializer.java:23) ~[forge-1.20.1-47.4.0-universal.jar%23448!/:?]
	at net.minecraft.world.item.crafting.RecipeManager.fromJson(RecipeManager.java:171) ~[server-1.20.1-20230612.114412-srg.jar%23443!/:?]
	at net.minecraft.world.item.crafting.RecipeManager.m_5787_(RecipeManager.java:67) ~[server-1.20.1-20230612.114412-srg.jar%23443!/:?]
	at net.minecraft.world.item.crafting.RecipeManager.m_5787_(RecipeManager.java:34) ~[server-1.20.1-20230612.114412-srg.jar%23443!/:?]
	at net.minecraft.server.packs.resources.SimplePreparableReloadListener.m_10789_(SimplePreparableReloadListener.java:13) ~[server-1.20.1-20230612.114412-srg.jar%23443!/:?]
	at java.util.concurrent.CompletableFuture$UniAccept.tryFire(CompletableFuture.java:718) ~[?:?]
	at java.util.concurrent.CompletableFuture$Completion.run(CompletableFuture.java:482) ~[?:?]
	at net.minecraft.server.packs.resources.SimpleReloadInstance.m_143940_(SimpleReloadInstance.java:69) ~[server-1.20.1-20230612.114412-srg.jar%23443!/:?]
	at net.minecraft.Util.m_214652_(Util.java:783) ~[server-1.20.1-20230612.114412-srg.jar%23443!/:?]
	at net.minecraft.Util.m_214679_(Util.java:772) ~[server-1.20.1-20230612.114412-srg.jar%23443!/:?]
	at net.minecraft.server.Main.main(Main.java:166) ~[server-1.20.1-20230612.114412-srg.jar%23443!/:?]
	at jdk.internal.reflect.NativeMethodAccessorImpl.invoke0(Native Method) ~[?:?]
	at jdk.internal.reflect.NativeMethodAccessorImpl.invoke(NativeMethodAccessorImpl.java:77) ~[?:?]
	at jdk.internal.reflect.DelegatingMethodAccessorImpl.invoke(DelegatingMethodAccessorImpl.java:43) ~[?:?]
	at java.lang.reflect.Method.invoke(Method.java:569) ~[?:?]
	at net.minecraftforge.fml.loading.targets.CommonLaunchHandler.runTarget(CommonLaunchHandler.java:111) ~[fmlloader-1.20.1-47.4.0.jar%2369!/:?]
	at net.minecraftforge.fml.loading.targets.CommonLaunchHandler.serverService(CommonLaunchHandler.java:103) ~[fmlloader-1.20.1-47.4.0.jar%2369!/:?]
	at net.minecraftforge.fml.loading.targets.CommonServerLaunchHandler.lambda$makeService$0(CommonServerLaunchHandler.java:27) ~[fmlloader-1.20.1-47.4.0.jar%2369!/:?]
	at cpw.mods.modlauncher.LaunchServiceHandlerDecorator.launch(LaunchServiceHandlerDecorator.java:30) ~[modlauncher-10.0.9.jar%2355!/:?]
	at cpw.mods.modlauncher.LaunchServiceHandler.launch(LaunchServiceHandler.java:53) ~[modlauncher-10.0.9.jar%2355!/:?]
	at cpw.mods.modlauncher.LaunchServiceHandler.launch(LaunchServiceHandler.java:71) ~[modlauncher-10.0.9.jar%2355!/:?]
	at cpw.mods.modlauncher.Launcher.run(Launcher.java:108) ~[modlauncher-10.0.9.jar%2355!/:?]
	at cpw.mods.modlauncher.Launcher.main(Launcher.java:78) ~[modlauncher-10.0.9.jar%2355!/:?]
	at cpw.mods.modlauncher.BootstrapLaunchConsumer.accept(BootstrapLaunchConsumer.java:26) ~[modlauncher-10.0.9.jar%2355!/:?]
	at cpw.mods.modlauncher.BootstrapLaunchConsumer.accept(BootstrapLaunchConsumer.java:23) ~[modlauncher-10.0.9.jar%2355!/:?]
	at cpw.mods.bootstraplauncher.BootstrapLauncher.main(BootstrapLauncher.java:141) ~[bootstraplauncher-1.1.2.jar:?]
[14Jul2025 20:09:42.066] [main/ERROR] [net.minecraft.world.item.crafting.RecipeManager/]: Parsing error loading recipe rpgsmw:ncc
com.google.gson.JsonSyntaxException: Unknown item 'rpgsmw:deleted_mod_element'
	at net.minecraftforge.common.crafting.CraftingHelper.getItem(CraftingHelper.java:160) ~[forge-1.20.1-47.4.0-universal.jar%23448!/:?]
	at net.minecraftforge.common.crafting.CraftingHelper.getItemStack(CraftingHelper.java:186) ~[forge-1.20.1-47.4.0-universal.jar%23448!/:?]
	at net.minecraft.world.item.crafting.ShapedRecipe.m_151274_(ShapedRecipe.java:286) ~[server-1.20.1-20230612.114412-srg.jar%23443!/:?]
	at net.minecraft.world.item.crafting.ShapedRecipe$Serializer.m_6729_(ShapedRecipe.java:311) ~[server-1.20.1-20230612.114412-srg.jar%23443!/:?]
	at net.minecraft.world.item.crafting.ShapedRecipe$Serializer.m_6729_(ShapedRecipe.java:301) ~[server-1.20.1-20230612.114412-srg.jar%23443!/:?]
	at net.minecraftforge.common.extensions.IForgeRecipeSerializer.fromJson(IForgeRecipeSerializer.java:23) ~[forge-1.20.1-47.4.0-universal.jar%23448!/:?]
	at net.minecraft.world.item.crafting.RecipeManager.fromJson(RecipeManager.java:171) ~[server-1.20.1-20230612.114412-srg.jar%23443!/:?]
	at net.minecraft.world.item.crafting.RecipeManager.m_5787_(RecipeManager.java:67) ~[server-1.20.1-20230612.114412-srg.jar%23443!/:?]
	at net.minecraft.world.item.crafting.RecipeManager.m_5787_(RecipeManager.java:34) ~[server-1.20.1-20230612.114412-srg.jar%23443!/:?]
	at net.minecraft.server.packs.resources.SimplePreparableReloadListener.m_10789_(SimplePreparableReloadListener.java:13) ~[server-1.20.1-20230612.114412-srg.jar%23443!/:?]
	at java.util.concurrent.CompletableFuture$UniAccept.tryFire(CompletableFuture.java:718) ~[?:?]
	at java.util.concurrent.CompletableFuture$Completion.run(CompletableFuture.java:482) ~[?:?]
	at net.minecraft.server.packs.resources.SimpleReloadInstance.m_143940_(SimpleReloadInstance.java:69) ~[server-1.20.1-20230612.114412-srg.jar%23443!/:?]
	at net.minecraft.Util.m_214652_(Util.java:783) ~[server-1.20.1-20230612.114412-srg.jar%23443!/:?]
	at net.minecraft.Util.m_214679_(Util.java:772) ~[server-1.20.1-20230612.114412-srg.jar%23443!/:?]
	at net.minecraft.server.Main.main(Main.java:166) ~[server-1.20.1-20230612.114412-srg.jar%23443!/:?]
	at jdk.internal.reflect.NativeMethodAccessorImpl.invoke0(Native Method) ~[?:?]
	at jdk.internal.reflect.NativeMethodAccessorImpl.invoke(NativeMethodAccessorImpl.java:77) ~[?:?]
	at jdk.internal.reflect.DelegatingMethodAccessorImpl.invoke(DelegatingMethodAccessorImpl.java:43) ~[?:?]
	at java.lang.reflect.Method.invoke(Method.java:569) ~[?:?]
	at net.minecraftforge.fml.loading.targets.CommonLaunchHandler.runTarget(CommonLaunchHandler.java:111) ~[fmlloader-1.20.1-47.4.0.jar%2369!/:?]
	at net.minecraftforge.fml.loading.targets.CommonLaunchHandler.serverService(CommonLaunchHandler.java:103) ~[fmlloader-1.20.1-47.4.0.jar%2369!/:?]
	at net.minecraftforge.fml.loading.targets.CommonServerLaunchHandler.lambda$makeService$0(CommonServerLaunchHandler.java:27) ~[fmlloader-1.20.1-47.4.0.jar%2369!/:?]
	at cpw.mods.modlauncher.LaunchServiceHandlerDecorator.launch(LaunchServiceHandlerDecorator.java:30) ~[modlauncher-10.0.9.jar%2355!/:?]
	at cpw.mods.modlauncher.LaunchServiceHandler.launch(LaunchServiceHandler.java:53) ~[modlauncher-10.0.9.jar%2355!/:?]
	at cpw.mods.modlauncher.LaunchServiceHandler.launch(LaunchServiceHandler.java:71) ~[modlauncher-10.0.9.jar%2355!/:?]
	at cpw.mods.modlauncher.Launcher.run(Launcher.java:108) ~[modlauncher-10.0.9.jar%2355!/:?]
	at cpw.mods.modlauncher.Launcher.main(Launcher.java:78) ~[modlauncher-10.0.9.jar%2355!/:?]
	at cpw.mods.modlauncher.BootstrapLaunchConsumer.accept(BootstrapLaunchConsumer.java:26) ~[modlauncher-10.0.9.jar%2355!/:?]
	at cpw.mods.modlauncher.BootstrapLaunchConsumer.accept(BootstrapLaunchConsumer.java:23) ~[modlauncher-10.0.9.jar%2355!/:?]
	at cpw.mods.bootstraplauncher.BootstrapLauncher.main(BootstrapLauncher.java:141) ~[bootstraplauncher-1.1.2.jar:?]
[14Jul2025 20:09:42.068] [main/INFO] [net.minecraft.world.item.crafting.RecipeManager/]: Skipping loading recipe knightsnmages:smithing_allthemodium_leggings as it's serializer returned null
[14Jul2025 20:09:42.068] [main/ERROR] [net.minecraft.world.item.crafting.RecipeManager/]: Parsing error loading recipe dungeons_and_combat:dark_metal_leggings
com.google.gson.JsonSyntaxException: Unknown item 'born_in_chaos_v1:dark_metal_armor_leggings'
	at net.minecraft.world.item.crafting.ShapedRecipe.m_151280_(ShapedRecipe.java:292) ~[server-1.20.1-20230612.114412-srg.jar%23443!/:?]
	at java.util.Optional.orElseThrow(Optional.java:403) ~[?:?]
	at net.minecraft.world.item.crafting.ShapedRecipe.m_151278_(ShapedRecipe.java:291) ~[server-1.20.1-20230612.114412-srg.jar%23443!/:?]
	at net.minecraft.world.item.crafting.Ingredient.m_43919_(Ingredient.java:219) ~[server-1.20.1-20230612.114412-srg.jar%23443!/:?]
	at net.minecraftforge.common.crafting.VanillaIngredientSerializer.parse(VanillaIngredientSerializer.java:27) ~[forge-1.20.1-47.4.0-universal.jar%23448!/:?]
	at net.minecraftforge.common.crafting.CraftingHelper.getIngredient(CraftingHelper.java:148) ~[forge-1.20.1-47.4.0-universal.jar%23448!/:?]
	at net.minecraft.world.item.crafting.Ingredient.m_288218_(Ingredient.java:194) ~[server-1.20.1-20230612.114412-srg.jar%23443!/:?]
	at net.minecraft.world.item.crafting.Ingredient.m_43917_(Ingredient.java:189) ~[server-1.20.1-20230612.114412-srg.jar%23443!/:?]
	at net.minecraft.world.item.crafting.SmithingTransformRecipe$Serializer.m_6729_(SmithingTransformRecipe.java:74) ~[server-1.20.1-20230612.114412-srg.jar%23443!/:?]
	at net.minecraft.world.item.crafting.SmithingTransformRecipe$Serializer.m_6729_(SmithingTransformRecipe.java:71) ~[server-1.20.1-20230612.114412-srg.jar%23443!/:?]
	at net.minecraftforge.common.extensions.IForgeRecipeSerializer.fromJson(IForgeRecipeSerializer.java:23) ~[forge-1.20.1-47.4.0-universal.jar%23448!/:?]
	at net.minecraft.world.item.crafting.RecipeManager.fromJson(RecipeManager.java:171) ~[server-1.20.1-20230612.114412-srg.jar%23443!/:?]
	at net.minecraft.world.item.crafting.RecipeManager.m_5787_(RecipeManager.java:67) ~[server-1.20.1-20230612.114412-srg.jar%23443!/:?]
	at net.minecraft.world.item.crafting.RecipeManager.m_5787_(RecipeManager.java:34) ~[server-1.20.1-20230612.114412-srg.jar%23443!/:?]
	at net.minecraft.server.packs.resources.SimplePreparableReloadListener.m_10789_(SimplePreparableReloadListener.java:13) ~[server-1.20.1-20230612.114412-srg.jar%23443!/:?]
	at java.util.concurrent.CompletableFuture$UniAccept.tryFire(CompletableFuture.java:718) ~[?:?]
	at java.util.concurrent.CompletableFuture$Completion.run(CompletableFuture.java:482) ~[?:?]
	at net.minecraft.server.packs.resources.SimpleReloadInstance.m_143940_(SimpleReloadInstance.java:69) ~[server-1.20.1-20230612.114412-srg.jar%23443!/:?]
	at net.minecraft.Util.m_214652_(Util.java:783) ~[server-1.20.1-20230612.114412-srg.jar%23443!/:?]
	at net.minecraft.Util.m_214679_(Util.java:772) ~[server-1.20.1-20230612.114412-srg.jar%23443!/:?]
	at net.minecraft.server.Main.main(Main.java:166) ~[server-1.20.1-20230612.114412-srg.jar%23443!/:?]
	at jdk.internal.reflect.NativeMethodAccessorImpl.invoke0(Native Method) ~[?:?]
	at jdk.internal.reflect.NativeMethodAccessorImpl.invoke(NativeMethodAccessorImpl.java:77) ~[?:?]
	at jdk.internal.reflect.DelegatingMethodAccessorImpl.invoke(DelegatingMethodAccessorImpl.java:43) ~[?:?]
	at java.lang.reflect.Method.invoke(Method.java:569) ~[?:?]
	at net.minecraftforge.fml.loading.targets.CommonLaunchHandler.runTarget(CommonLaunchHandler.java:111) ~[fmlloader-1.20.1-47.4.0.jar%2369!/:?]
	at net.minecraftforge.fml.loading.targets.CommonLaunchHandler.serverService(CommonLaunchHandler.java:103) ~[fmlloader-1.20.1-47.4.0.jar%2369!/:?]
	at net.minecraftforge.fml.loading.targets.CommonServerLaunchHandler.lambda$makeService$0(CommonServerLaunchHandler.java:27) ~[fmlloader-1.20.1-47.4.0.jar%2369!/:?]
	at cpw.mods.modlauncher.LaunchServiceHandlerDecorator.launch(LaunchServiceHandlerDecorator.java:30) ~[modlauncher-10.0.9.jar%2355!/:?]
	at cpw.mods.modlauncher.LaunchServiceHandler.launch(LaunchServiceHandler.java:53) ~[modlauncher-10.0.9.jar%2355!/:?]
	at cpw.mods.modlauncher.LaunchServiceHandler.launch(LaunchServiceHandler.java:71) ~[modlauncher-10.0.9.jar%2355!/:?]
	at cpw.mods.modlauncher.Launcher.run(Launcher.java:108) ~[modlauncher-10.0.9.jar%2355!/:?]
	at cpw.mods.modlauncher.Launcher.main(Launcher.java:78) ~[modlauncher-10.0.9.jar%2355!/:?]
	at cpw.mods.modlauncher.BootstrapLaunchConsumer.accept(BootstrapLaunchConsumer.java:26) ~[modlauncher-10.0.9.jar%2355!/:?]
	at cpw.mods.modlauncher.BootstrapLaunchConsumer.accept(BootstrapLaunchConsumer.java:23) ~[modlauncher-10.0.9.jar%2355!/:?]
	at cpw.mods.bootstraplauncher.BootstrapLauncher.main(BootstrapLauncher.java:141) ~[bootstraplauncher-1.1.2.jar:?]
[14Jul2025 20:09:42.105] [main/INFO] [net.minecraft.world.item.crafting.RecipeManager/]: Skipping loading recipe samurai_dynasty:sculk_samruai_boots_smithing as it's serializer returned null
[14Jul2025 20:09:42.125] [main/ERROR] [net.minecraft.world.item.crafting.RecipeManager/]: Parsing error loading recipe battle_arts:iron_taijian
com.google.gson.JsonSyntaxException: Invalid pattern: each row must be the same width
	at net.minecraft.world.item.crafting.ShapedRecipe.m_44196_(ShapedRecipe.java:256) ~[server-1.20.1-20230612.114412-srg.jar%23443!/:?]
	at net.minecraft.world.item.crafting.ShapedRecipe$Serializer.m_6729_(ShapedRecipe.java:307) ~[server-1.20.1-20230612.114412-srg.jar%23443!/:?]
	at net.minecraft.world.item.crafting.ShapedRecipe$Serializer.m_6729_(ShapedRecipe.java:301) ~[server-1.20.1-20230612.114412-srg.jar%23443!/:?]
	at net.minecraftforge.common.extensions.IForgeRecipeSerializer.fromJson(IForgeRecipeSerializer.java:23) ~[forge-1.20.1-47.4.0-universal.jar%23448!/:?]
	at net.minecraft.world.item.crafting.RecipeManager.fromJson(RecipeManager.java:171) ~[server-1.20.1-20230612.114412-srg.jar%23443!/:?]
	at net.minecraft.world.item.crafting.RecipeManager.m_5787_(RecipeManager.java:67) ~[server-1.20.1-20230612.114412-srg.jar%23443!/:?]
	at net.minecraft.world.item.crafting.RecipeManager.m_5787_(RecipeManager.java:34) ~[server-1.20.1-20230612.114412-srg.jar%23443!/:?]
	at net.minecraft.server.packs.resources.SimplePreparableReloadListener.m_10789_(SimplePreparableReloadListener.java:13) ~[server-1.20.1-20230612.114412-srg.jar%23443!/:?]
	at java.util.concurrent.CompletableFuture$UniAccept.tryFire(CompletableFuture.java:718) ~[?:?]
	at java.util.concurrent.CompletableFuture$Completion.run(CompletableFuture.java:482) ~[?:?]
	at net.minecraft.server.packs.resources.SimpleReloadInstance.m_143940_(SimpleReloadInstance.java:69) ~[server-1.20.1-20230612.114412-srg.jar%23443!/:?]
	at net.minecraft.Util.m_214652_(Util.java:783) ~[server-1.20.1-20230612.114412-srg.jar%23443!/:?]
	at net.minecraft.Util.m_214679_(Util.java:772) ~[server-1.20.1-20230612.114412-srg.jar%23443!/:?]
	at net.minecraft.server.Main.main(Main.java:166) ~[server-1.20.1-20230612.114412-srg.jar%23443!/:?]
	at jdk.internal.reflect.NativeMethodAccessorImpl.invoke0(Native Method) ~[?:?]
	at jdk.internal.reflect.NativeMethodAccessorImpl.invoke(NativeMethodAccessorImpl.java:77) ~[?:?]
	at jdk.internal.reflect.DelegatingMethodAccessorImpl.invoke(DelegatingMethodAccessorImpl.java:43) ~[?:?]
	at java.lang.reflect.Method.invoke(Method.java:569) ~[?:?]
	at net.minecraftforge.fml.loading.targets.CommonLaunchHandler.runTarget(CommonLaunchHandler.java:111) ~[fmlloader-1.20.1-47.4.0.jar%2369!/:?]
	at net.minecraftforge.fml.loading.targets.CommonLaunchHandler.serverService(CommonLaunchHandler.java:103) ~[fmlloader-1.20.1-47.4.0.jar%2369!/:?]
	at net.minecraftforge.fml.loading.targets.CommonServerLaunchHandler.lambda$makeService$0(CommonServerLaunchHandler.java:27) ~[fmlloader-1.20.1-47.4.0.jar%2369!/:?]
	at cpw.mods.modlauncher.LaunchServiceHandlerDecorator.launch(LaunchServiceHandlerDecorator.java:30) ~[modlauncher-10.0.9.jar%2355!/:?]
	at cpw.mods.modlauncher.LaunchServiceHandler.launch(LaunchServiceHandler.java:53) ~[modlauncher-10.0.9.jar%2355!/:?]
	at cpw.mods.modlauncher.LaunchServiceHandler.launch(LaunchServiceHandler.java:71) ~[modlauncher-10.0.9.jar%2355!/:?]
	at cpw.mods.modlauncher.Launcher.run(Launcher.java:108) ~[modlauncher-10.0.9.jar%2355!/:?]
	at cpw.mods.modlauncher.Launcher.main(Launcher.java:78) ~[modlauncher-10.0.9.jar%2355!/:?]
	at cpw.mods.modlauncher.BootstrapLaunchConsumer.accept(BootstrapLaunchConsumer.java:26) ~[modlauncher-10.0.9.jar%2355!/:?]
	at cpw.mods.modlauncher.BootstrapLaunchConsumer.accept(BootstrapLaunchConsumer.java:23) ~[modlauncher-10.0.9.jar%2355!/:?]
	at cpw.mods.bootstraplauncher.BootstrapLauncher.main(BootstrapLauncher.java:141) ~[bootstraplauncher-1.1.2.jar:?]
[14Jul2025 20:09:42.127] [main/INFO] [net.minecraft.world.item.crafting.RecipeManager/]: Skipping loading recipe samurai_dynasty:neptunium_samurai_leggings as it's serializer returned null
[14Jul2025 20:09:42.137] [main/INFO] [net.minecraft.world.item.crafting.RecipeManager/]: Skipping loading recipe samurai_dynasty:draco_samurai_leggings as it's serializer returned null
[14Jul2025 20:09:42.144] [main/INFO] [net.minecraft.world.item.crafting.RecipeManager/]: Skipping loading recipe samurai_dynasty:tyr_samurai_leggings as it's serializer returned null
[14Jul2025 20:09:42.150] [main/INFO] [net.minecraft.world.item.crafting.RecipeManager/]: Skipping loading recipe twilightforest:jeed/resistance as it's serializer returned null
[14Jul2025 20:09:42.169] [main/ERROR] [net.minecraft.world.item.crafting.RecipeManager/]: Parsing error loading recipe samurai_dynasty:mask_netherite_samurai_helmet
com.google.gson.JsonSyntaxException: Unknown item 'samurai_dynasty:mask_netherite_samurai_helmet'
	at net.minecraftforge.common.crafting.CraftingHelper.getItem(CraftingHelper.java:160) ~[forge-1.20.1-47.4.0-universal.jar%23448!/:?]
	at net.minecraftforge.common.crafting.CraftingHelper.getItemStack(CraftingHelper.java:186) ~[forge-1.20.1-47.4.0-universal.jar%23448!/:?]
	at net.minecraft.world.item.crafting.ShapedRecipe.m_151274_(ShapedRecipe.java:286) ~[server-1.20.1-20230612.114412-srg.jar%23443!/:?]
	at net.minecraft.world.item.crafting.ShapelessRecipe$Serializer.m_6729_(ShapelessRecipe.java:95) ~[server-1.20.1-20230612.114412-srg.jar%23443!/:?]
	at net.minecraft.world.item.crafting.ShapelessRecipe$Serializer.m_6729_(ShapelessRecipe.java:84) ~[server-1.20.1-20230612.114412-srg.jar%23443!/:?]
	at net.minecraftforge.common.extensions.IForgeRecipeSerializer.fromJson(IForgeRecipeSerializer.java:23) ~[forge-1.20.1-47.4.0-universal.jar%23448!/:?]
	at net.minecraft.world.item.crafting.RecipeManager.fromJson(RecipeManager.java:171) ~[server-1.20.1-20230612.114412-srg.jar%23443!/:?]
	at net.minecraft.world.item.crafting.RecipeManager.m_5787_(RecipeManager.java:67) ~[server-1.20.1-20230612.114412-srg.jar%23443!/:?]
	at net.minecraft.world.item.crafting.RecipeManager.m_5787_(RecipeManager.java:34) ~[server-1.20.1-20230612.114412-srg.jar%23443!/:?]
	at net.minecraft.server.packs.resources.SimplePreparableReloadListener.m_10789_(SimplePreparableReloadListener.java:13) ~[server-1.20.1-20230612.114412-srg.jar%23443!/:?]
	at java.util.concurrent.CompletableFuture$UniAccept.tryFire(CompletableFuture.java:718) ~[?:?]
	at java.util.concurrent.CompletableFuture$Completion.run(CompletableFuture.java:482) ~[?:?]
	at net.minecraft.server.packs.resources.SimpleReloadInstance.m_143940_(SimpleReloadInstance.java:69) ~[server-1.20.1-20230612.114412-srg.jar%23443!/:?]
	at net.minecraft.Util.m_214652_(Util.java:783) ~[server-1.20.1-20230612.114412-srg.jar%23443!/:?]
	at net.minecraft.Util.m_214679_(Util.java:772) ~[server-1.20.1-20230612.114412-srg.jar%23443!/:?]
	at net.minecraft.server.Main.main(Main.java:166) ~[server-1.20.1-20230612.114412-srg.jar%23443!/:?]
	at jdk.internal.reflect.NativeMethodAccessorImpl.invoke0(Native Method) ~[?:?]
	at jdk.internal.reflect.NativeMethodAccessorImpl.invoke(NativeMethodAccessorImpl.java:77) ~[?:?]
	at jdk.internal.reflect.DelegatingMethodAccessorImpl.invoke(DelegatingMethodAccessorImpl.java:43) ~[?:?]
	at java.lang.reflect.Method.invoke(Method.java:569) ~[?:?]
	at net.minecraftforge.fml.loading.targets.CommonLaunchHandler.runTarget(CommonLaunchHandler.java:111) ~[fmlloader-1.20.1-47.4.0.jar%2369!/:?]
	at net.minecraftforge.fml.loading.targets.CommonLaunchHandler.serverService(CommonLaunchHandler.java:103) ~[fmlloader-1.20.1-47.4.0.jar%2369!/:?]
	at net.minecraftforge.fml.loading.targets.CommonServerLaunchHandler.lambda$makeService$0(CommonServerLaunchHandler.java:27) ~[fmlloader-1.20.1-47.4.0.jar%2369!/:?]
	at cpw.mods.modlauncher.LaunchServiceHandlerDecorator.launch(LaunchServiceHandlerDecorator.java:30) ~[modlauncher-10.0.9.jar%2355!/:?]
	at cpw.mods.modlauncher.LaunchServiceHandler.launch(LaunchServiceHandler.java:53) ~[modlauncher-10.0.9.jar%2355!/:?]
	at cpw.mods.modlauncher.LaunchServiceHandler.launch(LaunchServiceHandler.java:71) ~[modlauncher-10.0.9.jar%2355!/:?]
	at cpw.mods.modlauncher.Launcher.run(Launcher.java:108) ~[modlauncher-10.0.9.jar%2355!/:?]
	at cpw.mods.modlauncher.Launcher.main(Launcher.java:78) ~[modlauncher-10.0.9.jar%2355!/:?]
	at cpw.mods.modlauncher.BootstrapLaunchConsumer.accept(BootstrapLaunchConsumer.java:26) ~[modlauncher-10.0.9.jar%2355!/:?]
	at cpw.mods.modlauncher.BootstrapLaunchConsumer.accept(BootstrapLaunchConsumer.java:23) ~[modlauncher-10.0.9.jar%2355!/:?]
	at cpw.mods.bootstraplauncher.BootstrapLauncher.main(BootstrapLauncher.java:141) ~[bootstraplauncher-1.1.2.jar:?]
[14Jul2025 20:09:42.171] [main/INFO] [net.minecraft.world.item.crafting.RecipeManager/]: Skipping loading recipe toolbelt:pouch_upgrade_5_via_sewing as it's serializer returned null
[14Jul2025 20:09:42.177] [main/INFO] [net.minecraft.world.item.crafting.RecipeManager/]: Skipping loading recipe knightsnmages:smithing_allthemodium_chestplate as it's serializer returned null
[14Jul2025 20:09:42.190] [main/INFO] [net.minecraft.world.item.crafting.RecipeManager/]: Skipping loading recipe toolbelt:belt_via_sewing as it's serializer returned null
[14Jul2025 20:09:42.190] [main/ERROR] [net.minecraft.world.item.crafting.RecipeManager/]: Parsing error loading recipe samurai_dynasty:mask_quartz_samurai_helmet
com.google.gson.JsonSyntaxException: Unknown item 'samurai_dynasty:mask_quartz_samurai_helmet'
	at net.minecraftforge.common.crafting.CraftingHelper.getItem(CraftingHelper.java:160) ~[forge-1.20.1-47.4.0-universal.jar%23448!/:?]
	at net.minecraftforge.common.crafting.CraftingHelper.getItemStack(CraftingHelper.java:186) ~[forge-1.20.1-47.4.0-universal.jar%23448!/:?]
	at net.minecraft.world.item.crafting.ShapedRecipe.m_151274_(ShapedRecipe.java:286) ~[server-1.20.1-20230612.114412-srg.jar%23443!/:?]
	at net.minecraft.world.item.crafting.ShapelessRecipe$Serializer.m_6729_(ShapelessRecipe.java:95) ~[server-1.20.1-20230612.114412-srg.jar%23443!/:?]
	at net.minecraft.world.item.crafting.ShapelessRecipe$Serializer.m_6729_(ShapelessRecipe.java:84) ~[server-1.20.1-20230612.114412-srg.jar%23443!/:?]
	at net.minecraftforge.common.extensions.IForgeRecipeSerializer.fromJson(IForgeRecipeSerializer.java:23) ~[forge-1.20.1-47.4.0-universal.jar%23448!/:?]
	at net.minecraft.world.item.crafting.RecipeManager.fromJson(RecipeManager.java:171) ~[server-1.20.1-20230612.114412-srg.jar%23443!/:?]
	at net.minecraft.world.item.crafting.RecipeManager.m_5787_(RecipeManager.java:67) ~[server-1.20.1-20230612.114412-srg.jar%23443!/:?]
	at net.minecraft.world.item.crafting.RecipeManager.m_5787_(RecipeManager.java:34) ~[server-1.20.1-20230612.114412-srg.jar%23443!/:?]
	at net.minecraft.server.packs.resources.SimplePreparableReloadListener.m_10789_(SimplePreparableReloadListener.java:13) ~[server-1.20.1-20230612.114412-srg.jar%23443!/:?]
	at java.util.concurrent.CompletableFuture$UniAccept.tryFire(CompletableFuture.java:718) ~[?:?]
	at java.util.concurrent.CompletableFuture$Completion.run(CompletableFuture.java:482) ~[?:?]
	at net.minecraft.server.packs.resources.SimpleReloadInstance.m_143940_(SimpleReloadInstance.java:69) ~[server-1.20.1-20230612.114412-srg.jar%23443!/:?]
	at net.minecraft.Util.m_214652_(Util.java:783) ~[server-1.20.1-20230612.114412-srg.jar%23443!/:?]
	at net.minecraft.Util.m_214679_(Util.java:772) ~[server-1.20.1-20230612.114412-srg.jar%23443!/:?]
	at net.minecraft.server.Main.main(Main.java:166) ~[server-1.20.1-20230612.114412-srg.jar%23443!/:?]
	at jdk.internal.reflect.NativeMethodAccessorImpl.invoke0(Native Method) ~[?:?]
	at jdk.internal.reflect.NativeMethodAccessorImpl.invoke(NativeMethodAccessorImpl.java:77) ~[?:?]
	at jdk.internal.reflect.DelegatingMethodAccessorImpl.invoke(DelegatingMethodAccessorImpl.java:43) ~[?:?]
	at java.lang.reflect.Method.invoke(Method.java:569) ~[?:?]
	at net.minecraftforge.fml.loading.targets.CommonLaunchHandler.runTarget(CommonLaunchHandler.java:111) ~[fmlloader-1.20.1-47.4.0.jar%2369!/:?]
	at net.minecraftforge.fml.loading.targets.CommonLaunchHandler.serverService(CommonLaunchHandler.java:103) ~[fmlloader-1.20.1-47.4.0.jar%2369!/:?]
	at net.minecraftforge.fml.loading.targets.CommonServerLaunchHandler.lambda$makeService$0(CommonServerLaunchHandler.java:27) ~[fmlloader-1.20.1-47.4.0.jar%2369!/:?]
	at cpw.mods.modlauncher.LaunchServiceHandlerDecorator.launch(LaunchServiceHandlerDecorator.java:30) ~[modlauncher-10.0.9.jar%2355!/:?]
	at cpw.mods.modlauncher.LaunchServiceHandler.launch(LaunchServiceHandler.java:53) ~[modlauncher-10.0.9.jar%2355!/:?]
	at cpw.mods.modlauncher.LaunchServiceHandler.launch(LaunchServiceHandler.java:71) ~[modlauncher-10.0.9.jar%2355!/:?]
	at cpw.mods.modlauncher.Launcher.run(Launcher.java:108) ~[modlauncher-10.0.9.jar%2355!/:?]
	at cpw.mods.modlauncher.Launcher.main(Launcher.java:78) ~[modlauncher-10.0.9.jar%2355!/:?]
	at cpw.mods.modlauncher.BootstrapLaunchConsumer.accept(BootstrapLaunchConsumer.java:26) ~[modlauncher-10.0.9.jar%2355!/:?]
	at cpw.mods.modlauncher.BootstrapLaunchConsumer.accept(BootstrapLaunchConsumer.java:23) ~[modlauncher-10.0.9.jar%2355!/:?]
	at cpw.mods.bootstraplauncher.BootstrapLauncher.main(BootstrapLauncher.java:141) ~[bootstraplauncher-1.1.2.jar:?]
[14Jul2025 20:09:42.192] [main/ERROR] [net.minecraft.world.item.crafting.RecipeManager/]: Parsing error loading recipe dungeons_and_combat:neptunium_helmet
com.google.gson.JsonSyntaxException: Unknown item 'aquaculture:neptunium_helmet'
	at net.minecraft.world.item.crafting.ShapedRecipe.m_151280_(ShapedRecipe.java:292) ~[server-1.20.1-20230612.114412-srg.jar%23443!/:?]
	at java.util.Optional.orElseThrow(Optional.java:403) ~[?:?]
	at net.minecraft.world.item.crafting.ShapedRecipe.m_151278_(ShapedRecipe.java:291) ~[server-1.20.1-20230612.114412-srg.jar%23443!/:?]
	at net.minecraft.world.item.crafting.Ingredient.m_43919_(Ingredient.java:219) ~[server-1.20.1-20230612.114412-srg.jar%23443!/:?]
	at net.minecraftforge.common.crafting.VanillaIngredientSerializer.parse(VanillaIngredientSerializer.java:27) ~[forge-1.20.1-47.4.0-universal.jar%23448!/:?]
	at net.minecraftforge.common.crafting.CraftingHelper.getIngredient(CraftingHelper.java:148) ~[forge-1.20.1-47.4.0-universal.jar%23448!/:?]
	at net.minecraft.world.item.crafting.Ingredient.m_288218_(Ingredient.java:194) ~[server-1.20.1-20230612.114412-srg.jar%23443!/:?]
	at net.minecraft.world.item.crafting.Ingredient.m_43917_(Ingredient.java:189) ~[server-1.20.1-20230612.114412-srg.jar%23443!/:?]
	at net.minecraft.world.item.crafting.SmithingTransformRecipe$Serializer.m_6729_(SmithingTransformRecipe.java:74) ~[server-1.20.1-20230612.114412-srg.jar%23443!/:?]
	at net.minecraft.world.item.crafting.SmithingTransformRecipe$Serializer.m_6729_(SmithingTransformRecipe.java:71) ~[server-1.20.1-20230612.114412-srg.jar%23443!/:?]
	at net.minecraftforge.common.extensions.IForgeRecipeSerializer.fromJson(IForgeRecipeSerializer.java:23) ~[forge-1.20.1-47.4.0-universal.jar%23448!/:?]
	at net.minecraft.world.item.crafting.RecipeManager.fromJson(RecipeManager.java:171) ~[server-1.20.1-20230612.114412-srg.jar%23443!/:?]
	at net.minecraft.world.item.crafting.RecipeManager.m_5787_(RecipeManager.java:67) ~[server-1.20.1-20230612.114412-srg.jar%23443!/:?]
	at net.minecraft.world.item.crafting.RecipeManager.m_5787_(RecipeManager.java:34) ~[server-1.20.1-20230612.114412-srg.jar%23443!/:?]
	at net.minecraft.server.packs.resources.SimplePreparableReloadListener.m_10789_(SimplePreparableReloadListener.java:13) ~[server-1.20.1-20230612.114412-srg.jar%23443!/:?]
	at java.util.concurrent.CompletableFuture$UniAccept.tryFire(CompletableFuture.java:718) ~[?:?]
	at java.util.concurrent.CompletableFuture$Completion.run(CompletableFuture.java:482) ~[?:?]
	at net.minecraft.server.packs.resources.SimpleReloadInstance.m_143940_(SimpleReloadInstance.java:69) ~[server-1.20.1-20230612.114412-srg.jar%23443!/:?]
	at net.minecraft.Util.m_214652_(Util.java:783) ~[server-1.20.1-20230612.114412-srg.jar%23443!/:?]
	at net.minecraft.Util.m_214679_(Util.java:772) ~[server-1.20.1-20230612.114412-srg.jar%23443!/:?]
	at net.minecraft.server.Main.main(Main.java:166) ~[server-1.20.1-20230612.114412-srg.jar%23443!/:?]
	at jdk.internal.reflect.NativeMethodAccessorImpl.invoke0(Native Method) ~[?:?]
	at jdk.internal.reflect.NativeMethodAccessorImpl.invoke(NativeMethodAccessorImpl.java:77) ~[?:?]
	at jdk.internal.reflect.DelegatingMethodAccessorImpl.invoke(DelegatingMethodAccessorImpl.java:43) ~[?:?]
	at java.lang.reflect.Method.invoke(Method.java:569) ~[?:?]
	at net.minecraftforge.fml.loading.targets.CommonLaunchHandler.runTarget(CommonLaunchHandler.java:111) ~[fmlloader-1.20.1-47.4.0.jar%2369!/:?]
	at net.minecraftforge.fml.loading.targets.CommonLaunchHandler.serverService(CommonLaunchHandler.java:103) ~[fmlloader-1.20.1-47.4.0.jar%2369!/:?]
	at net.minecraftforge.fml.loading.targets.CommonServerLaunchHandler.lambda$makeService$0(CommonServerLaunchHandler.java:27) ~[fmlloader-1.20.1-47.4.0.jar%2369!/:?]
	at cpw.mods.modlauncher.LaunchServiceHandlerDecorator.launch(LaunchServiceHandlerDecorator.java:30) ~[modlauncher-10.0.9.jar%2355!/:?]
	at cpw.mods.modlauncher.LaunchServiceHandler.launch(LaunchServiceHandler.java:53) ~[modlauncher-10.0.9.jar%2355!/:?]
	at cpw.mods.modlauncher.LaunchServiceHandler.launch(LaunchServiceHandler.java:71) ~[modlauncher-10.0.9.jar%2355!/:?]
	at cpw.mods.modlauncher.Launcher.run(Launcher.java:108) ~[modlauncher-10.0.9.jar%2355!/:?]
	at cpw.mods.modlauncher.Launcher.main(Launcher.java:78) ~[modlauncher-10.0.9.jar%2355!/:?]
	at cpw.mods.modlauncher.BootstrapLaunchConsumer.accept(BootstrapLaunchConsumer.java:26) ~[modlauncher-10.0.9.jar%2355!/:?]
	at cpw.mods.modlauncher.BootstrapLaunchConsumer.accept(BootstrapLaunchConsumer.java:23) ~[modlauncher-10.0.9.jar%2355!/:?]
	at cpw.mods.bootstraplauncher.BootstrapLauncher.main(BootstrapLauncher.java:141) ~[bootstraplauncher-1.1.2.jar:?]
[14Jul2025 20:09:42.194] [main/INFO] [net.minecraft.world.item.crafting.RecipeManager/]: Skipping loading recipe toolbelt:pouch_upgrade_6_via_sewing as it's serializer returned null
[14Jul2025 20:09:42.195] [main/ERROR] [net.minecraft.world.item.crafting.RecipeManager/]: Parsing error loading recipe legendary_monsters:purified_soul
com.google.gson.JsonSyntaxException: Invalid or unsupported recipe type 'minecraft:brewing'
	at net.minecraft.world.item.crafting.RecipeManager.m_220253_(RecipeManager.java:170) ~[server-1.20.1-20230612.114412-srg.jar%23443!/:?]
	at java.util.Optional.orElseThrow(Optional.java:403) ~[?:?]
	at net.minecraft.world.item.crafting.RecipeManager.fromJson(RecipeManager.java:169) ~[server-1.20.1-20230612.114412-srg.jar%23443!/:?]
	at net.minecraft.world.item.crafting.RecipeManager.m_5787_(RecipeManager.java:67) ~[server-1.20.1-20230612.114412-srg.jar%23443!/:?]
	at net.minecraft.world.item.crafting.RecipeManager.m_5787_(RecipeManager.java:34) ~[server-1.20.1-20230612.114412-srg.jar%23443!/:?]
	at net.minecraft.server.packs.resources.SimplePreparableReloadListener.m_10789_(SimplePreparableReloadListener.java:13) ~[server-1.20.1-20230612.114412-srg.jar%23443!/:?]
	at java.util.concurrent.CompletableFuture$UniAccept.tryFire(CompletableFuture.java:718) ~[?:?]
	at java.util.concurrent.CompletableFuture$Completion.run(CompletableFuture.java:482) ~[?:?]
	at net.minecraft.server.packs.resources.SimpleReloadInstance.m_143940_(SimpleReloadInstance.java:69) ~[server-1.20.1-20230612.114412-srg.jar%23443!/:?]
	at net.minecraft.Util.m_214652_(Util.java:783) ~[server-1.20.1-20230612.114412-srg.jar%23443!/:?]
	at net.minecraft.Util.m_214679_(Util.java:772) ~[server-1.20.1-20230612.114412-srg.jar%23443!/:?]
	at net.minecraft.server.Main.main(Main.java:166) ~[server-1.20.1-20230612.114412-srg.jar%23443!/:?]
	at jdk.internal.reflect.NativeMethodAccessorImpl.invoke0(Native Method) ~[?:?]
	at jdk.internal.reflect.NativeMethodAccessorImpl.invoke(NativeMethodAccessorImpl.java:77) ~[?:?]
	at jdk.internal.reflect.DelegatingMethodAccessorImpl.invoke(DelegatingMethodAccessorImpl.java:43) ~[?:?]
	at java.lang.reflect.Method.invoke(Method.java:569) ~[?:?]
	at net.minecraftforge.fml.loading.targets.CommonLaunchHandler.runTarget(CommonLaunchHandler.java:111) ~[fmlloader-1.20.1-47.4.0.jar%2369!/:?]
	at net.minecraftforge.fml.loading.targets.CommonLaunchHandler.serverService(CommonLaunchHandler.java:103) ~[fmlloader-1.20.1-47.4.0.jar%2369!/:?]
	at net.minecraftforge.fml.loading.targets.CommonServerLaunchHandler.lambda$makeService$0(CommonServerLaunchHandler.java:27) ~[fmlloader-1.20.1-47.4.0.jar%2369!/:?]
	at cpw.mods.modlauncher.LaunchServiceHandlerDecorator.launch(LaunchServiceHandlerDecorator.java:30) ~[modlauncher-10.0.9.jar%2355!/:?]
	at cpw.mods.modlauncher.LaunchServiceHandler.launch(LaunchServiceHandler.java:53) ~[modlauncher-10.0.9.jar%2355!/:?]
	at cpw.mods.modlauncher.LaunchServiceHandler.launch(LaunchServiceHandler.java:71) ~[modlauncher-10.0.9.jar%2355!/:?]
	at cpw.mods.modlauncher.Launcher.run(Launcher.java:108) ~[modlauncher-10.0.9.jar%2355!/:?]
	at cpw.mods.modlauncher.Launcher.main(Launcher.java:78) ~[modlauncher-10.0.9.jar%2355!/:?]
	at cpw.mods.modlauncher.BootstrapLaunchConsumer.accept(BootstrapLaunchConsumer.java:26) ~[modlauncher-10.0.9.jar%2355!/:?]
	at cpw.mods.modlauncher.BootstrapLaunchConsumer.accept(BootstrapLaunchConsumer.java:23) ~[modlauncher-10.0.9.jar%2355!/:?]
	at cpw.mods.bootstraplauncher.BootstrapLauncher.main(BootstrapLauncher.java:141) ~[bootstraplauncher-1.1.2.jar:?]
[14Jul2025 20:09:42.206] [main/INFO] [net.minecraft.world.item.crafting.RecipeManager/]: Skipping loading recipe samurai_dynasty:brass_samruai_chestplate_mechanical_crafting as it's serializer returned null
[14Jul2025 20:09:42.213] [main/INFO] [net.minecraft.world.item.crafting.RecipeManager/]: Skipping loading recipe toolbelt:pouch_via_sewing as it's serializer returned null
[14Jul2025 20:09:42.221] [main/INFO] [net.minecraft.world.item.crafting.RecipeManager/]: Skipping loading recipe samurai_dynasty:etyrite_samruai_leggings_smithing as it's serializer returned null
[14Jul2025 20:09:42.223] [main/INFO] [net.minecraft.world.item.crafting.RecipeManager/]: Skipping loading recipe knightsnmages:smithing_unobtainium_leggings as it's serializer returned null
[14Jul2025 20:09:42.224] [main/ERROR] [net.minecraft.world.item.crafting.RecipeManager/]: Parsing error loading recipe dungeons_and_combat:neptunium_boots
com.google.gson.JsonSyntaxException: Unknown item 'aquaculture:neptunium_boots'
	at net.minecraft.world.item.crafting.ShapedRecipe.m_151280_(ShapedRecipe.java:292) ~[server-1.20.1-20230612.114412-srg.jar%23443!/:?]
	at java.util.Optional.orElseThrow(Optional.java:403) ~[?:?]
	at net.minecraft.world.item.crafting.ShapedRecipe.m_151278_(ShapedRecipe.java:291) ~[server-1.20.1-20230612.114412-srg.jar%23443!/:?]
	at net.minecraft.world.item.crafting.Ingredient.m_43919_(Ingredient.java:219) ~[server-1.20.1-20230612.114412-srg.jar%23443!/:?]
	at net.minecraftforge.common.crafting.VanillaIngredientSerializer.parse(VanillaIngredientSerializer.java:27) ~[forge-1.20.1-47.4.0-universal.jar%23448!/:?]
	at net.minecraftforge.common.crafting.CraftingHelper.getIngredient(CraftingHelper.java:148) ~[forge-1.20.1-47.4.0-universal.jar%23448!/:?]
	at net.minecraft.world.item.crafting.Ingredient.m_288218_(Ingredient.java:194) ~[server-1.20.1-20230612.114412-srg.jar%23443!/:?]
	at net.minecraft.world.item.crafting.Ingredient.m_43917_(Ingredient.java:189) ~[server-1.20.1-20230612.114412-srg.jar%23443!/:?]
	at net.minecraft.world.item.crafting.SmithingTransformRecipe$Serializer.m_6729_(SmithingTransformRecipe.java:74) ~[server-1.20.1-20230612.114412-srg.jar%23443!/:?]
	at net.minecraft.world.item.crafting.SmithingTransformRecipe$Serializer.m_6729_(SmithingTransformRecipe.java:71) ~[server-1.20.1-20230612.114412-srg.jar%23443!/:?]
	at net.minecraftforge.common.extensions.IForgeRecipeSerializer.fromJson(IForgeRecipeSerializer.java:23) ~[forge-1.20.1-47.4.0-universal.jar%23448!/:?]
	at net.minecraft.world.item.crafting.RecipeManager.fromJson(RecipeManager.java:171) ~[server-1.20.1-20230612.114412-srg.jar%23443!/:?]
	at net.minecraft.world.item.crafting.RecipeManager.m_5787_(RecipeManager.java:67) ~[server-1.20.1-20230612.114412-srg.jar%23443!/:?]
	at net.minecraft.world.item.crafting.RecipeManager.m_5787_(RecipeManager.java:34) ~[server-1.20.1-20230612.114412-srg.jar%23443!/:?]
	at net.minecraft.server.packs.resources.SimplePreparableReloadListener.m_10789_(SimplePreparableReloadListener.java:13) ~[server-1.20.1-20230612.114412-srg.jar%23443!/:?]
	at java.util.concurrent.CompletableFuture$UniAccept.tryFire(CompletableFuture.java:718) ~[?:?]
	at java.util.concurrent.CompletableFuture$Completion.run(CompletableFuture.java:482) ~[?:?]
	at net.minecraft.server.packs.resources.SimpleReloadInstance.m_143940_(SimpleReloadInstance.java:69) ~[server-1.20.1-20230612.114412-srg.jar%23443!/:?]
	at net.minecraft.Util.m_214652_(Util.java:783) ~[server-1.20.1-20230612.114412-srg.jar%23443!/:?]
	at net.minecraft.Util.m_214679_(Util.java:772) ~[server-1.20.1-20230612.114412-srg.jar%23443!/:?]
	at net.minecraft.server.Main.main(Main.java:166) ~[server-1.20.1-20230612.114412-srg.jar%23443!/:?]
	at jdk.internal.reflect.NativeMethodAccessorImpl.invoke0(Native Method) ~[?:?]
	at jdk.internal.reflect.NativeMethodAccessorImpl.invoke(NativeMethodAccessorImpl.java:77) ~[?:?]
	at jdk.internal.reflect.DelegatingMethodAccessorImpl.invoke(DelegatingMethodAccessorImpl.java:43) ~[?:?]
	at java.lang.reflect.Method.invoke(Method.java:569) ~[?:?]
	at net.minecraftforge.fml.loading.targets.CommonLaunchHandler.runTarget(CommonLaunchHandler.java:111) ~[fmlloader-1.20.1-47.4.0.jar%2369!/:?]
	at net.minecraftforge.fml.loading.targets.CommonLaunchHandler.serverService(CommonLaunchHandler.java:103) ~[fmlloader-1.20.1-47.4.0.jar%2369!/:?]
	at net.minecraftforge.fml.loading.targets.CommonServerLaunchHandler.lambda$makeService$0(CommonServerLaunchHandler.java:27) ~[fmlloader-1.20.1-47.4.0.jar%2369!/:?]
	at cpw.mods.modlauncher.LaunchServiceHandlerDecorator.launch(LaunchServiceHandlerDecorator.java:30) ~[modlauncher-10.0.9.jar%2355!/:?]
	at cpw.mods.modlauncher.LaunchServiceHandler.launch(LaunchServiceHandler.java:53) ~[modlauncher-10.0.9.jar%2355!/:?]
	at cpw.mods.modlauncher.LaunchServiceHandler.launch(LaunchServiceHandler.java:71) ~[modlauncher-10.0.9.jar%2355!/:?]
	at cpw.mods.modlauncher.Launcher.run(Launcher.java:108) ~[modlauncher-10.0.9.jar%2355!/:?]
	at cpw.mods.modlauncher.Launcher.main(Launcher.java:78) ~[modlauncher-10.0.9.jar%2355!/:?]
	at cpw.mods.modlauncher.BootstrapLaunchConsumer.accept(BootstrapLaunchConsumer.java:26) ~[modlauncher-10.0.9.jar%2355!/:?]
	at cpw.mods.modlauncher.BootstrapLaunchConsumer.accept(BootstrapLaunchConsumer.java:23) ~[modlauncher-10.0.9.jar%2355!/:?]
	at cpw.mods.bootstraplauncher.BootstrapLauncher.main(BootstrapLauncher.java:141) ~[bootstraplauncher-1.1.2.jar:?]
[14Jul2025 20:09:42.228] [main/INFO] [net.minecraft.world.item.crafting.RecipeManager/]: Skipping loading recipe knightsnmages:smithing_vibranium_boots as it's serializer returned null
[14Jul2025 20:09:42.230] [main/INFO] [net.minecraft.world.item.crafting.RecipeManager/]: Skipping loading recipe toolbelt:pouch_upgrade_2_via_sewing as it's serializer returned null
[14Jul2025 20:09:42.230] [main/INFO] [net.minecraft.world.item.crafting.RecipeManager/]: Skipping loading recipe samurai_dynasty:brass_repair_kit_mechanical_crafting as it's serializer returned null
[14Jul2025 20:09:42.231] [main/INFO] [net.minecraft.world.item.crafting.RecipeManager/]: Skipping loading recipe samurai_dynasty:brass_samruai_leggings_mechanical_crafting as it's serializer returned null
[14Jul2025 20:09:42.235] [main/INFO] [net.minecraft.world.item.crafting.RecipeManager/]: Skipping loading recipe knightsnmages:smithing_vibranium_helmet as it's serializer returned null
[14Jul2025 20:09:42.238] [main/ERROR] [net.minecraft.world.item.crafting.RecipeManager/]: Parsing error loading recipe dungeons_and_combat:dark_metal_chestplate
com.google.gson.JsonSyntaxException: Unknown item 'born_in_chaos_v1:dark_metal_armor_chestplate'
	at net.minecraft.world.item.crafting.ShapedRecipe.m_151280_(ShapedRecipe.java:292) ~[server-1.20.1-20230612.114412-srg.jar%23443!/:?]
	at java.util.Optional.orElseThrow(Optional.java:403) ~[?:?]
	at net.minecraft.world.item.crafting.ShapedRecipe.m_151278_(ShapedRecipe.java:291) ~[server-1.20.1-20230612.114412-srg.jar%23443!/:?]
	at net.minecraft.world.item.crafting.Ingredient.m_43919_(Ingredient.java:219) ~[server-1.20.1-20230612.114412-srg.jar%23443!/:?]
	at net.minecraftforge.common.crafting.VanillaIngredientSerializer.parse(VanillaIngredientSerializer.java:27) ~[forge-1.20.1-47.4.0-universal.jar%23448!/:?]
	at net.minecraftforge.common.crafting.CraftingHelper.getIngredient(CraftingHelper.java:148) ~[forge-1.20.1-47.4.0-universal.jar%23448!/:?]
	at net.minecraft.world.item.crafting.Ingredient.m_288218_(Ingredient.java:194) ~[server-1.20.1-20230612.114412-srg.jar%23443!/:?]
	at net.minecraft.world.item.crafting.Ingredient.m_43917_(Ingredient.java:189) ~[server-1.20.1-20230612.114412-srg.jar%23443!/:?]
	at net.minecraft.world.item.crafting.SmithingTransformRecipe$Serializer.m_6729_(SmithingTransformRecipe.java:74) ~[server-1.20.1-20230612.114412-srg.jar%23443!/:?]
	at net.minecraft.world.item.crafting.SmithingTransformRecipe$Serializer.m_6729_(SmithingTransformRecipe.java:71) ~[server-1.20.1-20230612.114412-srg.jar%23443!/:?]
	at net.minecraftforge.common.extensions.IForgeRecipeSerializer.fromJson(IForgeRecipeSerializer.java:23) ~[forge-1.20.1-47.4.0-universal.jar%23448!/:?]
	at net.minecraft.world.item.crafting.RecipeManager.fromJson(RecipeManager.java:171) ~[server-1.20.1-20230612.114412-srg.jar%23443!/:?]
	at net.minecraft.world.item.crafting.RecipeManager.m_5787_(RecipeManager.java:67) ~[server-1.20.1-20230612.114412-srg.jar%23443!/:?]
	at net.minecraft.world.item.crafting.RecipeManager.m_5787_(RecipeManager.java:34) ~[server-1.20.1-20230612.114412-srg.jar%23443!/:?]
	at net.minecraft.server.packs.resources.SimplePreparableReloadListener.m_10789_(SimplePreparableReloadListener.java:13) ~[server-1.20.1-20230612.114412-srg.jar%23443!/:?]
	at java.util.concurrent.CompletableFuture$UniAccept.tryFire(CompletableFuture.java:718) ~[?:?]
	at java.util.concurrent.CompletableFuture$Completion.run(CompletableFuture.java:482) ~[?:?]
	at net.minecraft.server.packs.resources.SimpleReloadInstance.m_143940_(SimpleReloadInstance.java:69) ~[server-1.20.1-20230612.114412-srg.jar%23443!/:?]
	at net.minecraft.Util.m_214652_(Util.java:783) ~[server-1.20.1-20230612.114412-srg.jar%23443!/:?]
	at net.minecraft.Util.m_214679_(Util.java:772) ~[server-1.20.1-20230612.114412-srg.jar%23443!/:?]
	at net.minecraft.server.Main.main(Main.java:166) ~[server-1.20.1-20230612.114412-srg.jar%23443!/:?]
	at jdk.internal.reflect.NativeMethodAccessorImpl.invoke0(Native Method) ~[?:?]
	at jdk.internal.reflect.NativeMethodAccessorImpl.invoke(NativeMethodAccessorImpl.java:77) ~[?:?]
	at jdk.internal.reflect.DelegatingMethodAccessorImpl.invoke(DelegatingMethodAccessorImpl.java:43) ~[?:?]
	at java.lang.reflect.Method.invoke(Method.java:569) ~[?:?]
	at net.minecraftforge.fml.loading.targets.CommonLaunchHandler.runTarget(CommonLaunchHandler.java:111) ~[fmlloader-1.20.1-47.4.0.jar%2369!/:?]
	at net.minecraftforge.fml.loading.targets.CommonLaunchHandler.serverService(CommonLaunchHandler.java:103) ~[fmlloader-1.20.1-47.4.0.jar%2369!/:?]
	at net.minecraftforge.fml.loading.targets.CommonServerLaunchHandler.lambda$makeService$0(CommonServerLaunchHandler.java:27) ~[fmlloader-1.20.1-47.4.0.jar%2369!/:?]
	at cpw.mods.modlauncher.LaunchServiceHandlerDecorator.launch(LaunchServiceHandlerDecorator.java:30) ~[modlauncher-10.0.9.jar%2355!/:?]
	at cpw.mods.modlauncher.LaunchServiceHandler.launch(LaunchServiceHandler.java:53) ~[modlauncher-10.0.9.jar%2355!/:?]
	at cpw.mods.modlauncher.LaunchServiceHandler.launch(LaunchServiceHandler.java:71) ~[modlauncher-10.0.9.jar%2355!/:?]
	at cpw.mods.modlauncher.Launcher.run(Launcher.java:108) ~[modlauncher-10.0.9.jar%2355!/:?]
	at cpw.mods.modlauncher.Launcher.main(Launcher.java:78) ~[modlauncher-10.0.9.jar%2355!/:?]
	at cpw.mods.modlauncher.BootstrapLaunchConsumer.accept(BootstrapLaunchConsumer.java:26) ~[modlauncher-10.0.9.jar%2355!/:?]
	at cpw.mods.modlauncher.BootstrapLaunchConsumer.accept(BootstrapLaunchConsumer.java:23) ~[modlauncher-10.0.9.jar%2355!/:?]
	at cpw.mods.bootstraplauncher.BootstrapLauncher.main(BootstrapLauncher.java:141) ~[bootstraplauncher-1.1.2.jar:?]
[14Jul2025 20:09:42.241] [main/INFO] [net.minecraft.world.item.crafting.RecipeManager/]: Skipping loading recipe samurai_dynasty:living_samruai_boots_helmet as it's serializer returned null
[14Jul2025 20:09:42.242] [main/INFO] [net.minecraft.world.item.crafting.RecipeManager/]: Skipping loading recipe twilightforest:jeed/regeneration as it's serializer returned null
[14Jul2025 20:09:42.243] [main/INFO] [net.minecraft.world.item.crafting.RecipeManager/]: Skipping loading recipe twilightforest:jeed/slowness as it's serializer returned null
[14Jul2025 20:09:42.249] [main/INFO] [net.minecraft.world.item.crafting.RecipeManager/]: Skipping loading recipe samurai_dynasty:living_samruai_boots_array as it's serializer returned null
[14Jul2025 20:09:42.261] [main/INFO] [net.minecraft.world.item.crafting.RecipeManager/]: Skipping loading recipe twilightforest:jeed/fire_resistance as it's serializer returned null
[14Jul2025 20:09:42.266] [main/INFO] [net.minecraft.world.item.crafting.RecipeManager/]: Skipping loading recipe samurai_dynasty:sculk_samruai_chestplate_smithing as it's serializer returned null
[14Jul2025 20:09:42.271] [main/INFO] [net.minecraft.world.item.crafting.RecipeManager/]: Loaded 51 recipes
[14Jul2025 20:09:42.276] [main/ERROR] [net.minecraft.server.ServerFunctionLibrary/]: Failed to load function souls_like_bosses:bosses/spawn/rubeus_church/main
java.util.concurrent.CompletionException: java.lang.IllegalArgumentException: Whilst parsing command on line 12: Invalid or unknown entity type 'whisperwoods:hidebehind' at position 131: ...y @e[type=<--[HERE]
	at java.util.concurrent.CompletableFuture.encodeThrowable(CompletableFuture.java:315) ~[?:?]
	at java.util.concurrent.CompletableFuture.completeThrowable(CompletableFuture.java:320) ~[?:?]
	at java.util.concurrent.CompletableFuture$AsyncSupply.run(CompletableFuture.java:1770) ~[?:?]
	at java.util.concurrent.CompletableFuture$AsyncSupply.exec(CompletableFuture.java:1760) ~[?:?]
	at java.util.concurrent.ForkJoinTask.doExec(ForkJoinTask.java:373) ~[?:?]
	at java.util.concurrent.ForkJoinPool$WorkQueue.topLevelExec(ForkJoinPool.java:1182) ~[?:?]
	at java.util.concurrent.ForkJoinPool.scan(ForkJoinPool.java:1655) ~[?:?]
	at java.util.concurrent.ForkJoinPool.runWorker(ForkJoinPool.java:1622) ~[?:?]
	at java.util.concurrent.ForkJoinWorkerThread.run(ForkJoinWorkerThread.java:165) ~[?:?]
Caused by: java.lang.IllegalArgumentException: Whilst parsing command on line 12: Invalid or unknown entity type 'whisperwoods:hidebehind' at position 131: ...y @e[type=<--[HERE]
	at net.minecraft.commands.CommandFunction.m_77984_(CommandFunction.java:63) ~[server-1.20.1-20230612.114412-srg.jar%23443!/:?]
	at net.minecraft.server.ServerFunctionLibrary.m_214320_(ServerFunctionLibrary.java:83) ~[server-1.20.1-20230612.114412-srg.jar%23443!/:?]
	at java.util.concurrent.CompletableFuture$AsyncSupply.run(CompletableFuture.java:1768) ~[?:?]
	... 6 more
[14Jul2025 20:09:42.277] [main/ERROR] [net.minecraft.server.ServerFunctionLibrary/]: Failed to load function souls_like_bosses:bosses/spawn/bell_church/spawn_vesper
java.util.concurrent.CompletionException: java.lang.IllegalArgumentException: Whilst parsing command on line 1: Can't find element 'whisperwoods:zotzpyre' of type 'minecraft:entity_type'
	at java.util.concurrent.CompletableFuture.encodeThrowable(CompletableFuture.java:315) ~[?:?]
	at java.util.concurrent.CompletableFuture.completeThrowable(CompletableFuture.java:320) ~[?:?]
	at java.util.concurrent.CompletableFuture$AsyncSupply.run(CompletableFuture.java:1770) ~[?:?]
	at java.util.concurrent.CompletableFuture$AsyncSupply.exec(CompletableFuture.java:1760) ~[?:?]
	at java.util.concurrent.ForkJoinTask.doExec(ForkJoinTask.java:373) ~[?:?]
	at java.util.concurrent.ForkJoinPool$WorkQueue.topLevelExec(ForkJoinPool.java:1182) ~[?:?]
	at java.util.concurrent.ForkJoinPool.scan(ForkJoinPool.java:1655) ~[?:?]
	at java.util.concurrent.ForkJoinPool.runWorker(ForkJoinPool.java:1622) ~[?:?]
	at java.util.concurrent.ForkJoinWorkerThread.run(ForkJoinWorkerThread.java:165) ~[?:?]
Caused by: java.lang.IllegalArgumentException: Whilst parsing command on line 1: Can't find element 'whisperwoods:zotzpyre' of type 'minecraft:entity_type'
	at net.minecraft.commands.CommandFunction.m_77984_(CommandFunction.java:63) ~[server-1.20.1-20230612.114412-srg.jar%23443!/:?]
	at net.minecraft.server.ServerFunctionLibrary.m_214320_(ServerFunctionLibrary.java:83) ~[server-1.20.1-20230612.114412-srg.jar%23443!/:?]
	at java.util.concurrent.CompletableFuture$AsyncSupply.run(CompletableFuture.java:1768) ~[?:?]
	... 6 more
[14Jul2025 20:09:42.279] [main/ERROR] [net.minecraft.server.ServerFunctionLibrary/]: Failed to load function souls_like_bosses:bosses/rubeus/cutscene_boss_start
java.util.concurrent.CompletionException: java.lang.IllegalArgumentException: Whilst parsing command on line 1: Can't find element 'whisperwoods:hidebehind' of type 'minecraft:entity_type'
	at java.util.concurrent.CompletableFuture.encodeThrowable(CompletableFuture.java:315) ~[?:?]
	at java.util.concurrent.CompletableFuture.completeThrowable(CompletableFuture.java:320) ~[?:?]
	at java.util.concurrent.CompletableFuture$AsyncSupply.run(CompletableFuture.java:1770) ~[?:?]
	at java.util.concurrent.CompletableFuture$AsyncSupply.exec(CompletableFuture.java:1760) ~[?:?]
	at java.util.concurrent.ForkJoinTask.doExec(ForkJoinTask.java:373) ~[?:?]
	at java.util.concurrent.ForkJoinPool$WorkQueue.topLevelExec(ForkJoinPool.java:1182) ~[?:?]
	at java.util.concurrent.ForkJoinPool.scan(ForkJoinPool.java:1655) ~[?:?]
	at java.util.concurrent.ForkJoinPool.runWorker(ForkJoinPool.java:1622) ~[?:?]
	at java.util.concurrent.ForkJoinWorkerThread.run(ForkJoinWorkerThread.java:165) ~[?:?]
Caused by: java.lang.IllegalArgumentException: Whilst parsing command on line 1: Can't find element 'whisperwoods:hidebehind' of type 'minecraft:entity_type'
	at net.minecraft.commands.CommandFunction.m_77984_(CommandFunction.java:63) ~[server-1.20.1-20230612.114412-srg.jar%23443!/:?]
	at net.minecraft.server.ServerFunctionLibrary.m_214320_(ServerFunctionLibrary.java:83) ~[server-1.20.1-20230612.114412-srg.jar%23443!/:?]
	at java.util.concurrent.CompletableFuture$AsyncSupply.run(CompletableFuture.java:1768) ~[?:?]
	... 6 more
[14Jul2025 20:09:42.280] [main/ERROR] [net.minecraft.server.ServerFunctionLibrary/]: Failed to load function souls_like_bosses:bosses/spawn/bell_church/spawn_monsters
java.util.concurrent.CompletionException: java.lang.IllegalArgumentException: Whilst parsing command on line 3: Invalid or unknown entity type 'whisperwoods:zotzpyre' at position 50: .....75,type=<--[HERE]
	at java.util.concurrent.CompletableFuture.encodeThrowable(CompletableFuture.java:315) ~[?:?]
	at java.util.concurrent.CompletableFuture.completeThrowable(CompletableFuture.java:320) ~[?:?]
	at java.util.concurrent.CompletableFuture$AsyncSupply.run(CompletableFuture.java:1770) ~[?:?]
	at java.util.concurrent.CompletableFuture$AsyncSupply.exec(CompletableFuture.java:1760) ~[?:?]
	at java.util.concurrent.ForkJoinTask.doExec(ForkJoinTask.java:373) ~[?:?]
	at java.util.concurrent.ForkJoinPool$WorkQueue.topLevelExec(ForkJoinPool.java:1182) ~[?:?]
	at java.util.concurrent.ForkJoinPool.scan(ForkJoinPool.java:1655) ~[?:?]
	at java.util.concurrent.ForkJoinPool.runWorker(ForkJoinPool.java:1622) ~[?:?]
	at java.util.concurrent.ForkJoinWorkerThread.run(ForkJoinWorkerThread.java:165) ~[?:?]
Caused by: java.lang.IllegalArgumentException: Whilst parsing command on line 3: Invalid or unknown entity type 'whisperwoods:zotzpyre' at position 50: .....75,type=<--[HERE]
	at net.minecraft.commands.CommandFunction.m_77984_(CommandFunction.java:63) ~[server-1.20.1-20230612.114412-srg.jar%23443!/:?]
	at net.minecraft.server.ServerFunctionLibrary.m_214320_(ServerFunctionLibrary.java:83) ~[server-1.20.1-20230612.114412-srg.jar%23443!/:?]
	at java.util.concurrent.CompletableFuture$AsyncSupply.run(CompletableFuture.java:1768) ~[?:?]
	... 6 more
[14Jul2025 20:09:42.284] [main/ERROR] [net.minecraft.server.ServerFunctionLibrary/]: Failed to load function souls_like_bosses:bosses/rubeus/boss_start
java.util.concurrent.CompletionException: java.lang.IllegalArgumentException: Whilst parsing command on line 11: Can't find element 'whisperwoods:hidebehind' of type 'minecraft:entity_type'
	at java.util.concurrent.CompletableFuture.encodeThrowable(CompletableFuture.java:315) ~[?:?]
	at java.util.concurrent.CompletableFuture.completeThrowable(CompletableFuture.java:320) ~[?:?]
	at java.util.concurrent.CompletableFuture$AsyncSupply.run(CompletableFuture.java:1770) ~[?:?]
	at java.util.concurrent.CompletableFuture$AsyncSupply.exec(CompletableFuture.java:1760) ~[?:?]
	at java.util.concurrent.ForkJoinTask.doExec(ForkJoinTask.java:373) ~[?:?]
	at java.util.concurrent.ForkJoinPool$WorkQueue.topLevelExec(ForkJoinPool.java:1182) ~[?:?]
	at java.util.concurrent.ForkJoinPool.scan(ForkJoinPool.java:1655) ~[?:?]
	at java.util.concurrent.ForkJoinPool.runWorker(ForkJoinPool.java:1622) ~[?:?]
	at java.util.concurrent.ForkJoinWorkerThread.run(ForkJoinWorkerThread.java:165) ~[?:?]
Caused by: java.lang.IllegalArgumentException: Whilst parsing command on line 11: Can't find element 'whisperwoods:hidebehind' of type 'minecraft:entity_type'
	at net.minecraft.commands.CommandFunction.m_77984_(CommandFunction.java:63) ~[server-1.20.1-20230612.114412-srg.jar%23443!/:?]
	at net.minecraft.server.ServerFunctionLibrary.m_214320_(ServerFunctionLibrary.java:83) ~[server-1.20.1-20230612.114412-srg.jar%23443!/:?]
	at java.util.concurrent.CompletableFuture$AsyncSupply.run(CompletableFuture.java:1768) ~[?:?]
	... 6 more
[14Jul2025 20:09:42.286] [main/ERROR] [net.minecraft.server.ServerFunctionLibrary/]: Failed to load function souls_like_bosses:bosses/rubeus/rdm_teleport
java.util.concurrent.CompletionException: java.lang.IllegalArgumentException: Whilst parsing command on line 6: Incorrect argument for command at position 125: ...10 run tp <--[HERE]
	at java.util.concurrent.CompletableFuture.encodeThrowable(CompletableFuture.java:315) ~[?:?]
	at java.util.concurrent.CompletableFuture.completeThrowable(CompletableFuture.java:320) ~[?:?]
	at java.util.concurrent.CompletableFuture$AsyncSupply.run(CompletableFuture.java:1770) ~[?:?]
	at java.util.concurrent.CompletableFuture$AsyncSupply.exec(CompletableFuture.java:1760) ~[?:?]
	at java.util.concurrent.ForkJoinTask.doExec(ForkJoinTask.java:373) ~[?:?]
	at java.util.concurrent.ForkJoinPool$WorkQueue.topLevelExec(ForkJoinPool.java:1182) ~[?:?]
	at java.util.concurrent.ForkJoinPool.scan(ForkJoinPool.java:1655) ~[?:?]
	at java.util.concurrent.ForkJoinPool.runWorker(ForkJoinPool.java:1622) ~[?:?]
	at java.util.concurrent.ForkJoinWorkerThread.run(ForkJoinWorkerThread.java:165) ~[?:?]
Caused by: java.lang.IllegalArgumentException: Whilst parsing command on line 6: Incorrect argument for command at position 125: ...10 run tp <--[HERE]
	at net.minecraft.commands.CommandFunction.m_77984_(CommandFunction.java:63) ~[server-1.20.1-20230612.114412-srg.jar%23443!/:?]
	at net.minecraft.server.ServerFunctionLibrary.m_214320_(ServerFunctionLibrary.java:83) ~[server-1.20.1-20230612.114412-srg.jar%23443!/:?]
	at java.util.concurrent.CompletableFuture$AsyncSupply.run(CompletableFuture.java:1768) ~[?:?]
	... 6 more
[14Jul2025 20:09:42.287] [main/ERROR] [net.minecraft.server.ServerFunctionLibrary/]: Failed to load function souls_like_bosses:bosses/spawn/rubeus_church/boss_start
java.util.concurrent.CompletionException: java.lang.IllegalArgumentException: Whilst parsing command on line 8: Can't find element 'whisperwoods:hidebehind' of type 'minecraft:entity_type'
	at java.util.concurrent.CompletableFuture.encodeThrowable(CompletableFuture.java:315) ~[?:?]
	at java.util.concurrent.CompletableFuture.completeThrowable(CompletableFuture.java:320) ~[?:?]
	at java.util.concurrent.CompletableFuture$AsyncSupply.run(CompletableFuture.java:1770) ~[?:?]
	at java.util.concurrent.CompletableFuture$AsyncSupply.exec(CompletableFuture.java:1760) ~[?:?]
	at java.util.concurrent.ForkJoinTask.doExec(ForkJoinTask.java:373) ~[?:?]
	at java.util.concurrent.ForkJoinPool$WorkQueue.topLevelExec(ForkJoinPool.java:1182) ~[?:?]
	at java.util.concurrent.ForkJoinPool.scan(ForkJoinPool.java:1655) ~[?:?]
	at java.util.concurrent.ForkJoinPool.runWorker(ForkJoinPool.java:1622) ~[?:?]
	at java.util.concurrent.ForkJoinWorkerThread.run(ForkJoinWorkerThread.java:165) ~[?:?]
Caused by: java.lang.IllegalArgumentException: Whilst parsing command on line 8: Can't find element 'whisperwoods:hidebehind' of type 'minecraft:entity_type'
	at net.minecraft.commands.CommandFunction.m_77984_(CommandFunction.java:63) ~[server-1.20.1-20230612.114412-srg.jar%23443!/:?]
	at net.minecraft.server.ServerFunctionLibrary.m_214320_(ServerFunctionLibrary.java:83) ~[server-1.20.1-20230612.114412-srg.jar%23443!/:?]
	at java.util.concurrent.CompletableFuture$AsyncSupply.run(CompletableFuture.java:1768) ~[?:?]
	... 6 more
[14Jul2025 20:09:42.287] [main/ERROR] [net.minecraft.server.ServerFunctionLibrary/]: Failed to load function souls_like_bosses:bosses/spawn/rubeus_church/cutscene_boss_start
java.util.concurrent.CompletionException: java.lang.IllegalArgumentException: Whilst parsing command on line 1: Can't find element 'whisperwoods:hidebehind' of type 'minecraft:entity_type'
	at java.util.concurrent.CompletableFuture.encodeThrowable(CompletableFuture.java:315) ~[?:?]
	at java.util.concurrent.CompletableFuture.completeThrowable(CompletableFuture.java:320) ~[?:?]
	at java.util.concurrent.CompletableFuture$AsyncSupply.run(CompletableFuture.java:1770) ~[?:?]
	at java.util.concurrent.CompletableFuture$AsyncSupply.exec(CompletableFuture.java:1760) ~[?:?]
	at java.util.concurrent.ForkJoinTask.doExec(ForkJoinTask.java:373) ~[?:?]
	at java.util.concurrent.ForkJoinPool$WorkQueue.topLevelExec(ForkJoinPool.java:1182) ~[?:?]
	at java.util.concurrent.ForkJoinPool.scan(ForkJoinPool.java:1655) ~[?:?]
	at java.util.concurrent.ForkJoinPool.runWorker(ForkJoinPool.java:1622) ~[?:?]
	at java.util.concurrent.ForkJoinWorkerThread.run(ForkJoinWorkerThread.java:165) ~[?:?]
Caused by: java.lang.IllegalArgumentException: Whilst parsing command on line 1: Can't find element 'whisperwoods:hidebehind' of type 'minecraft:entity_type'
	at net.minecraft.commands.CommandFunction.m_77984_(CommandFunction.java:63) ~[server-1.20.1-20230612.114412-srg.jar%23443!/:?]
	at net.minecraft.server.ServerFunctionLibrary.m_214320_(ServerFunctionLibrary.java:83) ~[server-1.20.1-20230612.114412-srg.jar%23443!/:?]
	at java.util.concurrent.CompletableFuture$AsyncSupply.run(CompletableFuture.java:1768) ~[?:?]
	... 6 more
[14Jul2025 20:09:42.289] [main/ERROR] [net.minecraft.server.ServerFunctionLibrary/]: Failed to load function souls_like_bosses:bosses/spawn/rubeus_church/boss_reset
java.util.concurrent.CompletionException: java.lang.IllegalArgumentException: Whilst parsing command on line 1: Incorrect argument for command at position 3: tp <--[HERE]
	at java.util.concurrent.CompletableFuture.encodeThrowable(CompletableFuture.java:315) ~[?:?]
	at java.util.concurrent.CompletableFuture.completeThrowable(CompletableFuture.java:320) ~[?:?]
	at java.util.concurrent.CompletableFuture$AsyncSupply.run(CompletableFuture.java:1770) ~[?:?]
	at java.util.concurrent.CompletableFuture$AsyncSupply.exec(CompletableFuture.java:1760) ~[?:?]
	at java.util.concurrent.ForkJoinTask.doExec(ForkJoinTask.java:373) ~[?:?]
	at java.util.concurrent.ForkJoinPool$WorkQueue.topLevelExec(ForkJoinPool.java:1182) ~[?:?]
	at java.util.concurrent.ForkJoinPool.scan(ForkJoinPool.java:1655) ~[?:?]
	at java.util.concurrent.ForkJoinPool.runWorker(ForkJoinPool.java:1622) ~[?:?]
	at java.util.concurrent.ForkJoinWorkerThread.run(ForkJoinWorkerThread.java:165) ~[?:?]
Caused by: java.lang.IllegalArgumentException: Whilst parsing command on line 1: Incorrect argument for command at position 3: tp <--[HERE]
	at net.minecraft.commands.CommandFunction.m_77984_(CommandFunction.java:63) ~[server-1.20.1-20230612.114412-srg.jar%23443!/:?]
	at net.minecraft.server.ServerFunctionLibrary.m_214320_(ServerFunctionLibrary.java:83) ~[server-1.20.1-20230612.114412-srg.jar%23443!/:?]
	at java.util.concurrent.CompletableFuture$AsyncSupply.run(CompletableFuture.java:1768) ~[?:?]
	... 6 more
[14Jul2025 20:09:42.290] [main/ERROR] [net.minecraft.server.ServerFunctionLibrary/]: Failed to load function souls_like_bosses:bosses/rubeus/boss_reset
java.util.concurrent.CompletionException: java.lang.IllegalArgumentException: Whilst parsing command on line 1: Incorrect argument for command at position 3: tp <--[HERE]
	at java.util.concurrent.CompletableFuture.encodeThrowable(CompletableFuture.java:315) ~[?:?]
	at java.util.concurrent.CompletableFuture.completeThrowable(CompletableFuture.java:320) ~[?:?]
	at java.util.concurrent.CompletableFuture$AsyncSupply.run(CompletableFuture.java:1770) ~[?:?]
	at java.util.concurrent.CompletableFuture$AsyncSupply.exec(CompletableFuture.java:1760) ~[?:?]
	at java.util.concurrent.ForkJoinTask.doExec(ForkJoinTask.java:373) ~[?:?]
	at java.util.concurrent.ForkJoinPool$WorkQueue.topLevelExec(ForkJoinPool.java:1182) ~[?:?]
	at java.util.concurrent.ForkJoinPool.scan(ForkJoinPool.java:1655) ~[?:?]
	at java.util.concurrent.ForkJoinPool.runWorker(ForkJoinPool.java:1622) ~[?:?]
	at java.util.concurrent.ForkJoinWorkerThread.run(ForkJoinWorkerThread.java:165) ~[?:?]
Caused by: java.lang.IllegalArgumentException: Whilst parsing command on line 1: Incorrect argument for command at position 3: tp <--[HERE]
	at net.minecraft.commands.CommandFunction.m_77984_(CommandFunction.java:63) ~[server-1.20.1-20230612.114412-srg.jar%23443!/:?]
	at net.minecraft.server.ServerFunctionLibrary.m_214320_(ServerFunctionLibrary.java:83) ~[server-1.20.1-20230612.114412-srg.jar%23443!/:?]
	at java.util.concurrent.CompletableFuture$AsyncSupply.run(CompletableFuture.java:1768) ~[?:?]
	... 6 more
[14Jul2025 20:09:42.292] [main/ERROR] [net.minecraft.server.ServerFunctionLibrary/]: Failed to load function souls_like_bosses:bosses/spawn/rubeus_church/detect
java.util.concurrent.CompletionException: java.lang.IllegalArgumentException: Whilst parsing command on line 13: Invalid or unknown entity type 'whisperwoods:hidebehind' at position 79: ...y @e[type=<--[HERE]
	at java.util.concurrent.CompletableFuture.encodeThrowable(CompletableFuture.java:315) ~[?:?]
	at java.util.concurrent.CompletableFuture.completeThrowable(CompletableFuture.java:320) ~[?:?]
	at java.util.concurrent.CompletableFuture$AsyncSupply.run(CompletableFuture.java:1770) ~[?:?]
	at java.util.concurrent.CompletableFuture$AsyncSupply.exec(CompletableFuture.java:1760) ~[?:?]
	at java.util.concurrent.ForkJoinTask.doExec(ForkJoinTask.java:373) ~[?:?]
	at java.util.concurrent.ForkJoinPool$WorkQueue.topLevelExec(ForkJoinPool.java:1182) ~[?:?]
	at java.util.concurrent.ForkJoinPool.scan(ForkJoinPool.java:1655) ~[?:?]
	at java.util.concurrent.ForkJoinPool.runWorker(ForkJoinPool.java:1622) ~[?:?]
	at java.util.concurrent.ForkJoinWorkerThread.run(ForkJoinWorkerThread.java:165) ~[?:?]
Caused by: java.lang.IllegalArgumentException: Whilst parsing command on line 13: Invalid or unknown entity type 'whisperwoods:hidebehind' at position 79: ...y @e[type=<--[HERE]
	at net.minecraft.commands.CommandFunction.m_77984_(CommandFunction.java:63) ~[server-1.20.1-20230612.114412-srg.jar%23443!/:?]
	at net.minecraft.server.ServerFunctionLibrary.m_214320_(ServerFunctionLibrary.java:83) ~[server-1.20.1-20230612.114412-srg.jar%23443!/:?]
	at java.util.concurrent.CompletableFuture$AsyncSupply.run(CompletableFuture.java:1768) ~[?:?]
	... 6 more
[14Jul2025 20:09:42.503] [main/ERROR] [net.minecraft.server.ServerAdvancementManager/]: Parsing error loading custom advancement souls_like_bosses:attacked_rubeus: Unknown entity type 'whisperwoods:hidebehind', valid types are: minecraft:allay, minecraft:area_effect_cloud, minecraft:armor_stand, minecraft:arrow, minecraft:axolotl, minecraft:bat, minecraft:bee, minecraft:blaze, minecraft:block_display, minecraft:boat, minecraft:camel, minecraft:cat, minecraft:cave_spider, minecraft:chest_boat, minecraft:chest_minecart, minecraft:chicken, minecraft:cod, minecraft:command_block_minecart, minecraft:cow, minecraft:creeper, minecraft:dolphin, minecraft:donkey, minecraft:dragon_fireball, minecraft:drowned, minecraft:egg, minecraft:elder_guardian, minecraft:end_crystal, minecraft:ender_dragon, minecraft:ender_pearl, minecraft:enderman, minecraft:endermite, minecraft:evoker, minecraft:evoker_fangs, minecraft:experience_bottle, minecraft:experience_orb, minecraft:eye_of_ender, minecraft:falling_block, minecraft:firework_rocket, minecraft:fox, minecraft:frog, minecraft:furnace_minecart, minecraft:ghast, minecraft:giant, minecraft:glow_item_frame, minecraft:glow_squid, minecraft:goat, minecraft:guardian, minecraft:hoglin, minecraft:hopper_minecart, minecraft:horse, minecraft:husk, minecraft:illusioner, minecraft:interaction, minecraft:iron_golem, minecraft:item, minecraft:item_display, minecraft:item_frame, minecraft:fireball, minecraft:leash_knot, minecraft:lightning_bolt, minecraft:llama, minecraft:llama_spit, minecraft:magma_cube, minecraft:marker, minecraft:minecart, minecraft:mooshroom, minecraft:mule, minecraft:ocelot, minecraft:painting, minecraft:panda, minecraft:parrot, minecraft:phantom, minecraft:pig, minecraft:piglin, minecraft:piglin_brute, minecraft:pillager, minecraft:polar_bear, minecraft:potion, minecraft:pufferfish, minecraft:rabbit, minecraft:ravager, minecraft:salmon, minecraft:sheep, minecraft:shulker, minecraft:shulker_bullet, minecraft:silverfish, minecraft:skeleton, minecraft:skeleton_horse, minecraft:slime, minecraft:small_fireball, minecraft:sniffer, minecraft:snow_golem, minecraft:snowball, minecraft:spawner_minecart, minecraft:spectral_arrow, minecraft:spider, minecraft:squid, minecraft:stray, minecraft:strider, minecraft:tadpole, minecraft:text_display, minecraft:tnt, minecraft:tnt_minecart, minecraft:trader_llama, minecraft:trident, minecraft:tropical_fish, minecraft:turtle, minecraft:vex, minecraft:villager, minecraft:vindicator, minecraft:wandering_trader, minecraft:warden, minecraft:witch, minecraft:wither, minecraft:wither_skeleton, minecraft:wither_skull, minecraft:wolf, minecraft:zoglin, minecraft:zombie, minecraft:zombie_horse, minecraft:zombie_villager, minecraft:zombified_piglin, minecraft:player, minecraft:fishing_bobber, hamsters:hamster, hamsters:seat, stalwart_dungeons:projectile_spore_bottle, stalwart_dungeons:projectile_tungsten_shield, stalwart_dungeons:projectile_warted_tungsten_shield, stalwart_dungeons:projectile_awful_gun, stalwart_dungeons:projectile_awful_dungeon_spawner, stalwart_dungeons:projectile_keeping_castle_spawner, stalwart_dungeons:awful_ghast, stalwart_dungeons:nether_keeper, stalwart_dungeons:giddy_blaze, stalwart_dungeons:incomplete_wither, stalwart_dungeons:reinforced_blaze, stalwart_dungeons:projectile_chorundum_shield, stalwart_dungeons:projectile_end_dungeon_spawner, stalwart_dungeons:propulk, stalwart_dungeons:shelterer, stalwart_dungeons:projectile_levitation_projectile, stalwart_dungeons:spore_projectile, stalwart_dungeons:nether_wart_cocoon, stalwart_dungeons:shelterer_without_armor, stalwart_dungeons:shulker_cannon, stalwart_dungeons:projectile_cannon_pr, bagus_lib:mini_bagu, guardvillagers:guard, dungeons_plus:soul_fireball, dungeons_plus:warped_axe, tombstone:grave_guardian, tombstone:cloud, tombstone:spectral_bite, tombstone:spectral_wolf, dungeonsweaponry:projectile_whispering_spear, dungeonsweaponry:necromancer, dungeonsweaponry:vanguard, dungeonsweaponry:wildfire, dungeonsweaponry:enchanter, dungeonsweaponry:loot_pig, dungeonsweaponry:geomancer, dungeonsweaponry:nameless_one, dungeonsweaponry:nameless_one_projectile, dungeonsweaponry:false_king, dungeonsweaponry:mountaineer, dungeonsweaponry:mountaineer_1, dungeonsweaponry:mountaineer_2, dungeonsweaponry:wraith, dungeonsweaponry:dungeon_arrow, cfm:seat, goblins_tyranny:bard, goblins_tyranny:mini_goblin_1, goblins_tyranny:mini_goblin_2, goblins_tyranny:mini_goblin_3, goblins_tyranny:blacksmith_goblin, goblins_tyranny:knight_goblin, goblins_tyranny:leader_goblin, goblins_tyranny:champion_goblin, goblins_tyranny:shaman_goblin, goblins_tyranny:engineer_goblin, goblins_tyranny:engineeress_goblin, goblins_tyranny:droblin, goblins_tyranny:bomb_projectile, goblins_tyranny:bartender_goblin, goblins_tyranny:fire_bomb_projectile, goblins_tyranny:gaz_bomb_projectile, goblins_tyranny:goblin_hunter, goblins_tyranny:goblin_huntsman, goblins_tyranny:grobot, goblins_tyranny:glitteron, goblins_tyranny:chubby_glitteron, goblins_tyranny:healing_ball_projectile, goblins_tyranny:merchant, goblins_tyranny:mini_drunk_gob_1, goblins_tyranny:mini_drunk_gob_2, goblins_tyranny:mini_drunk_gob_3, goblins_tyranny:wanderer_goblin, goblins_tyranny:decoy_projectile, goblins_tyranny:decoy_entity, goblins_tyranny:coal_cave_goblin, goblins_tyranny:copper_cave_goblin, goblins_tyranny:iron_cave_goblin, goblins_tyranny:gold_cave_goblin, mowziesmobs:foliaath, mowziesmobs:baby_foliaath, mowziesmobs:ferrous_wroughtnaut, mowziesmobs:umvuthana_follower_raptor, mowziesmobs:umvuthana_follower_player, mowziesmobs:umvuthana_crane_player, mowziesmobs:umvuthana, mowziesmobs:umvuthana_raptor, mowziesmobs:umvuthana_crane, mowziesmobs:umvuthi, mowziesmobs:frostmaw, mowziesmobs:grottol, mowziesmobs:lantern, mowziesmobs:naga, mowziesmobs:sculptor, mowziesmobs:bluff, mowziesmobs:sunstrike, mowziesmobs:solar_beam, mowziesmobs:boulder_projectile, mowziesmobs:rock_sling, mowziesmobs:boulder_platform, mowziesmobs:boulder_platform_crumbling, mowziesmobs:pillar, mowziesmobs:pillar_sculptor, mowziesmobs:pillar_piece, mowziesmobs:axe_attack, mowziesmobs:ice_breath, mowziesmobs:ice_ball, mowziesmobs:frozen_controller, mowziesmobs:dart, mowziesmobs:poison_ball, mowziesmobs:super_nova, mowziesmobs:falling_block, mowziesmobs:block_swapper, mowziesmobs:block_swapper_tunneling, mowziesmobs:camera_shake, mowziesmobs:fissure, mowziesmobs:fissure_piece, mowziesmobs:earth_spike, tameablebeasts:tameable_racoon, tameablebeasts:tameable_penguin, tameablebeasts:tameable_chikote, tameablebeasts:scarecrow_allay, tameablebeasts:tameable_beetle, tameablebeasts:beetle_drone, tameablebeasts:quetzalcoatlus, tameablebeasts:giant_grasshopper, tameablebeasts:ground_beetle, tameablebeasts:giant_roly_poly, tameablebeasts:fur_golem, tameablebeasts:crested_gecko, tameablebeasts:argentavis, tameablebeasts:graptera, tameablebeasts:bird_bait_arrow, tameablebeasts:ptera_meal_arrow, graveyard:reaper, graveyard:acolyte, graveyard:corrupted_vindicator, graveyard:corrupted_pillager, graveyard:skeleton_creeper, graveyard:falling_corpse, graveyard:ghoul, graveyard:revenant, graveyard:wraith, graveyard:nightmare, graveyard:ghouling, graveyard:lich, graveyard:skull, graveyard:nameless_hanged, dungeonnowloading:chaos_spawner, dungeonnowloading:hollow, dungeonnowloading:spawner_carrier, dungeonnowloading:sealed_chaos, dungeonnowloading:whimper, dungeonnowloading:chaos_spawner_projectile, dungeonnowloading:special_item_entity, dungeonnowloading:great_experience_bottle, travelersbackpack:backpack, biomesoplenty:boat, biomesoplenty:chest_boat, missingwilds:firefly_swarm, hunters_return:hunter, hunters_return:boomerang, rpgsmw:paladin_shield, rpgsmw:copper_paladin_ultimate, rpgsmw:iron_paladin_ultimate, rpgsmw:steel_paladin_ultimate, rpgsmw:diamons_paladin_ultimate, rpgsmw:miphril_paladin_ultimate, rpgsmw:netherite_paladin_ultimate, rpgsmw:nephris_paladin_ultimate, rpgsmw:copper_knife_attack, rpgsmw:steel_knife_attack, rpgsmw:miphril_knife_attack, rpgsmw:nephris_knife_attack, rpgsmw:copper_sickle_blood_smash, rpgsmw:steelsicklebloodsmash, rpgsmw:miphrilsicklebloodsmash, rpgsmw:nephrissicklebloodsmash, rpgsmw:heal_spell, rpgsmw:mage_attack_ult, rpgsmw:ironscaneb_projectile, rpgsmw:nephrilscaneshot_projectile, rpgsmw:icescaneshot_projectile, rpgsmw:copper_sraff_projectile_projectile, rpgsmw:iron_staff_projectile_2_projectile, rpgsmw:steel_staff_projectile_2_projectile, rpgsmw:diamond_staff_projectile_2_projectile, rpgsmw:miphril_staff_projectile_2_projectile, rpgsmw:netherite_staff_projectile_2_projectile, rpgsmw:nephris_staff_projectile_2_projectile, rpgsmw:copper_healer_wand_projectile_projectile, rpgsmw:iron_healer_wand_projectile_projectile, rpgsmw:steel_healer_wand_projectile_projectile, rpgsmw:diamond_healer_wand_projectile_projectile, rpgsmw:miphril_healer_wand_projectile_projectile, rpgsmw:netherite_healer_wand_projectile_projectile, rpgsmw:nephris_healer_wand_projectile_projectile, rpgsmw:crossbow_bolt_projectile, rpgsmw:crossbow_bolt_fire_projectile, rpgsmw:crossbow_bolt_poision_projectile, rpgsmw:copper_scythe_projectile_projectile, rpgsmw:netherite_scythe_projectile_projectile, rpgsmw:amethyst_scythe_projectile_projectile, rpgsmw:miphril_scythe_projectile_projectile, rpgsmw:deafult_rifle_shot_projectile, rpgsmw:bursting_rifle_shot_projectile, rpgsmw:deafult_rifle_shot_netherite_projectile, rpgsmw:bursting_rifle_shot_netherite_projectile, rpgsmw:blood_arrow_projectile, rpgsmw:attack_mage_ult_projectile, rpgsmw:hammer_slash, valarian_conquest:valarian_guard, valarian_conquest:valarian_archer, valarian_conquest:valarian_spearman, valarian_conquest:valarian_cannon, valarian_conquest:cannon_ball_projectile, valarian_conquest:captured_valarian_cannon, valarian_conquest:valarian_raider, valarian_conquest:valarian_ranger, valarian_conquest:valarian_villager, valarian_conquest:kings_guard, valarian_conquest:valarian_king, valarian_conquest:bandit_1, valarian_conquest:bandit_2, valarian_conquest:valarian_knight, valarian_conquest:bohemian_knight, valarian_conquest:bohemian_guard, valarian_conquest:bohemian_archer, valarian_conquest:bohemian_spearman, valarian_conquest:bohemian_king, valarian_conquest:bohemian_villager, valarian_conquest:mercenary, valarian_conquest:ranged_mercenary, valarian_conquest:battering_ram, valarian_conquest:lead_ball_projectile, valarian_conquest:man_at_arms, valarian_conquest:caladrian_guard, valarian_conquest:caladrian_spearman, valarian_conquest:caladrian_officer, valarian_conquest:caladrian_knight, valarian_conquest:caladrian_archer, valarian_conquest:caladrian_king, valarian_conquest:numerian_guard, valarian_conquest:numerian_spearman, valarian_conquest:numerian_knight, valarian_conquest:numerian_archer, valarian_conquest:numerian_villager, valarian_conquest:visgothian_guard, valarian_conquest:visgothian_spearman, valarian_conquest:visgothian_knight, valarian_conquest:visgothian_archer, valarian_conquest:gardonian_guard, valarian_conquest:gardonian_spearman, valarian_conquest:gardonian_knight, valarian_conquest:valarian_breacher, valarian_conquest:caladrian_kings_guard, valarian_conquest:galician_guard, valarian_conquest:galician_spearman, valarian_conquest:galician_knight, valarian_conquest:galician_kings_guard, valarian_conquest:galician_archer, valarian_conquest:numerian_king, valarian_conquest:numerian_kings_guard, valarian_conquest:caladrian_villager, valarian_conquest:visgothian_villager, valarian_conquest:gardonian_villager, valarian_conquest:galician_villager, valarian_conquest:gardonian_king, valarian_conquest:visgothian_king, valarian_conquest:visgothian_kings_guard, valarian_conquest:galician_king, valarian_conquest:lancastian_king, valarian_conquest:lancastian_guard, valarian_conquest:lancastian_spearman, valarian_conquest:lancastian_knight, valarian_conquest:lancastian_villager, valarian_conquest:lancastian_kings_guard, valarian_conquest:bohemian_kings_guard, valarian_conquest:valarian_female_villager, valarian_conquest:bohemian_female_villager, valarian_conquest:caladrian_female_villager, valarian_conquest:numerian_female_villager, valarian_conquest:visgothian_female_v_illager, valarian_conquest:galician_female_villager, valarian_conquest:lancastian_female_villager, valarian_conquest:gardonian_female_villager, valarian_conquest:gardonian_archer, valarian_conquest:gardonian_kings_guard, valarian_conquest:lancastian_archer, valarian_conquest:draugr_archer, valarian_conquest:draugr_guard, valarian_conquest:draugr_spearman, valarian_conquest:draugr_lord, valarian_conquest:draugr_knight, valarian_conquest:ice_projectile, valarian_conquest:orc_shaman, valarian_conquest:orc_archer, valarian_conquest:orc_raider, valarian_conquest:orc_berserker, valarian_conquest:orc_warrior, valarian_conquest:shaman_staff_projectile, valarian_conquest:aegis_commander, valarian_conquest:aegis_guard, valarian_conquest:aegis_archer, valarian_conquest:aegis_spearman, valarian_conquest:aegis_knight, valarian_conquest:aegis_dark_knight, valarian_conquest:aegis_villager, valarian_conquest:aegis_female_villager, valarian_conquest:dwarven_elder, valarian_conquest:dwarven_officer, valarian_conquest:dwarven_guard, valarian_conquest:dwarven_miner, valarian_conquest:dwarven_spearman, valarian_conquest:legion_guard, valarian_conquest:legion_spearman, valarian_conquest:legion_officer, valarian_conquest:legion_commander, valarian_conquest:legion_bowman, valarian_conquest:catapult_rock_projectile, valarian_conquest:catapult, valarian_conquest:caladrian_cannon, valarian_conquest:bandit_3, valarian_conquest:carriage, astikorcarts:supply_cart, astikorcarts:plow, astikorcarts:animal_cart, astikorcarts:postilion, ecologics:coconut_crab, ecologics:boat, ecologics:chest_boat, ecologics:penguin, ecologics:squirrel, lootr:lootr_minecart, aquamirae:golden_moth, aquamirae:maw, aquamirae:anglerfish, aquamirae:maze_mother, aquamirae:captain_cornelia, aquamirae:pillagers_patrol, aquamirae:tortured_soul, aquamirae:eel, aquamirae:maze_rose, aquamirae:poisoned_chakra, aquamirae:spinefish, aquamirae:luminous_jelly, ars_nouveau:spell_proj, ars_nouveau:arcing_spell_proj, ars_nouveau:homing_spell_proj, ars_nouveau:ally_vex, ars_nouveau:fangs, ars_nouveau:bookwyrm, ars_nouveau:starbuncle, ars_nouveau:follow_proj, ars_nouveau:whirlisprig, ars_nouveau:wixie, ars_nouveau:flying_item, ars_nouveau:ritual, ars_nouveau:wilden_hunter, ars_nouveau:spell_arrow, ars_nouveau:cinder, ars_nouveau:summon_wolf, ars_nouveau:wilden_stalker, ars_nouveau:summon_horse, ars_nouveau:summon_skeleton, ars_nouveau:wilden_guardian, ars_nouveau:wilden_boss, ars_nouveau:an_lightning, ars_nouveau:dummy, ars_nouveau:drygmy, ars_nouveau:orbit, ars_nouveau:spike, ars_nouveau:familiar_starbuncle, ars_nouveau:familiar_wixie, ars_nouveau:familiar_bookwyrm, ars_nouveau:familiar_drygmy, ars_nouveau:familiar_whirlisprig, ars_nouveau:familiar_amethyst_golem, ars_nouveau:linger, ars_nouveau:wall, ars_nouveau:cascading_weald_walker, ars_nouveau:flourishing_weald_walker, ars_nouveau:blazing_weald_walker, ars_nouveau:vexing_weald_walker, ars_nouveau:amethyst_golem, ars_nouveau:scryer_camera, ars_nouveau:enchanted_falling_block, ars_nouveau:ice_shard, ars_nouveau:enchanted_mage_block, ars_nouveau:enchanted_head_block, ars_nouveau:gift_starby, ars_nouveau:animated_block, ars_nouveau:animated_head, ars_nouveau:lily, aether:phyg, aether:flying_cow, aether:sheepuff, aether:moa, aether:aerbunny, aether:aerwhale, aether:blue_swet, aether:golden_swet, aether:whirlwind, aether:evil_whirlwind, aether:aechor_plant, aether:cockatrice, aether:zephyr, aether:mimic, aether:sentry, aether:slider, aether:valkyrie, aether:valkyrie_queen, aether:fire_minion, aether:sun_spirit, aether:skyroot_boat, aether:skyroot_chest_boat, aether:cloud_minion, aether:cold_parachute, aether:golden_parachute, aether:floating_block, aether:tnt_present, aether:zephyr_snowball, aether:cloud_crystal, aether:fire_crystal, aether:ice_crystal, aether:thunder_crystal, aether:golden_dart, aether:poison_dart, aether:enchanted_dart, aether:poison_needle, aether:lightning_knife, aether:hammer_projectile, naturalist:alligator, naturalist:bass, naturalist:bear, naturalist:bluejay, naturalist:boar, naturalist:butterfly, naturalist:canary, naturalist:cardinal, naturalist:caterpillar, naturalist:catfish, naturalist:coral_snake, naturalist:deer, naturalist:dragonfly, naturalist:duck, naturalist:duck_egg, naturalist:elephant, naturalist:firefly, naturalist:finch, naturalist:giraffe, naturalist:hippo, naturalist:lion, naturalist:lizard, naturalist:lizard_tail, naturalist:moose, naturalist:rattlesnake, naturalist:rhino, naturalist:robin, naturalist:snail, naturalist:snake, naturalist:sparrow, naturalist:tortoise, naturalist:vulture, naturalist:zebra, ants_unleashed:ant, ants_unleashed:fire_ant, ants_unleashed:drone_ant, ants_unleashed:soldier_ant, ants_unleashed:ant_queen, ants_unleashed:projectile_ant_egg_projectile, ants_unleashed:structure_pig, dungeons_and_combat:skull, dungeons_and_combat:skull_deserter, dungeons_and_combat:kamath, dungeons_and_combat:skull_mimic, dungeons_and_combat:the_grave_watcher, dungeons_and_combat:palehand, dungeons_and_combat:ghoul, dungeons_and_combat:mimy_chest, dungeons_and_combat:mummy, dungeons_and_combat:ammit, dungeons_and_combat:horuso, dungeons_and_combat:gigant_scorpion, dungeons_and_combat:infernus, dungeons_and_combat:lady_blaze, dungeons_and_combat:pyro_knight, dungeons_and_combat:torture, dungeons_and_combat:weakness, dungeons_and_combat:failure, dungeons_and_combat:the_aberrator, dungeons_and_combat:palehand_minion, dungeons_and_combat:flower_fairy, dungeons_and_combat:tomahawk_of_steel, dungeons_and_combat:fairy_proyectile, dungeons_and_combat:bloodymancer_cultist, dungeons_and_combat:sandstone_golem, dungeons_and_combat:bloody_arrow, dungeons_and_combat:bloodymancer_dark_magic, dungeons_and_combat:magic_arrow, dungeons_and_combat:laser_beam, dungeons_and_combat:sunleia, dungeons_and_combat:weakness_despawn, dungeons_and_combat:fire_ball, dungeons_and_combat:bloody_cultist, dungeons_and_combat:hermit_witch, dungeons_and_combat:remanent, dungeons_and_combat:ernos, dungeons_and_combat:acid_fire_ball, dungeons_and_combat:bottled_acid_fire_trow, dungeons_and_combat:horuso_feather_poryectile, dungeons_and_combat:prisoner_skull, dungeons_and_combat:royal_skull, dungeons_and_combat:counselor_skull, dungeons_and_combat:chained, dungeons_and_combat:high_priest, dungeons_and_combat:fractured_vex, dungeons_and_combat:blood_slash, alexsmobs:grizzly_bear, alexsmobs:roadrunner, alexsmobs:bone_serpent, alexsmobs:bone_serpent_part, alexsmobs:gazelle, alexsmobs:crocodile, alexsmobs:fly, alexsmobs:hummingbird, alexsmobs:orca, alexsmobs:sunbird, alexsmobs:gorilla, alexsmobs:crimson_mosquito, alexsmobs:mosquito_spit, alexsmobs:rattlesnake, alexsmobs:endergrade, alexsmobs:hammerhead_shark, alexsmobs:shark_tooth_arrow, alexsmobs:lobster, alexsmobs:komodo_dragon, alexsmobs:capuchin_monkey, alexsmobs:tossed_item, alexsmobs:centipede_head, alexsmobs:centipede_body, alexsmobs:centipede_tail, alexsmobs:warped_toad, alexsmobs:moose, alexsmobs:mimicube, alexsmobs:raccoon, alexsmobs:blobfish, alexsmobs:seal, alexsmobs:cockroach, alexsmobs:cockroach_egg, alexsmobs:shoebill, alexsmobs:elephant, alexsmobs:soul_vulture, alexsmobs:snow_leopard, alexsmobs:spectre, alexsmobs:crow, alexsmobs:alligator_snapping_turtle, alexsmobs:mungus, alexsmobs:mantis_shrimp, alexsmobs:guster, alexsmobs:sand_shot, alexsmobs:gust, alexsmobs:warped_mosco, alexsmobs:hemolymph, alexsmobs:straddler, alexsmobs:stradpole, alexsmobs:straddleboard, alexsmobs:emu, alexsmobs:emu_egg, alexsmobs:platypus, alexsmobs:dropbear, alexsmobs:tasmanian_devil, alexsmobs:kangaroo, alexsmobs:cachalot_whale, alexsmobs:cachalot_echo, alexsmobs:leafcutter_ant, alexsmobs:enderiophage, alexsmobs:enderiophage_rocket, alexsmobs:bald_eagle, alexsmobs:tiger, alexsmobs:tarantula_hawk, alexsmobs:void_worm, alexsmobs:void_worm_part, alexsmobs:void_worm_shot, alexsmobs:void_portal, alexsmobs:frilled_shark, alexsmobs:mimic_octopus, alexsmobs:seagull, alexsmobs:froststalker, alexsmobs:ice_shard, alexsmobs:tusklin, alexsmobs:laviathan, alexsmobs:cosmaw, alexsmobs:toucan, alexsmobs:maned_wolf, alexsmobs:anaconda, alexsmobs:anaconda_part, alexsmobs:vine_lasso, alexsmobs:anteater, alexsmobs:rocky_roller, alexsmobs:flutter, alexsmobs:pollen_ball, alexsmobs:gelada_monkey, alexsmobs:jerboa, alexsmobs:terrapin, alexsmobs:comb_jelly, alexsmobs:cosmic_cod, alexsmobs:bunfungus, alexsmobs:bison, alexsmobs:giant_squid, alexsmobs:squid_grapple, alexsmobs:sea_bear, alexsmobs:devils_hole_pupfish, alexsmobs:catfish, alexsmobs:flying_fish, alexsmobs:skelewag, alexsmobs:rain_frog, alexsmobs:potoo, alexsmobs:mudskipper, alexsmobs:mud_ball, alexsmobs:rhinoceros, alexsmobs:sugar_glider, alexsmobs:farseer, alexsmobs:skreecher, alexsmobs:underminer, alexsmobs:murmur, alexsmobs:murmur_head, alexsmobs:tendon_segment, alexsmobs:skunk, alexsmobs:fart, alexsmobs:banana_slug, alexsmobs:blue_jay, alexsmobs:caiman, alexsmobs:triops, iceandfire:dragon_multipart, iceandfire:multipart, iceandfire:hydra_multipart, iceandfire:cylcops_multipart, iceandfire:dragon_egg, iceandfire:dragon_arrow, iceandfire:dragon_skull, iceandfire:fire_dragon, iceandfire:ice_dragon, iceandfire:lightning_dragon, iceandfire:fire_dragon_charge, iceandfire:ice_dragon_charge, iceandfire:lightning_dragon_charge, iceandfire:hippogryph_egg, iceandfire:hippogryph, iceandfire:stone_statue, iceandfire:gorgon, iceandfire:pixie, iceandfire:cyclops, iceandfire:siren, iceandfire:hippocampus, iceandfire:deathworm, iceandfire:deathworm_egg, iceandfire:cockatrice, iceandfire:cockatrice_egg, iceandfire:stymphalian_bird, iceandfire:stymphalian_feather, iceandfire:stymphalian_arrow, iceandfire:troll, iceandfire:myrmex_worker, iceandfire:myrmex_soldier, iceandfire:myrmex_sentinel, iceandfire:myrmex_royal, iceandfire:myrmex_queen, iceandfire:myrmex_egg, iceandfire:amphithere, iceandfire:amphithere_arrow, iceandfire:sea_serpent, iceandfire:sea_serpent_bubbles, iceandfire:sea_serpent_arrow, iceandfire:chain_tie, iceandfire:pixie_charge, iceandfire:myrmex_swarmer, iceandfire:tide_trident, iceandfire:mob_skull, iceandfire:dread_thrall, iceandfire:dread_ghoul, iceandfire:dread_beast, iceandfire:dread_scuttler, iceandfire:dread_lich, iceandfire:dread_lich_skull, iceandfire:dread_knight, iceandfire:dread_horse, iceandfire:hydra, iceandfire:hydra_breath, iceandfire:hydra_arrow, iceandfire:ghost, iceandfire:ghost_sword, sophisticatedbackpacks:everlasting_backpack_item, waddles:adelie_penguin, takesapillage:clay_golem, takesapillage:archer, takesapillage:skirmisher, takesapillage:legioner, dark_souls_expansion:undead_base, dark_souls_expansion:hollow_villager, dark_souls_expansion:pyromancer_villager, dark_souls_expansion:mushroom_people_red, dark_souls_expansion:mushroom_people_brown, dark_souls_expansion:asylum_demon, dark_souls_expansion:undead_soldier, dark_souls_expansion:andre_hammersmith, dark_souls_expansion:asylum_demon_boss, dark_souls_expansion:blacksmith, dark_souls_expansion:man_serpent, dark_souls_expansion:undead_assasin, dark_souls_expansion:black_knight, dark_souls_expansion:mimic_chest, dark_souls_expansion:armed_skeleton, dark_souls_expansion:pyromancy_flame_projectile, dark_souls_expansion:moonlight_greatsword_projectile, dark_souls_expansion:gargoyle, dark_souls_expansion:channeler, dark_souls_expansion:balder, dark_souls_expansion:gargoyle_ranged_attack, dark_souls_expansion:merchant_villager, dark_souls_expansion:capra_demon, dark_souls_expansion:titanite_demon, dark_souls_expansion:balder_crossbow, dark_souls_expansion:fire_pot_projectile, dark_souls_expansion:lightning_pot_projectile, bygonenether:wex, bygonenether:warped_enderman, bygonenether:piglin_prisoner, bygonenether:piglin_hunter, bygonenether:wraither, bygonenether:wither_skeleton_knight, bygonenether:corpor, bygonenether:wither_skeleton_horse, bygonenether:warped_ender_pearl, dragonmounts:dragon, twilightforest:adherent, twilightforest:alpha_yeti, twilightforest:armored_giant, twilightforest:bighorn_sheep, twilightforest:blockchain_goblin, twilightforest:boar, twilightforest:boat, twilightforest:carminite_broodling, twilightforest:carminite_ghastguard, twilightforest:carminite_ghastling, twilightforest:carminite_golem, twilightforest:chain_block, twilightforest:charm_effect, twilightforest:chest_boat, twilightforest:cube_of_annihilation, twilightforest:death_tome, twilightforest:deer, twilightforest:dwarf_rabbit, twilightforest:falling_ice, twilightforest:fire_beetle, twilightforest:giant_miner, twilightforest:harbinger_cube, twilightforest:hedge_spider, twilightforest:helmet_crab, twilightforest:hostile_wolf, twilightforest:hydra, twilightforest:hydra_mortar, twilightforest:ice_arrow, twilightforest:thrown_ice, twilightforest:ice_crystal, twilightforest:ice_snowball, twilightforest:king_spider, twilightforest:knight_phantom, twilightforest:kobold, twilightforest:lich, twilightforest:lich_bolt, twilightforest:lich_bomb, twilightforest:lich_minion, twilightforest:lower_goblin_knight, twilightforest:loyal_zombie, twilightforest:maze_slime, twilightforest:minoshroom, twilightforest:minotaur, twilightforest:mist_wolf, twilightforest:moonworm_shot, twilightforest:mosquito_swarm, twilightforest:naga, twilightforest:nature_bolt, twilightforest:magic_painting, twilightforest:penguin, twilightforest:pinch_beetle, twilightforest:plateau_boss, twilightforest:protection_box, twilightforest:quest_ram, twilightforest:raven, twilightforest:redcap, twilightforest:redcap_sapper, twilightforest:rising_zombie, twilightforest:roving_cube, twilightforest:seeker_arrow, twilightforest:skeleton_druid, twilightforest:slider, twilightforest:slime_beetle, twilightforest:slime_blob, twilightforest:snow_guardian, twilightforest:snow_queen, twilightforest:squirrel, twilightforest:stable_ice_core, twilightforest:swarm_spider, twilightforest:thrown_block, twilightforest:thrown_wep, twilightforest:tiny_bird, twilightforest:tome_bolt, twilightforest:towerwood_borer, twilightforest:troll, twilightforest:wand_bolt, twilightforest:unstable_ice_core, twilightforest:upper_goblin_knight, twilightforest:ur_ghast, twilightforest:winter_wolf, twilightforest:wraith, twilightforest:yeti, minecraftdungeonsv1:piggy_bank, astemirlib:jas, farmersdelight:rotten_tomato, eeeabsmobs:corpse, eeeabsmobs:corpse_villager, eeeabsmobs:corpse_warlock, eeeabsmobs:corpse_to_player, eeeabsmobs:immortal_skeleton, eeeabsmobs:immortal_knight, eeeabsmobs:immortal_shaman, eeeabsmobs:immortal_golem, eeeabsmobs:immortal_executioner, eeeabsmobs:immortal, eeeabsmobs:guling_sentinel, eeeabsmobs:guling_sentinel_heavy, eeeabsmobs:nameless_guardian, eeeabsmobs:tester, eeeabsmobs:explode, eeeabsmobs:shaman_bomb, eeeabsmobs:camera_shake, eeeabsmobs:moving_controller, eeeabsmobs:falling_block, eeeabsmobs:guardian_laser, eeeabsmobs:guardian_blade, eeeabsmobs:scorch, eeeabsmobs:eye_of_structure, eeeabsmobs:poison_arrow, eeeabsmobs:blood_ball, eeeabsmobs:crimson_crack, eeeabsmobs:crimson_ray, eeeabsmobs:crimson_ray_pre, eeeabsmobs:grenade, eeeabsmobs:electromagnetic, eeeabsmobs:alien_portal, eeeabsmobs:immortal_magic_circle, eeeabsmobs:immortal_shuriken, eeeabsmobs:immortal_laser, samurai_dynasty:akaname, samurai_dynasty:kitsune, samurai_dynasty:enenra, samurai_dynasty:oni, samurai_dynasty:onibi, samurai_dynasty:jorogumo, samurai_dynasty:raijin, samurai_dynasty:fujin, samurai_dynasty:komainu, samurai_dynasty:tanuki, samurai_dynasty:twotailed, samurai_dynasty:kawauso, samurai_dynasty:shuriken, samurai_dynasty:kunai, samurai_dynasty:kunai_netherite, samurai_dynasty:kitsune_projectile, touhou_little_maid:maid, touhou_little_maid:chair, touhou_little_maid:fairy, touhou_little_maid:danmaku, touhou_little_maid:power_point, touhou_little_maid:extinguishing_agent, touhou_little_maid:box, touhou_little_maid:throw_power_point, touhou_little_maid:tombstone, touhou_little_maid:sit, touhou_little_maid:broom, touhou_little_maid:fishing_hook, cataclysm:ender_golem, cataclysm:ender_guardian, cataclysm:old_netherite_monstrosity, cataclysm:netherite_monstrosity, cataclysm:netherite_ministrosity, cataclysm:lava_bomb, cataclysm:flare_bomb, cataclysm:flame_jet, cataclysm:lightning_storm, cataclysm:nameless_sorcerer, cataclysm:ignis, cataclysm:ender_guardian_bullet, cataclysm:void_rune, cataclysm:abyss_mine, cataclysm:endermaptera, cataclysm:deepling, cataclysm:deepling_brute, cataclysm:deepling_angler, cataclysm:deepling_priest, cataclysm:deepling_warlock, cataclysm:abyss_mark, cataclysm:lionfish, cataclysm:coral_golem, cataclysm:coralssus, cataclysm:ignited_revenant, cataclysm:ignited_berserker, cataclysm:the_harbinger, cataclysm:the_watcher, cataclysm:the_prowler, cataclysm:the_leviathan, cataclysm:the_baby_leviathan, cataclysm:void_scatter_arrow, cataclysm:poison_dart, cataclysm:phantom_arrow, cataclysm:phantom_halberd, cataclysm:void_shard, cataclysm:blazing_bone, cataclysm:lionfish_spike, cataclysm:urchin_spike, cataclysm:spark, cataclysm:screen_shake, cataclysm:cm_falling_block, cataclysm:ignis_fireball, cataclysm:ignis_abyss_fireball, cataclysm:wither_smoke_effect, cataclysm:lightning_area_effect, cataclysm:flame_strike, cataclysm:bolt_strike, cataclysm:wave, cataclysm:storm_serpent, cataclysm:ashen_breath, cataclysm:wall_watcher, cataclysm:death_laser_beam, cataclysm:abyss_blast, cataclysm:mini_abyss_blast, cataclysm:portal_abyss_blast, cataclysm:laser_beam, cataclysm:wither_missile, cataclysm:wither_homing_missile, cataclysm:wither_howitzer, cataclysm:accretion, cataclysm:abyss_orb, cataclysm:void_howitzer, cataclysm:eye_of_dungeon, cataclysm:void_vortex, cataclysm:the_leviathan_tongue, cataclysm:tidal_tentacle, cataclysm:tidal_hook, cataclysm:scylla_ceraunus, cataclysm:player_ceraunus, cataclysm:abyss_portal, cataclysm:abyss_blast_portal, cataclysm:coral_spear, cataclysm:coral_bardiche, cataclysm:dimensional_rift, cataclysm:amethyst_crab, cataclysm:earthquake, cataclysm:amethyst_cluster_projectile, cataclysm:ancient_ancient_remnant, cataclysm:ancient_remnant, cataclysm:modern_remnant, cataclysm:koboleton, cataclysm:kobolediator, cataclysm:wadjet, cataclysm:sandstorm, cataclysm:sandstorm_projectile, cataclysm:cursed_sandstorm, cataclysm:ancient_desert_stele, cataclysm:maledictus, cataclysm:draugr, cataclysm:royal_draugr, cataclysm:elite_draugr, cataclysm:aptrgangr, cataclysm:axe_blade, cataclysm:hippocamtus, cataclysm:cindaria, cataclysm:clawdian, cataclysm:scylla, cataclysm:urchinkin, cataclysm:drowned_host, cataclysm:symbiocto, cataclysm:octo_ink, cataclysm:water_spear, cataclysm:lightning_spear, dawnoftimebuilder:chair, dawnoftimebuilder:silkmoth, doapi:chair, terraform:boat, terraform:chest_boat, vinery:dark_cherry_boat, vinery:dark_cherry_chest_boat, vinery:mule, vinery:wandering_winemaker, vinery:chair, bloomingnature:wandering_gardener, bloomingnature:termite, bloomingnature:mod_boat, bloomingnature:mod_chest_boat, fallingtrees:tree, undergarden:boat, undergarden:chest_boat, undergarden:boomgourd, undergarden:depthrock_pebble, undergarden:goo_ball, undergarden:rotten_blisterberry, undergarden:blisterbomb, undergarden:gronglet, undergarden:minion_projectile, undergarden:minion, undergarden:rotling, undergarden:rotwalker, undergarden:rotbeast, undergarden:dweller, undergarden:gwibling, undergarden:brute, undergarden:scintling, undergarden:gloomper, undergarden:stoneborn, undergarden:nargoyle, undergarden:muncher, undergarden:sploogie, undergarden:gwib, undergarden:mog, undergarden:smog_mog, undergarden:forgotten, undergarden:forgotten_guardian, goblintraders:goblin_trader, goblintraders:vein_goblin_trader, realmrpg_demons:chort, realmrpg_demons:imp, realmrpg_demons:imp_guard, realmrpg_demons:demon, realmrpg_demons:demon_lord, realmrpg_demons:ancient_demon_lord, realmrpg_demons:demon_minion, l2complements:soul_fire_charge, l2complements:strong_fire_charge, l2complements:black_fire_charge, l2weaponry:throwing_axe, l2weaponry:dagger, l2weaponry:javelin, obscure_api:vfx, artifacts:mimic, mahoutsukai:gandr_entity, mahoutsukai:weapon_projectile_entity, mahoutsukai:gate_weapon_projectile_entity, mahoutsukai:mental_displacement_entity, mahoutsukai:explosion_mahoujin_entity, mahoutsukai:aoe_explosion_mahoujin_entity, mahoutsukai:gun_entity, mahoutsukai:replica_teleport_entity, mahoutsukai:beam_mahoujin_entity, mahoutsukai:familiar_entity, mahoutsukai:kodoku_entity, mahoutsukai:smite_entity, mahoutsukai:lightning_entity, mahoutsukai:lightning_bolt_entity, mahoutsukai:morgan_ball_entity, mahoutsukai:rho_aias_entity, mahoutsukai:gate_chain_entity, mahoutsukai:butterfly_entity, mahoutsukai:spatial_disorientation_entity, mahoutsukai:authority_entity, mahoutsukai:fae_entity, mahoutsukai:beam_projectile_entity, mahoutsukai:fallen_down_entity, mahoutsukai:fallen_down_beam_entity, mahoutsukai:rhongomyniad_entity, bosses_of_mass_destruction:lich, bosses_of_mass_destruction:blue_fireball, bosses_of_mass_destruction:comet, bosses_of_mass_destruction:soul_star, bosses_of_mass_destruction:charged_ender_pearl, bosses_of_mass_destruction:obsidilith, bosses_of_mass_destruction:gauntlet, bosses_of_mass_destruction:void_blossom, bosses_of_mass_destruction:spore_ball, bosses_of_mass_destruction:petal_blade, alexscaves:boat, alexscaves:chest_boat, alexscaves:moving_metal_block, alexscaves:teletor, alexscaves:magnetic_weapon, alexscaves:magnetron, alexscaves:boundroid, alexscaves:boundroid_winch, alexscaves:ferrouslime, alexscaves:notor, alexscaves:quarry_smasher, alexscaves:seeking_arrow, alexscaves:subterranodon, alexscaves:vallumraptor, alexscaves:grottoceratops, alexscaves:trilocaris, alexscaves:tremorsaurus, alexscaves:relicheirus, alexscaves:luxtructosaurus, alexscaves:tephra, alexscaves:atlatitan, alexscaves:falling_tree_block, alexscaves:crushed_block, alexscaves:limestone_spear, alexscaves:extinction_spear, alexscaves:dinosaur_spirit, alexscaves:nuclear_explosion, alexscaves:nuclear_bomb, alexscaves:nucleeper, alexscaves:radgill, alexscaves:brainiac, alexscaves:thrown_waste_drum, alexscaves:gammaroach, alexscaves:raycat, alexscaves:cinder_brick, alexscaves:tremorzilla, alexscaves:lanternfish, alexscaves:sea_pig, alexscaves:submarine, alexscaves:hullbreaker, alexscaves:gossamer_worm, alexscaves:tripodfish, alexscaves:deep_one, alexscaves:ink_bomb, alexscaves:deep_one_knight, alexscaves:deep_one_mage, alexscaves:water_bolt, alexscaves:wave, alexscaves:mine_guardian, alexscaves:mine_guardian_anchor, alexscaves:depth_charge, alexscaves:floater, alexscaves:guano, alexscaves:falling_guano, alexscaves:gloomoth, alexscaves:underzealot, alexscaves:watcher, alexscaves:corrodent, alexscaves:vesper, alexscaves:forsaken, alexscaves:beholder_eye, alexscaves:desolate_dagger, alexscaves:burrowing_arrow, alexscaves:dark_arrow, alexscaves:sweetish_fish, alexscaves:caniac, alexscaves:gumbeeper, alexscaves:gumball, alexscaves:candicorn, alexscaves:gum_worm, alexscaves:gum_worm_segment, alexscaves:caramel_cube, alexscaves:melted_caramel, alexscaves:gummy_bear, alexscaves:licowitch, alexscaves:spinning_peppermint, alexscaves:sugar_staff_hex, alexscaves:gingerbread_man, alexscaves:thrown_ice_cream_scoop, alexscaves:falling_frostmint, alexscaves:candy_cane_hook, alexscaves:soda_bottle_rocket, alexscaves:frostmint_spear, legendary_monsters:skeletosaurus, legendary_monsters:overgrown_colossus, legendary_monsters:endersent, legendary_monsters:warped_fungussus, legendary_monsters:lava_eater, legendary_monsters:frostbitten_golem, legendary_monsters:shulker_mimic, legendary_monsters:chorusling, legendary_monsters:withered_abomination, legendary_monsters:chorus_bomb, legendary_monsters:falling_cloud, legendary_monsters:falling_cloud_small, legendary_monsters:ancient_guardian, legendary_monsters:ambusher, legendary_monsters:spiky_bug, legendary_monsters:cloud_golem, legendary_monsters:dark_cloud_golem, legendary_monsters:haunted_knight, legendary_monsters:haunted_guard, legendary_monsters:posessed_paladin, legendary_monsters:spear, legendary_monsters:golden_halbert, legendary_monsters:knights_armor, legendary_monsters:guard, legendary_monsters:camera_shake, legendary_monsters:mossy_golem, legendary_monsters:skeloraptor, legendary_monsters:dune_sentinel, legendary_monsters:bomber, legendary_monsters:bomb, legendary_monsters:lm_falling_block, legendary_monsters:ice_spike, legendary_monsters:shockwave, legendary_monsters:poison_shockwave, legendary_monsters:shockwave_spawner, legendary_monsters:poison_shockwave_spawner, legendary_monsters:fire_pillar, legendary_monsters:fire_breath, legendary_monsters:soul_strike, legendary_monsters:energy_beam, legendary_monsters:lightning_beam, legendary_monsters:electric_burst, legendary_monsters:cloud, legendary_monsters:lightning_strike, legendary_monsters:soul_arm, legendary_monsters:tornado, legendary_monsters:thunder_cloud, legendary_monsters:player_tornado, legendary_monsters:small_cloud, legendary_monsters:stratling, legendary_monsters:hovering_hurricane, legendary_monsters:chorus_energy_bullet, legendary_monsters:chorus_breath, legendary_monsters:soul_pillar, legendary_monsters:underground_soul_blade, legendary_monsters:falling_soul_blade, legendary_monsters:big_shulker_bullet, legendary_monsters:dimensional_bomb, legendary_monsters:small_dimensional_bomb, irons_spellbooks:wisp, irons_spellbooks:spectral_hammer, irons_spellbooks:magic_missile, irons_spellbooks:cone_of_cold, irons_spellbooks:blood_slash, irons_spellbooks:electrocute, irons_spellbooks:firebolt, irons_spellbooks:icicle, irons_spellbooks:fire_breath, irons_spellbooks:dragon_breath, irons_spellbooks:debug_wizard, irons_spellbooks:spectral_steed, irons_spellbooks:shield, irons_spellbooks:wall_of_fire, irons_spellbooks:summoned_vex, irons_spellbooks:pyromancer, irons_spellbooks:cryomancer, irons_spellbooks:lightning_lance, irons_spellbooks:necromancer, irons_spellbooks:summoned_zombie, irons_spellbooks:summoned_skeleton, irons_spellbooks:wither_skull, irons_spellbooks:magic_arrow, irons_spellbooks:creeper_head, irons_spellbooks:frozen_humanoid, irons_spellbooks:small_fireball, irons_spellbooks:fireball, irons_spellbooks:summoned_polar_bear, irons_spellbooks:dead_king, irons_spellbooks:dead_king_corpse, irons_spellbooks:catacombs_zombie, irons_spellbooks:archevoker, irons_spellbooks:magehunter_vindicator, irons_spellbooks:citadel_keeper, irons_spellbooks:sculk_tentacle, irons_spellbooks:ice_block_projectile, irons_spellbooks:poison_cloud, irons_spellbooks:sunbeam, irons_spellbooks:dragon_breath_pool, irons_spellbooks:poison_breath, irons_spellbooks:poison_arrow, irons_spellbooks:small_magic_arrow, irons_spellbooks:poison_splash, irons_spellbooks:acid_orb, irons_spellbooks:root, irons_spellbooks:black_hole, irons_spellbooks:blood_needle, irons_spellbooks:fire_field, irons_spellbooks:magma_ball, irons_spellbooks:comet, irons_spellbooks:target_area, irons_spellbooks:healing_aoe, irons_spellbooks:earthquake_aoe, irons_spellbooks:priest, irons_spellbooks:visual_falling_block, irons_spellbooks:guiding_bolt, irons_spellbooks:gust, irons_spellbooks:chain_lightning, irons_spellbooks:ray_of_frost, irons_spellbooks:eldritch_blast, irons_spellbooks:devour_jaw, irons_spellbooks:firefly_swarm, irons_spellbooks:flame_strike, irons_spellbooks:arrow_volley, irons_spellbooks:portal, irons_spellbooks:stomp_aoe, irons_spellbooks:lightning_strike, irons_spellbooks:apothecarist, irons_spellbooks:echoing_strike, irons_spellbooks:cultist, irons_spellbooks:ball_lightning, creeperoverhaul:jungle_creeper, creeperoverhaul:bamboo_creeper, creeperoverhaul:desert_creeper, creeperoverhaul:badlands_creeper, creeperoverhaul:hills_creeper, creeperoverhaul:savannah_creeper, creeperoverhaul:mushroom_creeper, creeperoverhaul:swamp_creeper, creeperoverhaul:dripstone_creeper, creeperoverhaul:cave_creeper, creeperoverhaul:dark_oak_creeper, creeperoverhaul:spruce_creeper, creeperoverhaul:beach_creeper, creeperoverhaul:snowy_creeper, creeperoverhaul:ocean_creeper, realmrpg_quests:trigger_zone_old_hut, realmrpg_quests:angler, realmrpg_quests:piglin_gambler, realmrpg_quests:headless_skeleton, realmrpg_quests:cook, realmrpg_quests:monster_hunter, cdmoveset:corrupt_dog, epicfight:area_effect_breath, epicfight:dropped_nether_star, epicfight:wither_skeleton_minion, epicfight:wither_ghost, epicfight:death_harvest_orb, epicfight:dodge_left, mastersword:navi, mastersword:tatl, mastersword:tael, mastersword:ciela, mastersword:leaf, mastersword:neri, mastersword:white_fairy, mastersword:gray_fairy, mastersword:black_fairy, mastersword:orange_fairy, mastersword:lime_fairy, mastersword:green_fairy, mastersword:cyan_fairy, mastersword:purple_fairy, mastersword:magenta_fairy, mastersword:brown_fairy, mastersword:golden_fairy, mastersword:dark_fairy, mastersword:sheikah_fairy, mastersword:healing_fairy, mastersword:ocarinahorse, mastersword:swordbeam, mastersword:fire_rod_projectile, mastersword:ice_rod_projectile, mastersword:boomerang_projectile_entity, mastersword:magic_boomerang_projectile_entity, mastersword:fairy_arrow, mastersword:bombchu, mastersword:hookshot_hook, mastersword:endershot_hook, mastersword:hypershot_hook, mastersword:lon_lon_cow, mastersword:goron_merchant, mastersword:great_fairy, battle_arts:flying_shockwave, battle_arts:fixed_arrow
[14Jul2025 20:09:42.556] [main/ERROR] [net.minecraft.server.ServerAdvancementManager/]: Parsing error loading custom advancement souls_like_bosses:killed_rubeus: Unknown entity type 'whisperwoods:hidebehind', valid types are: minecraft:allay, minecraft:area_effect_cloud, minecraft:armor_stand, minecraft:arrow, minecraft:axolotl, minecraft:bat, minecraft:bee, minecraft:blaze, minecraft:block_display, minecraft:boat, minecraft:camel, minecraft:cat, minecraft:cave_spider, minecraft:chest_boat, minecraft:chest_minecart, minecraft:chicken, minecraft:cod, minecraft:command_block_minecart, minecraft:cow, minecraft:creeper, minecraft:dolphin, minecraft:donkey, minecraft:dragon_fireball, minecraft:drowned, minecraft:egg, minecraft:elder_guardian, minecraft:end_crystal, minecraft:ender_dragon, minecraft:ender_pearl, minecraft:enderman, minecraft:endermite, minecraft:evoker, minecraft:evoker_fangs, minecraft:experience_bottle, minecraft:experience_orb, minecraft:eye_of_ender, minecraft:falling_block, minecraft:firework_rocket, minecraft:fox, minecraft:frog, minecraft:furnace_minecart, minecraft:ghast, minecraft:giant, minecraft:glow_item_frame, minecraft:glow_squid, minecraft:goat, minecraft:guardian, minecraft:hoglin, minecraft:hopper_minecart, minecraft:horse, minecraft:husk, minecraft:illusioner, minecraft:interaction, minecraft:iron_golem, minecraft:item, minecraft:item_display, minecraft:item_frame, minecraft:fireball, minecraft:leash_knot, minecraft:lightning_bolt, minecraft:llama, minecraft:llama_spit, minecraft:magma_cube, minecraft:marker, minecraft:minecart, minecraft:mooshroom, minecraft:mule, minecraft:ocelot, minecraft:painting, minecraft:panda, minecraft:parrot, minecraft:phantom, minecraft:pig, minecraft:piglin, minecraft:piglin_brute, minecraft:pillager, minecraft:polar_bear, minecraft:potion, minecraft:pufferfish, minecraft:rabbit, minecraft:ravager, minecraft:salmon, minecraft:sheep, minecraft:shulker, minecraft:shulker_bullet, minecraft:silverfish, minecraft:skeleton, minecraft:skeleton_horse, minecraft:slime, minecraft:small_fireball, minecraft:sniffer, minecraft:snow_golem, minecraft:snowball, minecraft:spawner_minecart, minecraft:spectral_arrow, minecraft:spider, minecraft:squid, minecraft:stray, minecraft:strider, minecraft:tadpole, minecraft:text_display, minecraft:tnt, minecraft:tnt_minecart, minecraft:trader_llama, minecraft:trident, minecraft:tropical_fish, minecraft:turtle, minecraft:vex, minecraft:villager, minecraft:vindicator, minecraft:wandering_trader, minecraft:warden, minecraft:witch, minecraft:wither, minecraft:wither_skeleton, minecraft:wither_skull, minecraft:wolf, minecraft:zoglin, minecraft:zombie, minecraft:zombie_horse, minecraft:zombie_villager, minecraft:zombified_piglin, minecraft:player, minecraft:fishing_bobber, hamsters:hamster, hamsters:seat, stalwart_dungeons:projectile_spore_bottle, stalwart_dungeons:projectile_tungsten_shield, stalwart_dungeons:projectile_warted_tungsten_shield, stalwart_dungeons:projectile_awful_gun, stalwart_dungeons:projectile_awful_dungeon_spawner, stalwart_dungeons:projectile_keeping_castle_spawner, stalwart_dungeons:awful_ghast, stalwart_dungeons:nether_keeper, stalwart_dungeons:giddy_blaze, stalwart_dungeons:incomplete_wither, stalwart_dungeons:reinforced_blaze, stalwart_dungeons:projectile_chorundum_shield, stalwart_dungeons:projectile_end_dungeon_spawner, stalwart_dungeons:propulk, stalwart_dungeons:shelterer, stalwart_dungeons:projectile_levitation_projectile, stalwart_dungeons:spore_projectile, stalwart_dungeons:nether_wart_cocoon, stalwart_dungeons:shelterer_without_armor, stalwart_dungeons:shulker_cannon, stalwart_dungeons:projectile_cannon_pr, bagus_lib:mini_bagu, guardvillagers:guard, dungeons_plus:soul_fireball, dungeons_plus:warped_axe, tombstone:grave_guardian, tombstone:cloud, tombstone:spectral_bite, tombstone:spectral_wolf, dungeonsweaponry:projectile_whispering_spear, dungeonsweaponry:necromancer, dungeonsweaponry:vanguard, dungeonsweaponry:wildfire, dungeonsweaponry:enchanter, dungeonsweaponry:loot_pig, dungeonsweaponry:geomancer, dungeonsweaponry:nameless_one, dungeonsweaponry:nameless_one_projectile, dungeonsweaponry:false_king, dungeonsweaponry:mountaineer, dungeonsweaponry:mountaineer_1, dungeonsweaponry:mountaineer_2, dungeonsweaponry:wraith, dungeonsweaponry:dungeon_arrow, cfm:seat, goblins_tyranny:bard, goblins_tyranny:mini_goblin_1, goblins_tyranny:mini_goblin_2, goblins_tyranny:mini_goblin_3, goblins_tyranny:blacksmith_goblin, goblins_tyranny:knight_goblin, goblins_tyranny:leader_goblin, goblins_tyranny:champion_goblin, goblins_tyranny:shaman_goblin, goblins_tyranny:engineer_goblin, goblins_tyranny:engineeress_goblin, goblins_tyranny:droblin, goblins_tyranny:bomb_projectile, goblins_tyranny:bartender_goblin, goblins_tyranny:fire_bomb_projectile, goblins_tyranny:gaz_bomb_projectile, goblins_tyranny:goblin_hunter, goblins_tyranny:goblin_huntsman, goblins_tyranny:grobot, goblins_tyranny:glitteron, goblins_tyranny:chubby_glitteron, goblins_tyranny:healing_ball_projectile, goblins_tyranny:merchant, goblins_tyranny:mini_drunk_gob_1, goblins_tyranny:mini_drunk_gob_2, goblins_tyranny:mini_drunk_gob_3, goblins_tyranny:wanderer_goblin, goblins_tyranny:decoy_projectile, goblins_tyranny:decoy_entity, goblins_tyranny:coal_cave_goblin, goblins_tyranny:copper_cave_goblin, goblins_tyranny:iron_cave_goblin, goblins_tyranny:gold_cave_goblin, mowziesmobs:foliaath, mowziesmobs:baby_foliaath, mowziesmobs:ferrous_wroughtnaut, mowziesmobs:umvuthana_follower_raptor, mowziesmobs:umvuthana_follower_player, mowziesmobs:umvuthana_crane_player, mowziesmobs:umvuthana, mowziesmobs:umvuthana_raptor, mowziesmobs:umvuthana_crane, mowziesmobs:umvuthi, mowziesmobs:frostmaw, mowziesmobs:grottol, mowziesmobs:lantern, mowziesmobs:naga, mowziesmobs:sculptor, mowziesmobs:bluff, mowziesmobs:sunstrike, mowziesmobs:solar_beam, mowziesmobs:boulder_projectile, mowziesmobs:rock_sling, mowziesmobs:boulder_platform, mowziesmobs:boulder_platform_crumbling, mowziesmobs:pillar, mowziesmobs:pillar_sculptor, mowziesmobs:pillar_piece, mowziesmobs:axe_attack, mowziesmobs:ice_breath, mowziesmobs:ice_ball, mowziesmobs:frozen_controller, mowziesmobs:dart, mowziesmobs:poison_ball, mowziesmobs:super_nova, mowziesmobs:falling_block, mowziesmobs:block_swapper, mowziesmobs:block_swapper_tunneling, mowziesmobs:camera_shake, mowziesmobs:fissure, mowziesmobs:fissure_piece, mowziesmobs:earth_spike, tameablebeasts:tameable_racoon, tameablebeasts:tameable_penguin, tameablebeasts:tameable_chikote, tameablebeasts:scarecrow_allay, tameablebeasts:tameable_beetle, tameablebeasts:beetle_drone, tameablebeasts:quetzalcoatlus, tameablebeasts:giant_grasshopper, tameablebeasts:ground_beetle, tameablebeasts:giant_roly_poly, tameablebeasts:fur_golem, tameablebeasts:crested_gecko, tameablebeasts:argentavis, tameablebeasts:graptera, tameablebeasts:bird_bait_arrow, tameablebeasts:ptera_meal_arrow, graveyard:reaper, graveyard:acolyte, graveyard:corrupted_vindicator, graveyard:corrupted_pillager, graveyard:skeleton_creeper, graveyard:falling_corpse, graveyard:ghoul, graveyard:revenant, graveyard:wraith, graveyard:nightmare, graveyard:ghouling, graveyard:lich, graveyard:skull, graveyard:nameless_hanged, dungeonnowloading:chaos_spawner, dungeonnowloading:hollow, dungeonnowloading:spawner_carrier, dungeonnowloading:sealed_chaos, dungeonnowloading:whimper, dungeonnowloading:chaos_spawner_projectile, dungeonnowloading:special_item_entity, dungeonnowloading:great_experience_bottle, travelersbackpack:backpack, biomesoplenty:boat, biomesoplenty:chest_boat, missingwilds:firefly_swarm, hunters_return:hunter, hunters_return:boomerang, rpgsmw:paladin_shield, rpgsmw:copper_paladin_ultimate, rpgsmw:iron_paladin_ultimate, rpgsmw:steel_paladin_ultimate, rpgsmw:diamons_paladin_ultimate, rpgsmw:miphril_paladin_ultimate, rpgsmw:netherite_paladin_ultimate, rpgsmw:nephris_paladin_ultimate, rpgsmw:copper_knife_attack, rpgsmw:steel_knife_attack, rpgsmw:miphril_knife_attack, rpgsmw:nephris_knife_attack, rpgsmw:copper_sickle_blood_smash, rpgsmw:steelsicklebloodsmash, rpgsmw:miphrilsicklebloodsmash, rpgsmw:nephrissicklebloodsmash, rpgsmw:heal_spell, rpgsmw:mage_attack_ult, rpgsmw:ironscaneb_projectile, rpgsmw:nephrilscaneshot_projectile, rpgsmw:icescaneshot_projectile, rpgsmw:copper_sraff_projectile_projectile, rpgsmw:iron_staff_projectile_2_projectile, rpgsmw:steel_staff_projectile_2_projectile, rpgsmw:diamond_staff_projectile_2_projectile, rpgsmw:miphril_staff_projectile_2_projectile, rpgsmw:netherite_staff_projectile_2_projectile, rpgsmw:nephris_staff_projectile_2_projectile, rpgsmw:copper_healer_wand_projectile_projectile, rpgsmw:iron_healer_wand_projectile_projectile, rpgsmw:steel_healer_wand_projectile_projectile, rpgsmw:diamond_healer_wand_projectile_projectile, rpgsmw:miphril_healer_wand_projectile_projectile, rpgsmw:netherite_healer_wand_projectile_projectile, rpgsmw:nephris_healer_wand_projectile_projectile, rpgsmw:crossbow_bolt_projectile, rpgsmw:crossbow_bolt_fire_projectile, rpgsmw:crossbow_bolt_poision_projectile, rpgsmw:copper_scythe_projectile_projectile, rpgsmw:netherite_scythe_projectile_projectile, rpgsmw:amethyst_scythe_projectile_projectile, rpgsmw:miphril_scythe_projectile_projectile, rpgsmw:deafult_rifle_shot_projectile, rpgsmw:bursting_rifle_shot_projectile, rpgsmw:deafult_rifle_shot_netherite_projectile, rpgsmw:bursting_rifle_shot_netherite_projectile, rpgsmw:blood_arrow_projectile, rpgsmw:attack_mage_ult_projectile, rpgsmw:hammer_slash, valarian_conquest:valarian_guard, valarian_conquest:valarian_archer, valarian_conquest:valarian_spearman, valarian_conquest:valarian_cannon, valarian_conquest:cannon_ball_projectile, valarian_conquest:captured_valarian_cannon, valarian_conquest:valarian_raider, valarian_conquest:valarian_ranger, valarian_conquest:valarian_villager, valarian_conquest:kings_guard, valarian_conquest:valarian_king, valarian_conquest:bandit_1, valarian_conquest:bandit_2, valarian_conquest:valarian_knight, valarian_conquest:bohemian_knight, valarian_conquest:bohemian_guard, valarian_conquest:bohemian_archer, valarian_conquest:bohemian_spearman, valarian_conquest:bohemian_king, valarian_conquest:bohemian_villager, valarian_conquest:mercenary, valarian_conquest:ranged_mercenary, valarian_conquest:battering_ram, valarian_conquest:lead_ball_projectile, valarian_conquest:man_at_arms, valarian_conquest:caladrian_guard, valarian_conquest:caladrian_spearman, valarian_conquest:caladrian_officer, valarian_conquest:caladrian_knight, valarian_conquest:caladrian_archer, valarian_conquest:caladrian_king, valarian_conquest:numerian_guard, valarian_conquest:numerian_spearman, valarian_conquest:numerian_knight, valarian_conquest:numerian_archer, valarian_conquest:numerian_villager, valarian_conquest:visgothian_guard, valarian_conquest:visgothian_spearman, valarian_conquest:visgothian_knight, valarian_conquest:visgothian_archer, valarian_conquest:gardonian_guard, valarian_conquest:gardonian_spearman, valarian_conquest:gardonian_knight, valarian_conquest:valarian_breacher, valarian_conquest:caladrian_kings_guard, valarian_conquest:galician_guard, valarian_conquest:galician_spearman, valarian_conquest:galician_knight, valarian_conquest:galician_kings_guard, valarian_conquest:galician_archer, valarian_conquest:numerian_king, valarian_conquest:numerian_kings_guard, valarian_conquest:caladrian_villager, valarian_conquest:visgothian_villager, valarian_conquest:gardonian_villager, valarian_conquest:galician_villager, valarian_conquest:gardonian_king, valarian_conquest:visgothian_king, valarian_conquest:visgothian_kings_guard, valarian_conquest:galician_king, valarian_conquest:lancastian_king, valarian_conquest:lancastian_guard, valarian_conquest:lancastian_spearman, valarian_conquest:lancastian_knight, valarian_conquest:lancastian_villager, valarian_conquest:lancastian_kings_guard, valarian_conquest:bohemian_kings_guard, valarian_conquest:valarian_female_villager, valarian_conquest:bohemian_female_villager, valarian_conquest:caladrian_female_villager, valarian_conquest:numerian_female_villager, valarian_conquest:visgothian_female_v_illager, valarian_conquest:galician_female_villager, valarian_conquest:lancastian_female_villager, valarian_conquest:gardonian_female_villager, valarian_conquest:gardonian_archer, valarian_conquest:gardonian_kings_guard, valarian_conquest:lancastian_archer, valarian_conquest:draugr_archer, valarian_conquest:draugr_guard, valarian_conquest:draugr_spearman, valarian_conquest:draugr_lord, valarian_conquest:draugr_knight, valarian_conquest:ice_projectile, valarian_conquest:orc_shaman, valarian_conquest:orc_archer, valarian_conquest:orc_raider, valarian_conquest:orc_berserker, valarian_conquest:orc_warrior, valarian_conquest:shaman_staff_projectile, valarian_conquest:aegis_commander, valarian_conquest:aegis_guard, valarian_conquest:aegis_archer, valarian_conquest:aegis_spearman, valarian_conquest:aegis_knight, valarian_conquest:aegis_dark_knight, valarian_conquest:aegis_villager, valarian_conquest:aegis_female_villager, valarian_conquest:dwarven_elder, valarian_conquest:dwarven_officer, valarian_conquest:dwarven_guard, valarian_conquest:dwarven_miner, valarian_conquest:dwarven_spearman, valarian_conquest:legion_guard, valarian_conquest:legion_spearman, valarian_conquest:legion_officer, valarian_conquest:legion_commander, valarian_conquest:legion_bowman, valarian_conquest:catapult_rock_projectile, valarian_conquest:catapult, valarian_conquest:caladrian_cannon, valarian_conquest:bandit_3, valarian_conquest:carriage, astikorcarts:supply_cart, astikorcarts:plow, astikorcarts:animal_cart, astikorcarts:postilion, ecologics:coconut_crab, ecologics:boat, ecologics:chest_boat, ecologics:penguin, ecologics:squirrel, lootr:lootr_minecart, aquamirae:golden_moth, aquamirae:maw, aquamirae:anglerfish, aquamirae:maze_mother, aquamirae:captain_cornelia, aquamirae:pillagers_patrol, aquamirae:tortured_soul, aquamirae:eel, aquamirae:maze_rose, aquamirae:poisoned_chakra, aquamirae:spinefish, aquamirae:luminous_jelly, ars_nouveau:spell_proj, ars_nouveau:arcing_spell_proj, ars_nouveau:homing_spell_proj, ars_nouveau:ally_vex, ars_nouveau:fangs, ars_nouveau:bookwyrm, ars_nouveau:starbuncle, ars_nouveau:follow_proj, ars_nouveau:whirlisprig, ars_nouveau:wixie, ars_nouveau:flying_item, ars_nouveau:ritual, ars_nouveau:wilden_hunter, ars_nouveau:spell_arrow, ars_nouveau:cinder, ars_nouveau:summon_wolf, ars_nouveau:wilden_stalker, ars_nouveau:summon_horse, ars_nouveau:summon_skeleton, ars_nouveau:wilden_guardian, ars_nouveau:wilden_boss, ars_nouveau:an_lightning, ars_nouveau:dummy, ars_nouveau:drygmy, ars_nouveau:orbit, ars_nouveau:spike, ars_nouveau:familiar_starbuncle, ars_nouveau:familiar_wixie, ars_nouveau:familiar_bookwyrm, ars_nouveau:familiar_drygmy, ars_nouveau:familiar_whirlisprig, ars_nouveau:familiar_amethyst_golem, ars_nouveau:linger, ars_nouveau:wall, ars_nouveau:cascading_weald_walker, ars_nouveau:flourishing_weald_walker, ars_nouveau:blazing_weald_walker, ars_nouveau:vexing_weald_walker, ars_nouveau:amethyst_golem, ars_nouveau:scryer_camera, ars_nouveau:enchanted_falling_block, ars_nouveau:ice_shard, ars_nouveau:enchanted_mage_block, ars_nouveau:enchanted_head_block, ars_nouveau:gift_starby, ars_nouveau:animated_block, ars_nouveau:animated_head, ars_nouveau:lily, aether:phyg, aether:flying_cow, aether:sheepuff, aether:moa, aether:aerbunny, aether:aerwhale, aether:blue_swet, aether:golden_swet, aether:whirlwind, aether:evil_whirlwind, aether:aechor_plant, aether:cockatrice, aether:zephyr, aether:mimic, aether:sentry, aether:slider, aether:valkyrie, aether:valkyrie_queen, aether:fire_minion, aether:sun_spirit, aether:skyroot_boat, aether:skyroot_chest_boat, aether:cloud_minion, aether:cold_parachute, aether:golden_parachute, aether:floating_block, aether:tnt_present, aether:zephyr_snowball, aether:cloud_crystal, aether:fire_crystal, aether:ice_crystal, aether:thunder_crystal, aether:golden_dart, aether:poison_dart, aether:enchanted_dart, aether:poison_needle, aether:lightning_knife, aether:hammer_projectile, naturalist:alligator, naturalist:bass, naturalist:bear, naturalist:bluejay, naturalist:boar, naturalist:butterfly, naturalist:canary, naturalist:cardinal, naturalist:caterpillar, naturalist:catfish, naturalist:coral_snake, naturalist:deer, naturalist:dragonfly, naturalist:duck, naturalist:duck_egg, naturalist:elephant, naturalist:firefly, naturalist:finch, naturalist:giraffe, naturalist:hippo, naturalist:lion, naturalist:lizard, naturalist:lizard_tail, naturalist:moose, naturalist:rattlesnake, naturalist:rhino, naturalist:robin, naturalist:snail, naturalist:snake, naturalist:sparrow, naturalist:tortoise, naturalist:vulture, naturalist:zebra, ants_unleashed:ant, ants_unleashed:fire_ant, ants_unleashed:drone_ant, ants_unleashed:soldier_ant, ants_unleashed:ant_queen, ants_unleashed:projectile_ant_egg_projectile, ants_unleashed:structure_pig, dungeons_and_combat:skull, dungeons_and_combat:skull_deserter, dungeons_and_combat:kamath, dungeons_and_combat:skull_mimic, dungeons_and_combat:the_grave_watcher, dungeons_and_combat:palehand, dungeons_and_combat:ghoul, dungeons_and_combat:mimy_chest, dungeons_and_combat:mummy, dungeons_and_combat:ammit, dungeons_and_combat:horuso, dungeons_and_combat:gigant_scorpion, dungeons_and_combat:infernus, dungeons_and_combat:lady_blaze, dungeons_and_combat:pyro_knight, dungeons_and_combat:torture, dungeons_and_combat:weakness, dungeons_and_combat:failure, dungeons_and_combat:the_aberrator, dungeons_and_combat:palehand_minion, dungeons_and_combat:flower_fairy, dungeons_and_combat:tomahawk_of_steel, dungeons_and_combat:fairy_proyectile, dungeons_and_combat:bloodymancer_cultist, dungeons_and_combat:sandstone_golem, dungeons_and_combat:bloody_arrow, dungeons_and_combat:bloodymancer_dark_magic, dungeons_and_combat:magic_arrow, dungeons_and_combat:laser_beam, dungeons_and_combat:sunleia, dungeons_and_combat:weakness_despawn, dungeons_and_combat:fire_ball, dungeons_and_combat:bloody_cultist, dungeons_and_combat:hermit_witch, dungeons_and_combat:remanent, dungeons_and_combat:ernos, dungeons_and_combat:acid_fire_ball, dungeons_and_combat:bottled_acid_fire_trow, dungeons_and_combat:horuso_feather_poryectile, dungeons_and_combat:prisoner_skull, dungeons_and_combat:royal_skull, dungeons_and_combat:counselor_skull, dungeons_and_combat:chained, dungeons_and_combat:high_priest, dungeons_and_combat:fractured_vex, dungeons_and_combat:blood_slash, alexsmobs:grizzly_bear, alexsmobs:roadrunner, alexsmobs:bone_serpent, alexsmobs:bone_serpent_part, alexsmobs:gazelle, alexsmobs:crocodile, alexsmobs:fly, alexsmobs:hummingbird, alexsmobs:orca, alexsmobs:sunbird, alexsmobs:gorilla, alexsmobs:crimson_mosquito, alexsmobs:mosquito_spit, alexsmobs:rattlesnake, alexsmobs:endergrade, alexsmobs:hammerhead_shark, alexsmobs:shark_tooth_arrow, alexsmobs:lobster, alexsmobs:komodo_dragon, alexsmobs:capuchin_monkey, alexsmobs:tossed_item, alexsmobs:centipede_head, alexsmobs:centipede_body, alexsmobs:centipede_tail, alexsmobs:warped_toad, alexsmobs:moose, alexsmobs:mimicube, alexsmobs:raccoon, alexsmobs:blobfish, alexsmobs:seal, alexsmobs:cockroach, alexsmobs:cockroach_egg, alexsmobs:shoebill, alexsmobs:elephant, alexsmobs:soul_vulture, alexsmobs:snow_leopard, alexsmobs:spectre, alexsmobs:crow, alexsmobs:alligator_snapping_turtle, alexsmobs:mungus, alexsmobs:mantis_shrimp, alexsmobs:guster, alexsmobs:sand_shot, alexsmobs:gust, alexsmobs:warped_mosco, alexsmobs:hemolymph, alexsmobs:straddler, alexsmobs:stradpole, alexsmobs:straddleboard, alexsmobs:emu, alexsmobs:emu_egg, alexsmobs:platypus, alexsmobs:dropbear, alexsmobs:tasmanian_devil, alexsmobs:kangaroo, alexsmobs:cachalot_whale, alexsmobs:cachalot_echo, alexsmobs:leafcutter_ant, alexsmobs:enderiophage, alexsmobs:enderiophage_rocket, alexsmobs:bald_eagle, alexsmobs:tiger, alexsmobs:tarantula_hawk, alexsmobs:void_worm, alexsmobs:void_worm_part, alexsmobs:void_worm_shot, alexsmobs:void_portal, alexsmobs:frilled_shark, alexsmobs:mimic_octopus, alexsmobs:seagull, alexsmobs:froststalker, alexsmobs:ice_shard, alexsmobs:tusklin, alexsmobs:laviathan, alexsmobs:cosmaw, alexsmobs:toucan, alexsmobs:maned_wolf, alexsmobs:anaconda, alexsmobs:anaconda_part, alexsmobs:vine_lasso, alexsmobs:anteater, alexsmobs:rocky_roller, alexsmobs:flutter, alexsmobs:pollen_ball, alexsmobs:gelada_monkey, alexsmobs:jerboa, alexsmobs:terrapin, alexsmobs:comb_jelly, alexsmobs:cosmic_cod, alexsmobs:bunfungus, alexsmobs:bison, alexsmobs:giant_squid, alexsmobs:squid_grapple, alexsmobs:sea_bear, alexsmobs:devils_hole_pupfish, alexsmobs:catfish, alexsmobs:flying_fish, alexsmobs:skelewag, alexsmobs:rain_frog, alexsmobs:potoo, alexsmobs:mudskipper, alexsmobs:mud_ball, alexsmobs:rhinoceros, alexsmobs:sugar_glider, alexsmobs:farseer, alexsmobs:skreecher, alexsmobs:underminer, alexsmobs:murmur, alexsmobs:murmur_head, alexsmobs:tendon_segment, alexsmobs:skunk, alexsmobs:fart, alexsmobs:banana_slug, alexsmobs:blue_jay, alexsmobs:caiman, alexsmobs:triops, iceandfire:dragon_multipart, iceandfire:multipart, iceandfire:hydra_multipart, iceandfire:cylcops_multipart, iceandfire:dragon_egg, iceandfire:dragon_arrow, iceandfire:dragon_skull, iceandfire:fire_dragon, iceandfire:ice_dragon, iceandfire:lightning_dragon, iceandfire:fire_dragon_charge, iceandfire:ice_dragon_charge, iceandfire:lightning_dragon_charge, iceandfire:hippogryph_egg, iceandfire:hippogryph, iceandfire:stone_statue, iceandfire:gorgon, iceandfire:pixie, iceandfire:cyclops, iceandfire:siren, iceandfire:hippocampus, iceandfire:deathworm, iceandfire:deathworm_egg, iceandfire:cockatrice, iceandfire:cockatrice_egg, iceandfire:stymphalian_bird, iceandfire:stymphalian_feather, iceandfire:stymphalian_arrow, iceandfire:troll, iceandfire:myrmex_worker, iceandfire:myrmex_soldier, iceandfire:myrmex_sentinel, iceandfire:myrmex_royal, iceandfire:myrmex_queen, iceandfire:myrmex_egg, iceandfire:amphithere, iceandfire:amphithere_arrow, iceandfire:sea_serpent, iceandfire:sea_serpent_bubbles, iceandfire:sea_serpent_arrow, iceandfire:chain_tie, iceandfire:pixie_charge, iceandfire:myrmex_swarmer, iceandfire:tide_trident, iceandfire:mob_skull, iceandfire:dread_thrall, iceandfire:dread_ghoul, iceandfire:dread_beast, iceandfire:dread_scuttler, iceandfire:dread_lich, iceandfire:dread_lich_skull, iceandfire:dread_knight, iceandfire:dread_horse, iceandfire:hydra, iceandfire:hydra_breath, iceandfire:hydra_arrow, iceandfire:ghost, iceandfire:ghost_sword, sophisticatedbackpacks:everlasting_backpack_item, waddles:adelie_penguin, takesapillage:clay_golem, takesapillage:archer, takesapillage:skirmisher, takesapillage:legioner, dark_souls_expansion:undead_base, dark_souls_expansion:hollow_villager, dark_souls_expansion:pyromancer_villager, dark_souls_expansion:mushroom_people_red, dark_souls_expansion:mushroom_people_brown, dark_souls_expansion:asylum_demon, dark_souls_expansion:undead_soldier, dark_souls_expansion:andre_hammersmith, dark_souls_expansion:asylum_demon_boss, dark_souls_expansion:blacksmith, dark_souls_expansion:man_serpent, dark_souls_expansion:undead_assasin, dark_souls_expansion:black_knight, dark_souls_expansion:mimic_chest, dark_souls_expansion:armed_skeleton, dark_souls_expansion:pyromancy_flame_projectile, dark_souls_expansion:moonlight_greatsword_projectile, dark_souls_expansion:gargoyle, dark_souls_expansion:channeler, dark_souls_expansion:balder, dark_souls_expansion:gargoyle_ranged_attack, dark_souls_expansion:merchant_villager, dark_souls_expansion:capra_demon, dark_souls_expansion:titanite_demon, dark_souls_expansion:balder_crossbow, dark_souls_expansion:fire_pot_projectile, dark_souls_expansion:lightning_pot_projectile, bygonenether:wex, bygonenether:warped_enderman, bygonenether:piglin_prisoner, bygonenether:piglin_hunter, bygonenether:wraither, bygonenether:wither_skeleton_knight, bygonenether:corpor, bygonenether:wither_skeleton_horse, bygonenether:warped_ender_pearl, dragonmounts:dragon, twilightforest:adherent, twilightforest:alpha_yeti, twilightforest:armored_giant, twilightforest:bighorn_sheep, twilightforest:blockchain_goblin, twilightforest:boar, twilightforest:boat, twilightforest:carminite_broodling, twilightforest:carminite_ghastguard, twilightforest:carminite_ghastling, twilightforest:carminite_golem, twilightforest:chain_block, twilightforest:charm_effect, twilightforest:chest_boat, twilightforest:cube_of_annihilation, twilightforest:death_tome, twilightforest:deer, twilightforest:dwarf_rabbit, twilightforest:falling_ice, twilightforest:fire_beetle, twilightforest:giant_miner, twilightforest:harbinger_cube, twilightforest:hedge_spider, twilightforest:helmet_crab, twilightforest:hostile_wolf, twilightforest:hydra, twilightforest:hydra_mortar, twilightforest:ice_arrow, twilightforest:thrown_ice, twilightforest:ice_crystal, twilightforest:ice_snowball, twilightforest:king_spider, twilightforest:knight_phantom, twilightforest:kobold, twilightforest:lich, twilightforest:lich_bolt, twilightforest:lich_bomb, twilightforest:lich_minion, twilightforest:lower_goblin_knight, twilightforest:loyal_zombie, twilightforest:maze_slime, twilightforest:minoshroom, twilightforest:minotaur, twilightforest:mist_wolf, twilightforest:moonworm_shot, twilightforest:mosquito_swarm, twilightforest:naga, twilightforest:nature_bolt, twilightforest:magic_painting, twilightforest:penguin, twilightforest:pinch_beetle, twilightforest:plateau_boss, twilightforest:protection_box, twilightforest:quest_ram, twilightforest:raven, twilightforest:redcap, twilightforest:redcap_sapper, twilightforest:rising_zombie, twilightforest:roving_cube, twilightforest:seeker_arrow, twilightforest:skeleton_druid, twilightforest:slider, twilightforest:slime_beetle, twilightforest:slime_blob, twilightforest:snow_guardian, twilightforest:snow_queen, twilightforest:squirrel, twilightforest:stable_ice_core, twilightforest:swarm_spider, twilightforest:thrown_block, twilightforest:thrown_wep, twilightforest:tiny_bird, twilightforest:tome_bolt, twilightforest:towerwood_borer, twilightforest:troll, twilightforest:wand_bolt, twilightforest:unstable_ice_core, twilightforest:upper_goblin_knight, twilightforest:ur_ghast, twilightforest:winter_wolf, twilightforest:wraith, twilightforest:yeti, minecraftdungeonsv1:piggy_bank, astemirlib:jas, farmersdelight:rotten_tomato, eeeabsmobs:corpse, eeeabsmobs:corpse_villager, eeeabsmobs:corpse_warlock, eeeabsmobs:corpse_to_player, eeeabsmobs:immortal_skeleton, eeeabsmobs:immortal_knight, eeeabsmobs:immortal_shaman, eeeabsmobs:immortal_golem, eeeabsmobs:immortal_executioner, eeeabsmobs:immortal, eeeabsmobs:guling_sentinel, eeeabsmobs:guling_sentinel_heavy, eeeabsmobs:nameless_guardian, eeeabsmobs:tester, eeeabsmobs:explode, eeeabsmobs:shaman_bomb, eeeabsmobs:camera_shake, eeeabsmobs:moving_controller, eeeabsmobs:falling_block, eeeabsmobs:guardian_laser, eeeabsmobs:guardian_blade, eeeabsmobs:scorch, eeeabsmobs:eye_of_structure, eeeabsmobs:poison_arrow, eeeabsmobs:blood_ball, eeeabsmobs:crimson_crack, eeeabsmobs:crimson_ray, eeeabsmobs:crimson_ray_pre, eeeabsmobs:grenade, eeeabsmobs:electromagnetic, eeeabsmobs:alien_portal, eeeabsmobs:immortal_magic_circle, eeeabsmobs:immortal_shuriken, eeeabsmobs:immortal_laser, samurai_dynasty:akaname, samurai_dynasty:kitsune, samurai_dynasty:enenra, samurai_dynasty:oni, samurai_dynasty:onibi, samurai_dynasty:jorogumo, samurai_dynasty:raijin, samurai_dynasty:fujin, samurai_dynasty:komainu, samurai_dynasty:tanuki, samurai_dynasty:twotailed, samurai_dynasty:kawauso, samurai_dynasty:shuriken, samurai_dynasty:kunai, samurai_dynasty:kunai_netherite, samurai_dynasty:kitsune_projectile, touhou_little_maid:maid, touhou_little_maid:chair, touhou_little_maid:fairy, touhou_little_maid:danmaku, touhou_little_maid:power_point, touhou_little_maid:extinguishing_agent, touhou_little_maid:box, touhou_little_maid:throw_power_point, touhou_little_maid:tombstone, touhou_little_maid:sit, touhou_little_maid:broom, touhou_little_maid:fishing_hook, cataclysm:ender_golem, cataclysm:ender_guardian, cataclysm:old_netherite_monstrosity, cataclysm:netherite_monstrosity, cataclysm:netherite_ministrosity, cataclysm:lava_bomb, cataclysm:flare_bomb, cataclysm:flame_jet, cataclysm:lightning_storm, cataclysm:nameless_sorcerer, cataclysm:ignis, cataclysm:ender_guardian_bullet, cataclysm:void_rune, cataclysm:abyss_mine, cataclysm:endermaptera, cataclysm:deepling, cataclysm:deepling_brute, cataclysm:deepling_angler, cataclysm:deepling_priest, cataclysm:deepling_warlock, cataclysm:abyss_mark, cataclysm:lionfish, cataclysm:coral_golem, cataclysm:coralssus, cataclysm:ignited_revenant, cataclysm:ignited_berserker, cataclysm:the_harbinger, cataclysm:the_watcher, cataclysm:the_prowler, cataclysm:the_leviathan, cataclysm:the_baby_leviathan, cataclysm:void_scatter_arrow, cataclysm:poison_dart, cataclysm:phantom_arrow, cataclysm:phantom_halberd, cataclysm:void_shard, cataclysm:blazing_bone, cataclysm:lionfish_spike, cataclysm:urchin_spike, cataclysm:spark, cataclysm:screen_shake, cataclysm:cm_falling_block, cataclysm:ignis_fireball, cataclysm:ignis_abyss_fireball, cataclysm:wither_smoke_effect, cataclysm:lightning_area_effect, cataclysm:flame_strike, cataclysm:bolt_strike, cataclysm:wave, cataclysm:storm_serpent, cataclysm:ashen_breath, cataclysm:wall_watcher, cataclysm:death_laser_beam, cataclysm:abyss_blast, cataclysm:mini_abyss_blast, cataclysm:portal_abyss_blast, cataclysm:laser_beam, cataclysm:wither_missile, cataclysm:wither_homing_missile, cataclysm:wither_howitzer, cataclysm:accretion, cataclysm:abyss_orb, cataclysm:void_howitzer, cataclysm:eye_of_dungeon, cataclysm:void_vortex, cataclysm:the_leviathan_tongue, cataclysm:tidal_tentacle, cataclysm:tidal_hook, cataclysm:scylla_ceraunus, cataclysm:player_ceraunus, cataclysm:abyss_portal, cataclysm:abyss_blast_portal, cataclysm:coral_spear, cataclysm:coral_bardiche, cataclysm:dimensional_rift, cataclysm:amethyst_crab, cataclysm:earthquake, cataclysm:amethyst_cluster_projectile, cataclysm:ancient_ancient_remnant, cataclysm:ancient_remnant, cataclysm:modern_remnant, cataclysm:koboleton, cataclysm:kobolediator, cataclysm:wadjet, cataclysm:sandstorm, cataclysm:sandstorm_projectile, cataclysm:cursed_sandstorm, cataclysm:ancient_desert_stele, cataclysm:maledictus, cataclysm:draugr, cataclysm:royal_draugr, cataclysm:elite_draugr, cataclysm:aptrgangr, cataclysm:axe_blade, cataclysm:hippocamtus, cataclysm:cindaria, cataclysm:clawdian, cataclysm:scylla, cataclysm:urchinkin, cataclysm:drowned_host, cataclysm:symbiocto, cataclysm:octo_ink, cataclysm:water_spear, cataclysm:lightning_spear, dawnoftimebuilder:chair, dawnoftimebuilder:silkmoth, doapi:chair, terraform:boat, terraform:chest_boat, vinery:dark_cherry_boat, vinery:dark_cherry_chest_boat, vinery:mule, vinery:wandering_winemaker, vinery:chair, bloomingnature:wandering_gardener, bloomingnature:termite, bloomingnature:mod_boat, bloomingnature:mod_chest_boat, fallingtrees:tree, undergarden:boat, undergarden:chest_boat, undergarden:boomgourd, undergarden:depthrock_pebble, undergarden:goo_ball, undergarden:rotten_blisterberry, undergarden:blisterbomb, undergarden:gronglet, undergarden:minion_projectile, undergarden:minion, undergarden:rotling, undergarden:rotwalker, undergarden:rotbeast, undergarden:dweller, undergarden:gwibling, undergarden:brute, undergarden:scintling, undergarden:gloomper, undergarden:stoneborn, undergarden:nargoyle, undergarden:muncher, undergarden:sploogie, undergarden:gwib, undergarden:mog, undergarden:smog_mog, undergarden:forgotten, undergarden:forgotten_guardian, goblintraders:goblin_trader, goblintraders:vein_goblin_trader, realmrpg_demons:chort, realmrpg_demons:imp, realmrpg_demons:imp_guard, realmrpg_demons:demon, realmrpg_demons:demon_lord, realmrpg_demons:ancient_demon_lord, realmrpg_demons:demon_minion, l2complements:soul_fire_charge, l2complements:strong_fire_charge, l2complements:black_fire_charge, l2weaponry:throwing_axe, l2weaponry:dagger, l2weaponry:javelin, obscure_api:vfx, artifacts:mimic, mahoutsukai:gandr_entity, mahoutsukai:weapon_projectile_entity, mahoutsukai:gate_weapon_projectile_entity, mahoutsukai:mental_displacement_entity, mahoutsukai:explosion_mahoujin_entity, mahoutsukai:aoe_explosion_mahoujin_entity, mahoutsukai:gun_entity, mahoutsukai:replica_teleport_entity, mahoutsukai:beam_mahoujin_entity, mahoutsukai:familiar_entity, mahoutsukai:kodoku_entity, mahoutsukai:smite_entity, mahoutsukai:lightning_entity, mahoutsukai:lightning_bolt_entity, mahoutsukai:morgan_ball_entity, mahoutsukai:rho_aias_entity, mahoutsukai:gate_chain_entity, mahoutsukai:butterfly_entity, mahoutsukai:spatial_disorientation_entity, mahoutsukai:authority_entity, mahoutsukai:fae_entity, mahoutsukai:beam_projectile_entity, mahoutsukai:fallen_down_entity, mahoutsukai:fallen_down_beam_entity, mahoutsukai:rhongomyniad_entity, bosses_of_mass_destruction:lich, bosses_of_mass_destruction:blue_fireball, bosses_of_mass_destruction:comet, bosses_of_mass_destruction:soul_star, bosses_of_mass_destruction:charged_ender_pearl, bosses_of_mass_destruction:obsidilith, bosses_of_mass_destruction:gauntlet, bosses_of_mass_destruction:void_blossom, bosses_of_mass_destruction:spore_ball, bosses_of_mass_destruction:petal_blade, alexscaves:boat, alexscaves:chest_boat, alexscaves:moving_metal_block, alexscaves:teletor, alexscaves:magnetic_weapon, alexscaves:magnetron, alexscaves:boundroid, alexscaves:boundroid_winch, alexscaves:ferrouslime, alexscaves:notor, alexscaves:quarry_smasher, alexscaves:seeking_arrow, alexscaves:subterranodon, alexscaves:vallumraptor, alexscaves:grottoceratops, alexscaves:trilocaris, alexscaves:tremorsaurus, alexscaves:relicheirus, alexscaves:luxtructosaurus, alexscaves:tephra, alexscaves:atlatitan, alexscaves:falling_tree_block, alexscaves:crushed_block, alexscaves:limestone_spear, alexscaves:extinction_spear, alexscaves:dinosaur_spirit, alexscaves:nuclear_explosion, alexscaves:nuclear_bomb, alexscaves:nucleeper, alexscaves:radgill, alexscaves:brainiac, alexscaves:thrown_waste_drum, alexscaves:gammaroach, alexscaves:raycat, alexscaves:cinder_brick, alexscaves:tremorzilla, alexscaves:lanternfish, alexscaves:sea_pig, alexscaves:submarine, alexscaves:hullbreaker, alexscaves:gossamer_worm, alexscaves:tripodfish, alexscaves:deep_one, alexscaves:ink_bomb, alexscaves:deep_one_knight, alexscaves:deep_one_mage, alexscaves:water_bolt, alexscaves:wave, alexscaves:mine_guardian, alexscaves:mine_guardian_anchor, alexscaves:depth_charge, alexscaves:floater, alexscaves:guano, alexscaves:falling_guano, alexscaves:gloomoth, alexscaves:underzealot, alexscaves:watcher, alexscaves:corrodent, alexscaves:vesper, alexscaves:forsaken, alexscaves:beholder_eye, alexscaves:desolate_dagger, alexscaves:burrowing_arrow, alexscaves:dark_arrow, alexscaves:sweetish_fish, alexscaves:caniac, alexscaves:gumbeeper, alexscaves:gumball, alexscaves:candicorn, alexscaves:gum_worm, alexscaves:gum_worm_segment, alexscaves:caramel_cube, alexscaves:melted_caramel, alexscaves:gummy_bear, alexscaves:licowitch, alexscaves:spinning_peppermint, alexscaves:sugar_staff_hex, alexscaves:gingerbread_man, alexscaves:thrown_ice_cream_scoop, alexscaves:falling_frostmint, alexscaves:candy_cane_hook, alexscaves:soda_bottle_rocket, alexscaves:frostmint_spear, legendary_monsters:skeletosaurus, legendary_monsters:overgrown_colossus, legendary_monsters:endersent, legendary_monsters:warped_fungussus, legendary_monsters:lava_eater, legendary_monsters:frostbitten_golem, legendary_monsters:shulker_mimic, legendary_monsters:chorusling, legendary_monsters:withered_abomination, legendary_monsters:chorus_bomb, legendary_monsters:falling_cloud, legendary_monsters:falling_cloud_small, legendary_monsters:ancient_guardian, legendary_monsters:ambusher, legendary_monsters:spiky_bug, legendary_monsters:cloud_golem, legendary_monsters:dark_cloud_golem, legendary_monsters:haunted_knight, legendary_monsters:haunted_guard, legendary_monsters:posessed_paladin, legendary_monsters:spear, legendary_monsters:golden_halbert, legendary_monsters:knights_armor, legendary_monsters:guard, legendary_monsters:camera_shake, legendary_monsters:mossy_golem, legendary_monsters:skeloraptor, legendary_monsters:dune_sentinel, legendary_monsters:bomber, legendary_monsters:bomb, legendary_monsters:lm_falling_block, legendary_monsters:ice_spike, legendary_monsters:shockwave, legendary_monsters:poison_shockwave, legendary_monsters:shockwave_spawner, legendary_monsters:poison_shockwave_spawner, legendary_monsters:fire_pillar, legendary_monsters:fire_breath, legendary_monsters:soul_strike, legendary_monsters:energy_beam, legendary_monsters:lightning_beam, legendary_monsters:electric_burst, legendary_monsters:cloud, legendary_monsters:lightning_strike, legendary_monsters:soul_arm, legendary_monsters:tornado, legendary_monsters:thunder_cloud, legendary_monsters:player_tornado, legendary_monsters:small_cloud, legendary_monsters:stratling, legendary_monsters:hovering_hurricane, legendary_monsters:chorus_energy_bullet, legendary_monsters:chorus_breath, legendary_monsters:soul_pillar, legendary_monsters:underground_soul_blade, legendary_monsters:falling_soul_blade, legendary_monsters:big_shulker_bullet, legendary_monsters:dimensional_bomb, legendary_monsters:small_dimensional_bomb, irons_spellbooks:wisp, irons_spellbooks:spectral_hammer, irons_spellbooks:magic_missile, irons_spellbooks:cone_of_cold, irons_spellbooks:blood_slash, irons_spellbooks:electrocute, irons_spellbooks:firebolt, irons_spellbooks:icicle, irons_spellbooks:fire_breath, irons_spellbooks:dragon_breath, irons_spellbooks:debug_wizard, irons_spellbooks:spectral_steed, irons_spellbooks:shield, irons_spellbooks:wall_of_fire, irons_spellbooks:summoned_vex, irons_spellbooks:pyromancer, irons_spellbooks:cryomancer, irons_spellbooks:lightning_lance, irons_spellbooks:necromancer, irons_spellbooks:summoned_zombie, irons_spellbooks:summoned_skeleton, irons_spellbooks:wither_skull, irons_spellbooks:magic_arrow, irons_spellbooks:creeper_head, irons_spellbooks:frozen_humanoid, irons_spellbooks:small_fireball, irons_spellbooks:fireball, irons_spellbooks:summoned_polar_bear, irons_spellbooks:dead_king, irons_spellbooks:dead_king_corpse, irons_spellbooks:catacombs_zombie, irons_spellbooks:archevoker, irons_spellbooks:magehunter_vindicator, irons_spellbooks:citadel_keeper, irons_spellbooks:sculk_tentacle, irons_spellbooks:ice_block_projectile, irons_spellbooks:poison_cloud, irons_spellbooks:sunbeam, irons_spellbooks:dragon_breath_pool, irons_spellbooks:poison_breath, irons_spellbooks:poison_arrow, irons_spellbooks:small_magic_arrow, irons_spellbooks:poison_splash, irons_spellbooks:acid_orb, irons_spellbooks:root, irons_spellbooks:black_hole, irons_spellbooks:blood_needle, irons_spellbooks:fire_field, irons_spellbooks:magma_ball, irons_spellbooks:comet, irons_spellbooks:target_area, irons_spellbooks:healing_aoe, irons_spellbooks:earthquake_aoe, irons_spellbooks:priest, irons_spellbooks:visual_falling_block, irons_spellbooks:guiding_bolt, irons_spellbooks:gust, irons_spellbooks:chain_lightning, irons_spellbooks:ray_of_frost, irons_spellbooks:eldritch_blast, irons_spellbooks:devour_jaw, irons_spellbooks:firefly_swarm, irons_spellbooks:flame_strike, irons_spellbooks:arrow_volley, irons_spellbooks:portal, irons_spellbooks:stomp_aoe, irons_spellbooks:lightning_strike, irons_spellbooks:apothecarist, irons_spellbooks:echoing_strike, irons_spellbooks:cultist, irons_spellbooks:ball_lightning, creeperoverhaul:jungle_creeper, creeperoverhaul:bamboo_creeper, creeperoverhaul:desert_creeper, creeperoverhaul:badlands_creeper, creeperoverhaul:hills_creeper, creeperoverhaul:savannah_creeper, creeperoverhaul:mushroom_creeper, creeperoverhaul:swamp_creeper, creeperoverhaul:dripstone_creeper, creeperoverhaul:cave_creeper, creeperoverhaul:dark_oak_creeper, creeperoverhaul:spruce_creeper, creeperoverhaul:beach_creeper, creeperoverhaul:snowy_creeper, creeperoverhaul:ocean_creeper, realmrpg_quests:trigger_zone_old_hut, realmrpg_quests:angler, realmrpg_quests:piglin_gambler, realmrpg_quests:headless_skeleton, realmrpg_quests:cook, realmrpg_quests:monster_hunter, cdmoveset:corrupt_dog, epicfight:area_effect_breath, epicfight:dropped_nether_star, epicfight:wither_skeleton_minion, epicfight:wither_ghost, epicfight:death_harvest_orb, epicfight:dodge_left, mastersword:navi, mastersword:tatl, mastersword:tael, mastersword:ciela, mastersword:leaf, mastersword:neri, mastersword:white_fairy, mastersword:gray_fairy, mastersword:black_fairy, mastersword:orange_fairy, mastersword:lime_fairy, mastersword:green_fairy, mastersword:cyan_fairy, mastersword:purple_fairy, mastersword:magenta_fairy, mastersword:brown_fairy, mastersword:golden_fairy, mastersword:dark_fairy, mastersword:sheikah_fairy, mastersword:healing_fairy, mastersword:ocarinahorse, mastersword:swordbeam, mastersword:fire_rod_projectile, mastersword:ice_rod_projectile, mastersword:boomerang_projectile_entity, mastersword:magic_boomerang_projectile_entity, mastersword:fairy_arrow, mastersword:bombchu, mastersword:hookshot_hook, mastersword:endershot_hook, mastersword:hypershot_hook, mastersword:lon_lon_cow, mastersword:goron_merchant, mastersword:great_fairy, battle_arts:flying_shockwave, battle_arts:fixed_arrow
[14Jul2025 20:09:42.594] [main/ERROR] [net.minecraft.server.ServerAdvancementManager/]: Parsing error loading custom advancement legendary_monsters:defeat_ambusher: Expected item to be an item, was unknown string 'legendary_monsters:ancient_dripstone_shard'
[14Jul2025 20:09:42.628] [main/INFO] [net.minecraft.advancements.AdvancementList/]: Loaded 6870 advancements
[14Jul2025 20:09:48.125] [main/INFO] [top.theillusivec4.curios.Curios/]: Loaded 22 curio slots
[14Jul2025 20:09:48.155] [main/INFO] [top.theillusivec4.curios.Curios/]: Loaded 13 curio entities
[14Jul2025 20:09:48.157] [main/ERROR] [bettervillage/]: Ice And Fire compatibility is not enabled for Better Village and Ice And Fire is present in your mod list.
     - Please install the datapack for better compatibility between Better Villages and Ice And Fire.
     - You can find the datapack URL in the `compatibility` section of the Better Villages description.
     - URL=https://www.curseforge.com/minecraft/mc-mods/better-village-forge
[14Jul2025 20:09:48.180] [main/WARN] [net.minecraftforge.common.loot.LootModifierManager/]: Could not decode GlobalLootModifier with json id bygonenether:soul_stone_from_block - error: Unknown registry key in ResourceKey[minecraft:root / forge:global_loot_modifier_serializers]: bygonenether:replace_item
[14Jul2025 20:09:48.181] [main/WARN] [net.minecraftforge.common.loot.LootModifierManager/]: Could not decode GlobalLootModifier with json id bygonenether:soul_stone_in_catacombs - error: Unknown registry key in ResourceKey[minecraft:root / forge:global_loot_modifier_serializers]: bygonenether:replace_item
[14Jul2025 20:09:48.184] [main/WARN] [net.minecraftforge.common.loot.LootModifierManager/]: Unable to decode loot conditions
com.google.gson.JsonSyntaxException: Unknown type 'minecraft:alternatives'
	at net.minecraft.world.level.storage.loot.GsonAdapterFactory$JsonAdapter.deserialize(GsonAdapterFactory.java:99) ~[server-1.20.1-20230612.114412-srg.jar%23443!/:?]
	at com.google.gson.internal.bind.TreeTypeAdapter.read(TreeTypeAdapter.java:76) ~[gson-2.10.jar%2372!/:?]
	at com.google.gson.internal.bind.TypeAdapterRuntimeTypeWrapper.read(TypeAdapterRuntimeTypeWrapper.java:40) ~[gson-2.10.jar%2372!/:?]
	at com.google.gson.internal.bind.ArrayTypeAdapter.read(ArrayTypeAdapter.java:72) ~[gson-2.10.jar%2372!/:?]
	at com.google.gson.Gson.fromJson(Gson.java:1214) ~[gson-2.10.jar%2372!/:?]
	at com.google.gson.Gson.fromJson(Gson.java:1319) ~[gson-2.10.jar%2372!/:?]
	at com.google.gson.Gson.fromJson(Gson.java:1261) ~[gson-2.10.jar%2372!/:?]
	at net.minecraftforge.common.loot.IGlobalLootModifier.lambda$static$1(IGlobalLootModifier.java:39) ~[forge-1.20.1-47.4.0-universal.jar%23448!/:?]
	at com.mojang.serialization.Decoder$1.lambda$decode$1(Decoder.java:49) ~[datafixerupper-6.0.8.jar%2377!/:?]
	at com.mojang.serialization.DataResult.lambda$flatMap$11(DataResult.java:139) ~[datafixerupper-6.0.8.jar%2377!/:?]
	at com.mojang.datafixers.util.Either$Left.map(Either.java:38) ~[datafixerupper-6.0.8.jar%2377!/:?]
	at com.mojang.serialization.DataResult.flatMap(DataResult.java:137) ~[datafixerupper-6.0.8.jar%2377!/:?]
	at com.mojang.serialization.Decoder$1.decode(Decoder.java:49) ~[datafixerupper-6.0.8.jar%2377!/:?]
	at com.mojang.serialization.Codec$2.decode(Codec.java:71) ~[datafixerupper-6.0.8.jar%2377!/:?]
	at com.mojang.serialization.Decoder.parse(Decoder.java:18) ~[datafixerupper-6.0.8.jar%2377!/:?]
	at com.mojang.serialization.codecs.FieldDecoder.decode(FieldDecoder.java:29) ~[datafixerupper-6.0.8.jar%2377!/:?]
	at com.mojang.serialization.MapCodec$1.decode(MapCodec.java:34) ~[datafixerupper-6.0.8.jar%2377!/:?]
	at com.mojang.serialization.codecs.RecordCodecBuilder$Instance$5.decode(RecordCodecBuilder.java:323) ~[datafixerupper-6.0.8.jar%2377!/:?]
	at com.mojang.serialization.codecs.RecordCodecBuilder$2.decode(RecordCodecBuilder.java:107) ~[datafixerupper-6.0.8.jar%2377!/:?]
	at com.mojang.serialization.codecs.KeyDispatchCodec.lambda$decode$3(KeyDispatchCodec.java:67) ~[datafixerupper-6.0.8.jar%2377!/:?]
	at com.mojang.serialization.DataResult.lambda$flatMap$11(DataResult.java:139) ~[datafixerupper-6.0.8.jar%2377!/:?]
	at com.mojang.datafixers.util.Either$Left.map(Either.java:38) ~[datafixerupper-6.0.8.jar%2377!/:?]
	at com.mojang.serialization.DataResult.flatMap(DataResult.java:137) ~[datafixerupper-6.0.8.jar%2377!/:?]
	at com.mojang.serialization.codecs.KeyDispatchCodec.lambda$decode$4(KeyDispatchCodec.java:58) ~[datafixerupper-6.0.8.jar%2377!/:?]
	at com.mojang.serialization.DataResult.lambda$flatMap$11(DataResult.java:139) ~[datafixerupper-6.0.8.jar%2377!/:?]
	at com.mojang.datafixers.util.Either$Left.map(Either.java:38) ~[datafixerupper-6.0.8.jar%2377!/:?]
	at com.mojang.serialization.DataResult.flatMap(DataResult.java:137) ~[datafixerupper-6.0.8.jar%2377!/:?]
	at com.mojang.serialization.codecs.KeyDispatchCodec.decode(KeyDispatchCodec.java:56) ~[datafixerupper-6.0.8.jar%2377!/:?]
	at com.mojang.serialization.MapDecoder.lambda$compressedDecode$1(MapDecoder.java:52) ~[datafixerupper-6.0.8.jar%2377!/:?]
	at com.mojang.serialization.DataResult.lambda$flatMap$11(DataResult.java:139) ~[datafixerupper-6.0.8.jar%2377!/:?]
	at com.mojang.datafixers.util.Either$Left.map(Either.java:38) ~[datafixerupper-6.0.8.jar%2377!/:?]
	at com.mojang.serialization.DataResult.flatMap(DataResult.java:137) ~[datafixerupper-6.0.8.jar%2377!/:?]
	at com.mojang.serialization.MapDecoder.compressedDecode(MapDecoder.java:52) ~[datafixerupper-6.0.8.jar%2377!/:?]
	at com.mojang.serialization.MapCodec$MapCodecCodec.decode(MapCodec.java:91) ~[datafixerupper-6.0.8.jar%2377!/:?]
	at com.mojang.serialization.Decoder.parse(Decoder.java:18) ~[datafixerupper-6.0.8.jar%2377!/:?]
	at net.minecraftforge.common.loot.LootModifierManager.apply(LootModifierManager.java:79) ~[forge-1.20.1-47.4.0-universal.jar%23448!/:?]
	at net.minecraftforge.common.loot.LootModifierManager.m_5787_(LootModifierManager.java:38) ~[forge-1.20.1-47.4.0-universal.jar%23448!/:?]
	at net.minecraft.server.packs.resources.SimplePreparableReloadListener.m_10789_(SimplePreparableReloadListener.java:13) ~[server-1.20.1-20230612.114412-srg.jar%23443!/:?]
	at java.util.concurrent.CompletableFuture$UniAccept.tryFire(CompletableFuture.java:718) ~[?:?]
	at java.util.concurrent.CompletableFuture$Completion.run(CompletableFuture.java:482) ~[?:?]
	at net.minecraft.server.packs.resources.SimpleReloadInstance.m_143940_(SimpleReloadInstance.java:69) ~[server-1.20.1-20230612.114412-srg.jar%23443!/:?]
	at net.minecraft.Util.m_214652_(Util.java:783) ~[server-1.20.1-20230612.114412-srg.jar%23443!/:?]
	at net.minecraft.Util.m_214679_(Util.java:772) ~[server-1.20.1-20230612.114412-srg.jar%23443!/:?]
	at net.minecraft.server.Main.main(Main.java:166) ~[server-1.20.1-20230612.114412-srg.jar%23443!/:?]
	at jdk.internal.reflect.NativeMethodAccessorImpl.invoke0(Native Method) ~[?:?]
	at jdk.internal.reflect.NativeMethodAccessorImpl.invoke(NativeMethodAccessorImpl.java:77) ~[?:?]
	at jdk.internal.reflect.DelegatingMethodAccessorImpl.invoke(DelegatingMethodAccessorImpl.java:43) ~[?:?]
	at java.lang.reflect.Method.invoke(Method.java:569) ~[?:?]
	at net.minecraftforge.fml.loading.targets.CommonLaunchHandler.runTarget(CommonLaunchHandler.java:111) ~[fmlloader-1.20.1-47.4.0.jar%2369!/:?]
	at net.minecraftforge.fml.loading.targets.CommonLaunchHandler.serverService(CommonLaunchHandler.java:103) ~[fmlloader-1.20.1-47.4.0.jar%2369!/:?]
	at net.minecraftforge.fml.loading.targets.CommonServerLaunchHandler.lambda$makeService$0(CommonServerLaunchHandler.java:27) ~[fmlloader-1.20.1-47.4.0.jar%2369!/:?]
	at cpw.mods.modlauncher.LaunchServiceHandlerDecorator.launch(LaunchServiceHandlerDecorator.java:30) ~[modlauncher-10.0.9.jar%2355!/:?]
	at cpw.mods.modlauncher.LaunchServiceHandler.launch(LaunchServiceHandler.java:53) ~[modlauncher-10.0.9.jar%2355!/:?]
	at cpw.mods.modlauncher.LaunchServiceHandler.launch(LaunchServiceHandler.java:71) ~[modlauncher-10.0.9.jar%2355!/:?]
	at cpw.mods.modlauncher.Launcher.run(Launcher.java:108) ~[modlauncher-10.0.9.jar%2355!/:?]
	at cpw.mods.modlauncher.Launcher.main(Launcher.java:78) ~[modlauncher-10.0.9.jar%2355!/:?]
	at cpw.mods.modlauncher.BootstrapLaunchConsumer.accept(BootstrapLaunchConsumer.java:26) ~[modlauncher-10.0.9.jar%2355!/:?]
	at cpw.mods.modlauncher.BootstrapLaunchConsumer.accept(BootstrapLaunchConsumer.java:23) ~[modlauncher-10.0.9.jar%2355!/:?]
	at cpw.mods.bootstraplauncher.BootstrapLauncher.main(BootstrapLauncher.java:141) ~[bootstraplauncher-1.1.2.jar:?]
[14Jul2025 20:09:48.186] [main/WARN] [net.minecraftforge.common.loot.LootModifierManager/]: Could not decode GlobalLootModifier with json id nethersdelight:chopping_leather - error: Unknown type 'minecraft:alternatives'
[14Jul2025 20:09:48.186] [main/WARN] [net.minecraftforge.common.loot.LootModifierManager/]: Unable to decode loot conditions
com.google.gson.JsonSyntaxException: Unknown type 'minecraft:alternative'
	at net.minecraft.world.level.storage.loot.GsonAdapterFactory$JsonAdapter.deserialize(GsonAdapterFactory.java:99) ~[server-1.20.1-20230612.114412-srg.jar%23443!/:?]
	at com.google.gson.internal.bind.TreeTypeAdapter.read(TreeTypeAdapter.java:76) ~[gson-2.10.jar%2372!/:?]
	at com.google.gson.internal.bind.TypeAdapterRuntimeTypeWrapper.read(TypeAdapterRuntimeTypeWrapper.java:40) ~[gson-2.10.jar%2372!/:?]
	at com.google.gson.internal.bind.ArrayTypeAdapter.read(ArrayTypeAdapter.java:72) ~[gson-2.10.jar%2372!/:?]
	at com.google.gson.Gson.fromJson(Gson.java:1214) ~[gson-2.10.jar%2372!/:?]
	at com.google.gson.Gson.fromJson(Gson.java:1319) ~[gson-2.10.jar%2372!/:?]
	at com.google.gson.Gson.fromJson(Gson.java:1261) ~[gson-2.10.jar%2372!/:?]
	at net.minecraftforge.common.loot.IGlobalLootModifier.lambda$static$1(IGlobalLootModifier.java:39) ~[forge-1.20.1-47.4.0-universal.jar%23448!/:?]
	at com.mojang.serialization.Decoder$1.lambda$decode$1(Decoder.java:49) ~[datafixerupper-6.0.8.jar%2377!/:?]
	at com.mojang.serialization.DataResult.lambda$flatMap$11(DataResult.java:139) ~[datafixerupper-6.0.8.jar%2377!/:?]
	at com.mojang.datafixers.util.Either$Left.map(Either.java:38) ~[datafixerupper-6.0.8.jar%2377!/:?]
	at com.mojang.serialization.DataResult.flatMap(DataResult.java:137) ~[datafixerupper-6.0.8.jar%2377!/:?]
	at com.mojang.serialization.Decoder$1.decode(Decoder.java:49) ~[datafixerupper-6.0.8.jar%2377!/:?]
	at com.mojang.serialization.Codec$2.decode(Codec.java:71) ~[datafixerupper-6.0.8.jar%2377!/:?]
	at com.mojang.serialization.Decoder.parse(Decoder.java:18) ~[datafixerupper-6.0.8.jar%2377!/:?]
	at com.mojang.serialization.codecs.FieldDecoder.decode(FieldDecoder.java:29) ~[datafixerupper-6.0.8.jar%2377!/:?]
	at com.mojang.serialization.MapCodec$1.decode(MapCodec.java:34) ~[datafixerupper-6.0.8.jar%2377!/:?]
	at com.mojang.serialization.codecs.RecordCodecBuilder$Instance$5.decode(RecordCodecBuilder.java:323) ~[datafixerupper-6.0.8.jar%2377!/:?]
	at com.mojang.serialization.codecs.RecordCodecBuilder$2.decode(RecordCodecBuilder.java:107) ~[datafixerupper-6.0.8.jar%2377!/:?]
	at com.mojang.serialization.codecs.KeyDispatchCodec.lambda$decode$3(KeyDispatchCodec.java:67) ~[datafixerupper-6.0.8.jar%2377!/:?]
	at com.mojang.serialization.DataResult.lambda$flatMap$11(DataResult.java:139) ~[datafixerupper-6.0.8.jar%2377!/:?]
	at com.mojang.datafixers.util.Either$Left.map(Either.java:38) ~[datafixerupper-6.0.8.jar%2377!/:?]
	at com.mojang.serialization.DataResult.flatMap(DataResult.java:137) ~[datafixerupper-6.0.8.jar%2377!/:?]
	at com.mojang.serialization.codecs.KeyDispatchCodec.lambda$decode$4(KeyDispatchCodec.java:58) ~[datafixerupper-6.0.8.jar%2377!/:?]
	at com.mojang.serialization.DataResult.lambda$flatMap$11(DataResult.java:139) ~[datafixerupper-6.0.8.jar%2377!/:?]
	at com.mojang.datafixers.util.Either$Left.map(Either.java:38) ~[datafixerupper-6.0.8.jar%2377!/:?]
	at com.mojang.serialization.DataResult.flatMap(DataResult.java:137) ~[datafixerupper-6.0.8.jar%2377!/:?]
	at com.mojang.serialization.codecs.KeyDispatchCodec.decode(KeyDispatchCodec.java:56) ~[datafixerupper-6.0.8.jar%2377!/:?]
	at com.mojang.serialization.MapDecoder.lambda$compressedDecode$1(MapDecoder.java:52) ~[datafixerupper-6.0.8.jar%2377!/:?]
	at com.mojang.serialization.DataResult.lambda$flatMap$11(DataResult.java:139) ~[datafixerupper-6.0.8.jar%2377!/:?]
	at com.mojang.datafixers.util.Either$Left.map(Either.java:38) ~[datafixerupper-6.0.8.jar%2377!/:?]
	at com.mojang.serialization.DataResult.flatMap(DataResult.java:137) ~[datafixerupper-6.0.8.jar%2377!/:?]
	at com.mojang.serialization.MapDecoder.compressedDecode(MapDecoder.java:52) ~[datafixerupper-6.0.8.jar%2377!/:?]
	at com.mojang.serialization.MapCodec$MapCodecCodec.decode(MapCodec.java:91) ~[datafixerupper-6.0.8.jar%2377!/:?]
	at com.mojang.serialization.Decoder.parse(Decoder.java:18) ~[datafixerupper-6.0.8.jar%2377!/:?]
	at net.minecraftforge.common.loot.LootModifierManager.apply(LootModifierManager.java:79) ~[forge-1.20.1-47.4.0-universal.jar%23448!/:?]
	at net.minecraftforge.common.loot.LootModifierManager.m_5787_(LootModifierManager.java:38) ~[forge-1.20.1-47.4.0-universal.jar%23448!/:?]
	at net.minecraft.server.packs.resources.SimplePreparableReloadListener.m_10789_(SimplePreparableReloadListener.java:13) ~[server-1.20.1-20230612.114412-srg.jar%23443!/:?]
	at java.util.concurrent.CompletableFuture$UniAccept.tryFire(CompletableFuture.java:718) ~[?:?]
	at java.util.concurrent.CompletableFuture$Completion.run(CompletableFuture.java:482) ~[?:?]
	at net.minecraft.server.packs.resources.SimpleReloadInstance.m_143940_(SimpleReloadInstance.java:69) ~[server-1.20.1-20230612.114412-srg.jar%23443!/:?]
	at net.minecraft.Util.m_214652_(Util.java:783) ~[server-1.20.1-20230612.114412-srg.jar%23443!/:?]
	at net.minecraft.Util.m_214679_(Util.java:772) ~[server-1.20.1-20230612.114412-srg.jar%23443!/:?]
	at net.minecraft.server.Main.main(Main.java:166) ~[server-1.20.1-20230612.114412-srg.jar%23443!/:?]
	at jdk.internal.reflect.NativeMethodAccessorImpl.invoke0(Native Method) ~[?:?]
	at jdk.internal.reflect.NativeMethodAccessorImpl.invoke(NativeMethodAccessorImpl.java:77) ~[?:?]
	at jdk.internal.reflect.DelegatingMethodAccessorImpl.invoke(DelegatingMethodAccessorImpl.java:43) ~[?:?]
	at java.lang.reflect.Method.invoke(Method.java:569) ~[?:?]
	at net.minecraftforge.fml.loading.targets.CommonLaunchHandler.runTarget(CommonLaunchHandler.java:111) ~[fmlloader-1.20.1-47.4.0.jar%2369!/:?]
	at net.minecraftforge.fml.loading.targets.CommonLaunchHandler.serverService(CommonLaunchHandler.java:103) ~[fmlloader-1.20.1-47.4.0.jar%2369!/:?]
	at net.minecraftforge.fml.loading.targets.CommonServerLaunchHandler.lambda$makeService$0(CommonServerLaunchHandler.java:27) ~[fmlloader-1.20.1-47.4.0.jar%2369!/:?]
	at cpw.mods.modlauncher.LaunchServiceHandlerDecorator.launch(LaunchServiceHandlerDecorator.java:30) ~[modlauncher-10.0.9.jar%2355!/:?]
	at cpw.mods.modlauncher.LaunchServiceHandler.launch(LaunchServiceHandler.java:53) ~[modlauncher-10.0.9.jar%2355!/:?]
	at cpw.mods.modlauncher.LaunchServiceHandler.launch(LaunchServiceHandler.java:71) ~[modlauncher-10.0.9.jar%2355!/:?]
	at cpw.mods.modlauncher.Launcher.run(Launcher.java:108) ~[modlauncher-10.0.9.jar%2355!/:?]
	at cpw.mods.modlauncher.Launcher.main(Launcher.java:78) ~[modlauncher-10.0.9.jar%2355!/:?]
	at cpw.mods.modlauncher.BootstrapLaunchConsumer.accept(BootstrapLaunchConsumer.java:26) ~[modlauncher-10.0.9.jar%2355!/:?]
	at cpw.mods.modlauncher.BootstrapLaunchConsumer.accept(BootstrapLaunchConsumer.java:23) ~[modlauncher-10.0.9.jar%2355!/:?]
	at cpw.mods.bootstraplauncher.BootstrapLauncher.main(BootstrapLauncher.java:141) ~[bootstraplauncher-1.1.2.jar:?]
[14Jul2025 20:09:48.189] [main/WARN] [net.minecraftforge.common.loot.LootModifierManager/]: Could not decode GlobalLootModifier with json id nethersdelight:chopping_string - error: Unknown type 'minecraft:alternative'
[14Jul2025 20:09:48.193] [main/INFO] [com.cupboard.Cupboard/]: Loaded config for: lootintegrations.json
[14Jul2025 20:09:48.205] [main/INFO] [twilightforest/]: Loaded 9 Stalactite configs!
[14Jul2025 20:09:48.205] [main/INFO] [Dungeon Crawl/]: Loading data...
[14Jul2025 20:09:48.631] [main/INFO] [Dungeon Crawl/]: Done.
[14Jul2025 20:09:48.633] [main/WARN] [epicfight/]: Skill cdmoveset:fatalslash doesn't exist in the registry.
[14Jul2025 20:09:48.634] [main/WARN] [epicfight/]: Skill cdmoveset:sstep doesn't exist in the registry.
[14Jul2025 20:09:48.641] [main/WARN] [epicfight/]: Error while deserializing datapack for dungeons_and_combat:silver_sword: Can't find weapon type: ba_tweaks:sword
[14Jul2025 20:09:48.642] [main/WARN] [epicfight/]: Item Capability Exception: No item named dark_souls_expansion:great_axe
[14Jul2025 20:09:48.647] [main/WARN] [epicfight/]: Item Capability Exception: No item named dungeons_and_combat:iron_sickle
[14Jul2025 20:09:48.648] [main/WARN] [epicfight/]: Item Capability Exception: No item named epicfight:shortsword
[14Jul2025 20:09:48.652] [main/WARN] [epicfight/]: Item Capability Exception: No item named dungeons_and_combat:claymore
[14Jul2025 20:09:48.652] [main/WARN] [epicfight/]: Item Capability Exception: No item named dungeons_and_combat:rusty_sword
[14Jul2025 20:09:48.654] [main/WARN] [epicfight/]: Item Capability Exception: No item named epicfight:dagger
[14Jul2025 20:09:48.655] [main/WARN] [epicfight/]: Item Capability Exception: No item named magistuarmory:rusted_ranseur
[14Jul2025 20:09:48.655] [main/WARN] [epicfight/]: Error while deserializing datapack for dungeons_and_combat:copper_axe_war: Can't find weapon type: ba_tweaks:hammer
[14Jul2025 20:09:48.655] [main/WARN] [epicfight/]: Item Capability Exception: No item named dungeons_and_combat:diamond_longsword
[14Jul2025 20:09:48.656] [main/WARN] [epicfight/]: Error while deserializing datapack for dungeons_and_combat:heavy_hammer: Can't find weapon type: ba_tweaks:hammer
[14Jul2025 20:09:48.656] [main/WARN] [epicfight/]: Error while deserializing datapack for dungeons_and_combat:blessed_gold_axe_war: Can't find weapon type: ba_tweaks:hammer
[14Jul2025 20:09:48.656] [main/WARN] [epicfight/]: Item Capability Exception: No item named magistuarmory:rusted_morgenstern
[14Jul2025 20:09:48.661] [main/WARN] [epicfight/]: Error while deserializing datapack for dungeons_and_combat:morning_star_mace: Can't find weapon type: ba_tweaks:hammer
[14Jul2025 20:09:48.665] [main/WARN] [epicfight/]: Item Capability Exception: No item named magistuarmory:rusted_guisarme
[14Jul2025 20:09:48.666] [main/WARN] [epicfight/]: Item Capability Exception: No item named dungeons_and_combat:glove
[14Jul2025 20:09:48.667] [main/WARN] [epicfight/]: Item Capability Exception: No item named magistuarmory:rusted_pike
[14Jul2025 20:09:48.669] [main/WARN] [epicfight/]: Item Capability Exception: No item named magistuarmory:rusted_claymore
[14Jul2025 20:09:48.670] [main/WARN] [epicfight/]: Item Capability Exception: No item named epicfight:zweihander
[14Jul2025 20:09:48.670] [main/WARN] [epicfight/]: Item Capability Exception: No item named dungeons_and_combat:
[14Jul2025 20:09:48.670] [main/WARN] [epicfight/]: Item Capability Exception: No item named epicfight:ghost_blade
[14Jul2025 20:09:48.671] [main/WARN] [epicfight/]: Item Capability Exception: No item named magistuarmory:rusted_chivalrylance
[14Jul2025 20:09:48.671] [main/WARN] [epicfight/]: Item Capability Exception: No item named magistuarmory:rusted_zweihander
[14Jul2025 20:09:48.672] [main/WARN] [epicfight/]: Item Capability Exception: No item named dungeons_and_combat:katana
[14Jul2025 20:09:48.673] [main/WARN] [epicfight/]: Item Capability Exception: No item named magistuarmory:rusted_concavehalberd
[14Jul2025 20:09:48.673] [main/WARN] [epicfight/]: Item Capability Exception: No item named magistuarmory:rusted_flamebladedsword
[14Jul2025 20:09:48.675] [main/WARN] [epicfight/]: Error while deserializing datapack for dungeons_and_combat:deserter_steel_sword: Can't find weapon type: ba_tweaks:sword
[14Jul2025 20:09:48.675] [main/WARN] [epicfight/]: Item Capability Exception: No item named magistuarmory:rusted_lucernhammer
[14Jul2025 20:09:48.676] [main/WARN] [epicfight/]: Item Capability Exception: No item named dungeons_and_combat:uchigatana
[14Jul2025 20:09:48.679] [main/WARN] [epicfight/]: Item Capability Exception: No item named magistuarmory:rusted_heavywarhammer
[14Jul2025 20:09:48.680] [main/WARN] [epicfight/]: Item Capability Exception: No item named dungeons_and_combat:spear
[14Jul2025 20:09:48.680] [main/WARN] [epicfight/]: Item Capability Exception: No item named epicfight:greataxe
[14Jul2025 20:09:48.680] [main/WARN] [epicfight/]: Item Capability Exception: No item named dungeons_and_combat:diamond_spear
[14Jul2025 20:09:48.682] [main/WARN] [epicfight/]: Item Capability Exception: No item named dungeons_and_combat:sickle
[14Jul2025 20:09:48.683] [main/WARN] [epicfight/]: Item Capability Exception: No item named dungeons_and_combat:iron_twin_blade
[14Jul2025 20:09:48.685] [main/WARN] [epicfight/]: Item Capability Exception: No item named magistuarmory:rusted_lochaberaxe
[14Jul2025 20:09:48.686] [main/WARN] [epicfight/]: Error while deserializing datapack for dungeons_and_combat:sandstone_axe_war: Can't find weapon type: ba_tweaks:hammer
[14Jul2025 20:09:48.688] [main/WARN] [epicfight/]: Item Capability Exception: No item named magistuarmory:rusted_katzbalger
[14Jul2025 20:09:48.688] [main/WARN] [epicfight/]: Item Capability Exception: No item named epicfight:broken_straight_sword
[14Jul2025 20:09:48.691] [main/WARN] [epicfight/]: Error while deserializing datapack for dungeons_and_combat:saw_cleaver_sickle: Can't find weapon type: ba_tweaks:sword
[14Jul2025 20:09:48.692] [main/WARN] [epicfight/]: Item Capability Exception: No item named dark_souls_expansion:serpent_man_sword
[14Jul2025 20:09:48.693] [main/WARN] [epicfight/]: Error while deserializing datapack for dungeons_and_combat:old_axe: Can't find weapon type: ba_tweaks:hammer
[14Jul2025 20:09:48.694] [main/WARN] [epicfight/]: Item Capability Exception: No item named dungeons_and_combat:diamond_tachi
[14Jul2025 20:09:48.694] [main/WARN] [epicfight/]: Error while deserializing datapack for dungeons_and_combat:iron_mace: Can't find weapon type: ba_tweaks:hammer
[14Jul2025 20:09:48.697] [main/WARN] [epicfight/]: Item Capability Exception: No item named cdmoveset:t_yamato
[14Jul2025 20:09:48.698] [main/WARN] [epicfight/]: Error while deserializing datapack for dungeons_and_combat:stone_mace: Can't find weapon type: ba_tweaks:hammer
[14Jul2025 20:09:48.703] [main/WARN] [epicfight/]: Item Capability Exception: No item named dungeons_and_combat:kopesh_sickle
[14Jul2025 20:09:48.705] [main/WARN] [epicfight/]: Item Capability Exception: No item named magistuarmory:rusted_estoc
[14Jul2025 20:09:48.706] [main/WARN] [epicfight/]: Item Capability Exception: No item named epicfight:broadsword
[14Jul2025 20:09:48.706] [main/WARN] [epicfight/]: Item Capability Exception: No item named magistuarmory:rusted_chainmorgenstern
[14Jul2025 20:09:48.709] [main/WARN] [epicfight/]: Error while deserializing datapack for dungeons_and_combat:blacksmith_hammer: Can't find weapon type: ba_tweaks:hammer
[14Jul2025 20:09:48.709] [main/WARN] [epicfight/]: Item Capability Exception: No item named magistuarmory:rusted_stylet
[14Jul2025 20:09:48.710] [main/WARN] [epicfight/]: Item Capability Exception: No item named dungeons_and_combat:diamond_dagger
[14Jul2025 20:09:48.710] [main/WARN] [epicfight/]: Item Capability Exception: No item named epicfight:greatsword
[14Jul2025 20:09:48.712] [main/WARN] [epicfight/]: Item Capability Exception: No item named dungeons_and_combat:blessed_gold_claws
[14Jul2025 20:09:48.712] [main/WARN] [epicfight/]: Item Capability Exception: No item named dungeons_and_combat:diamond_greatsword
[14Jul2025 20:09:48.713] [main/WARN] [epicfight/]: Error while deserializing datapack for magistuarmory:silver_morgenstern: Can't find weapon type: minecraft:axe
[14Jul2025 20:09:48.713] [main/WARN] [epicfight/]: Item Capability Exception: No item named magistuarmory:rusted_ahlspiess
[14Jul2025 20:09:48.714] [main/WARN] [epicfight/]: Error while deserializing datapack for dungeons_and_combat:royal_steel_sword: Can't find weapon type: ba_tweaks:sword
[14Jul2025 20:09:56.340] [Server thread/INFO] [net.minecraft.server.dedicated.DedicatedServer/]: Starting minecraft server version 1.20.1
[14Jul2025 20:09:56.340] [Server thread/INFO] [net.minecraft.server.dedicated.DedicatedServer/]: Loading properties
[14Jul2025 20:09:56.341] [Server thread/INFO] [net.minecraft.server.dedicated.DedicatedServer/]: Default game type: SURVIVAL
[14Jul2025 20:09:56.341] [Server thread/INFO] [net.minecraft.server.MinecraftServer/]: Generating keypair
[14Jul2025 20:09:56.501] [Server thread/INFO] [net.minecraft.server.dedicated.DedicatedServer/]: Starting Minecraft server on *:25565
[14Jul2025 20:09:56.590] [Server thread/INFO] [net.minecraft.server.network.ServerConnectionListener/]: Using epoll channel type
[14Jul2025 20:09:56.677] [Server thread/WARN] [net.minecraft.server.dedicated.DedicatedServer/]: **** SERVER IS RUNNING IN OFFLINE/INSECURE MODE!
[14Jul2025 20:09:56.678] [Server thread/WARN] [net.minecraft.server.dedicated.DedicatedServer/]: The server will make no attempt to authenticate usernames. Beware.
[14Jul2025 20:09:56.678] [Server thread/WARN] [net.minecraft.server.dedicated.DedicatedServer/]: While this makes the game possible to play without internet access, it also opens up the ability for hackers to connect with any username they choose.
[14Jul2025 20:09:56.678] [Server thread/WARN] [net.minecraft.server.dedicated.DedicatedServer/]: To change this, set "online-mode" to "true" in the server.properties file.
[14Jul2025 20:09:56.695] [Server thread/WARN] [net.minecraftforge.common.ForgeConfigSpec/CORE]: Configuration file ./world/serverconfig/paraglider-server.toml is not correct. Correcting
[14Jul2025 20:09:56.695] [Server thread/WARN] [net.minecraftforge.common.ForgeConfigSpec/CORE]: Incorrect key ascendingWinds was corrected from null to its default, true. 
[14Jul2025 20:09:56.696] [Server thread/WARN] [net.minecraftforge.common.ForgeConfigSpec/CORE]: Incorrect key windSources was corrected from null to its default, [fire, soul_fire, campfire#lit=true, soul_campfire#lit=true]. 
[14Jul2025 20:09:56.697] [Server thread/WARN] [net.minecraftforge.common.ForgeConfigSpec/CORE]: Incorrect key paraglidingSpeed was corrected from null to its default, 1.0. 
[14Jul2025 20:09:56.697] [Server thread/WARN] [net.minecraftforge.common.ForgeConfigSpec/CORE]: Incorrect key paragliderDurability was corrected from null to its default, 0. 
[14Jul2025 20:09:56.699] [Server thread/WARN] [net.minecraftforge.common.ForgeConfigSpec/CORE]: Incorrect key spiritOrbs was corrected from null to its default, SimpleCommentedConfig:{}. 
[14Jul2025 20:09:56.699] [Server thread/WARN] [net.minecraftforge.common.ForgeConfigSpec/CORE]: Incorrect key spiritOrbs.enderDragonDropsVessel was corrected from null to its default, true. 
[14Jul2025 20:09:56.699] [Server thread/WARN] [net.minecraftforge.common.ForgeConfigSpec/CORE]: Incorrect key spiritOrbs.raidGivesVessel was corrected from null to its default, true. 
[14Jul2025 20:09:56.699] [Server thread/WARN] [net.minecraftforge.common.ForgeConfigSpec/CORE]: Incorrect key spiritOrbs.spawnerSpiritOrbDrops was corrected from null to its default, 2. 
[14Jul2025 20:09:56.699] [Server thread/WARN] [net.minecraftforge.common.ForgeConfigSpec/CORE]: Incorrect key spiritOrbs.spiritOrbLoots was corrected from null to its default, true. 
[14Jul2025 20:09:56.700] [Server thread/WARN] [net.minecraftforge.common.ForgeConfigSpec/CORE]: Incorrect key vessels was corrected from null to its default, SimpleCommentedConfig:{}. 
[14Jul2025 20:09:56.700] [Server thread/WARN] [net.minecraftforge.common.ForgeConfigSpec/CORE]: Incorrect key vessels.startingHearts was corrected from null to its default, 10. 
[14Jul2025 20:09:56.700] [Server thread/WARN] [net.minecraftforge.common.ForgeConfigSpec/CORE]: Incorrect key vessels.maxHeartContainers was corrected from null to its default, 20. 
[14Jul2025 20:09:56.700] [Server thread/WARN] [net.minecraftforge.common.ForgeConfigSpec/CORE]: Incorrect key vessels.maxStamina was corrected from null to its default, 3000. 
[14Jul2025 20:09:56.701] [Server thread/WARN] [net.minecraftforge.common.ForgeConfigSpec/CORE]: Incorrect key vessels.startingStamina was corrected from null to its default, 1000. 
[14Jul2025 20:09:56.701] [Server thread/WARN] [net.minecraftforge.common.ForgeConfigSpec/CORE]: Incorrect key vessels.maxStaminaVessels was corrected from null to its default, 10. 
[14Jul2025 20:09:56.701] [Server thread/WARN] [net.minecraftforge.common.ForgeConfigSpec/CORE]: Incorrect key stamina was corrected from null to its default, SimpleCommentedConfig:{}. 
[14Jul2025 20:09:56.702] [Server thread/WARN] [net.minecraftforge.common.ForgeConfigSpec/CORE]: Incorrect key stamina.paraglidingConsumesStamina was corrected from null to its default, true. 
[14Jul2025 20:09:56.702] [Server thread/WARN] [net.minecraftforge.common.ForgeConfigSpec/CORE]: Incorrect key stamina.runningAndSwimmingConsumesStamina was corrected from null to its default, false. 
[14Jul2025 20:09:56.702] [Server thread/WARN] [net.minecraftforge.common.ForgeConfigSpec/CORE]: Incorrect key paragliderInTowersOfTheWild was corrected from null to its default, DEFAULT. 
[14Jul2025 20:09:56.708] [Server thread/WARN] [net.minecraftforge.common.ForgeConfigSpec/CORE]: Configuration file ./world/serverconfig/castle_in_the_sky-server.toml is not correct. Correcting
[14Jul2025 20:09:56.708] [Server thread/WARN] [net.minecraftforge.common.ForgeConfigSpec/CORE]: Incorrect key castle_spawn_proof was corrected from null to its default, 10000. 
[14Jul2025 20:09:56.710] [Server thread/WARN] [net.minecraftforge.common.ForgeConfigSpec/CORE]: Configuration file ./world/serverconfig/curios-server.toml is not correct. Correcting
[14Jul2025 20:09:56.710] [Server thread/WARN] [net.minecraftforge.common.ForgeConfigSpec/CORE]: Incorrect key keepCurios was corrected from null to its default, DEFAULT. 
[14Jul2025 20:09:56.711] [Server thread/WARN] [net.minecraftforge.common.ForgeConfigSpec/CORE]: Incorrect key menu was corrected from null to its default, SimpleCommentedConfig:{}. 
[14Jul2025 20:09:56.711] [Server thread/WARN] [net.minecraftforge.common.ForgeConfigSpec/CORE]: Incorrect key menu.enableLegacyMenu was corrected from null to its default, false. 
[14Jul2025 20:09:56.711] [Server thread/WARN] [net.minecraftforge.common.ForgeConfigSpec/CORE]: Incorrect key menu.experimental was corrected from null to its default, SimpleCommentedConfig:{}. 
[14Jul2025 20:09:56.711] [Server thread/WARN] [net.minecraftforge.common.ForgeConfigSpec/CORE]: Incorrect key menu.experimental.minimumColumns was corrected from null to its default, 1. 
[14Jul2025 20:09:56.712] [Server thread/WARN] [net.minecraftforge.common.ForgeConfigSpec/CORE]: Incorrect key menu.experimental.maxSlotsPerPage was corrected from null to its default, 48. 
[14Jul2025 20:09:56.714] [Server thread/WARN] [net.minecraftforge.common.ForgeConfigSpec/CORE]: Configuration file ./world/serverconfig/jei-server.toml is not correct. Correcting
[14Jul2025 20:09:56.715] [Server thread/WARN] [net.minecraftforge.common.ForgeConfigSpec/CORE]: Incorrect key cheat mode was corrected from null to its default, SimpleCommentedConfig:{}. 
[14Jul2025 20:09:56.715] [Server thread/WARN] [net.minecraftforge.common.ForgeConfigSpec/CORE]: Incorrect key cheat mode.enableCheatModeForOp was corrected from null to its default, true. 
[14Jul2025 20:09:56.716] [Server thread/WARN] [net.minecraftforge.common.ForgeConfigSpec/CORE]: Incorrect key cheat mode.enableCheatModeForCreative was corrected from null to its default, true. 
[14Jul2025 20:09:56.716] [Server thread/WARN] [net.minecraftforge.common.ForgeConfigSpec/CORE]: Incorrect key cheat mode.enableCheatModeForGive was corrected from null to its default, false. 
[14Jul2025 20:09:56.717] [Server thread/WARN] [net.minecraftforge.common.ForgeConfigSpec/CORE]: Configuration file ./world/serverconfig/travelersbackpack-server.toml is not correct. Correcting
[14Jul2025 20:09:56.718] [Server thread/WARN] [net.minecraftforge.common.ForgeConfigSpec/CORE]: Incorrect key server was corrected from null to its default, SimpleCommentedConfig:{}. 
[14Jul2025 20:09:56.718] [Server thread/WARN] [net.minecraftforge.common.ForgeConfigSpec/CORE]: Incorrect key server.backpackSettings was corrected from null to its default, SimpleCommentedConfig:{}. 
[14Jul2025 20:09:56.718] [Server thread/WARN] [net.minecraftforge.common.ForgeConfigSpec/CORE]: Incorrect key server.backpackSettings.leatherTierBackpack was corrected from null to its default, SimpleCommentedConfig:{}. 
[14Jul2025 20:09:56.718] [Server thread/WARN] [net.minecraftforge.common.ForgeConfigSpec/CORE]: Incorrect key server.backpackSettings.leatherTierBackpack.inventorySlotCount was corrected from null to its default, 27. 
[14Jul2025 20:09:56.719] [Server thread/WARN] [net.minecraftforge.common.ForgeConfigSpec/CORE]: Incorrect key server.backpackSettings.leatherTierBackpack.upgradeSlotCount was corrected from null to its default, 2. 
[14Jul2025 20:09:56.719] [Server thread/WARN] [net.minecraftforge.common.ForgeConfigSpec/CORE]: Incorrect key server.backpackSettings.leatherTierBackpack.toolSlotCount was corrected from null to its default, 2. 
[14Jul2025 20:09:56.719] [Server thread/WARN] [net.minecraftforge.common.ForgeConfigSpec/CORE]: Incorrect key server.backpackSettings.leatherTierBackpack.tankCapacity was corrected from null to its default, 1000. 
[14Jul2025 20:09:56.719] [Server thread/WARN] [net.minecraftforge.common.ForgeConfigSpec/CORE]: Incorrect key server.backpackSettings.ironTierBackpack was corrected from null to its default, SimpleCommentedConfig:{}. 
[14Jul2025 20:09:56.719] [Server thread/WARN] [net.minecraftforge.common.ForgeConfigSpec/CORE]: Incorrect key server.backpackSettings.ironTierBackpack.inventorySlotCount was corrected from null to its default, 45. 
[14Jul2025 20:09:56.720] [Server thread/WARN] [net.minecraftforge.common.ForgeConfigSpec/CORE]: Incorrect key server.backpackSettings.ironTierBackpack.upgradeSlotCount was corrected from null to its default, 3. 
[14Jul2025 20:09:56.720] [Server thread/WARN] [net.minecraftforge.common.ForgeConfigSpec/CORE]: Incorrect key server.backpackSettings.ironTierBackpack.toolSlotCount was corrected from null to its default, 3. 
[14Jul2025 20:09:56.720] [Server thread/WARN] [net.minecraftforge.common.ForgeConfigSpec/CORE]: Incorrect key server.backpackSettings.ironTierBackpack.tankCapacity was corrected from null to its default, 1000. 
[14Jul2025 20:09:56.720] [Server thread/WARN] [net.minecraftforge.common.ForgeConfigSpec/CORE]: Incorrect key server.backpackSettings.goldTierBackpack was corrected from null to its default, SimpleCommentedConfig:{}. 
[14Jul2025 20:09:56.721] [Server thread/WARN] [net.minecraftforge.common.ForgeConfigSpec/CORE]: Incorrect key server.backpackSettings.goldTierBackpack.inventorySlotCount was corrected from null to its default, 63. 
[14Jul2025 20:09:56.721] [Server thread/WARN] [net.minecraftforge.common.ForgeConfigSpec/CORE]: Incorrect key server.backpackSettings.goldTierBackpack.upgradeSlotCount was corrected from null to its default, 4. 
[14Jul2025 20:09:56.722] [Server thread/WARN] [net.minecraftforge.common.ForgeConfigSpec/CORE]: Incorrect key server.backpackSettings.goldTierBackpack.toolSlotCount was corrected from null to its default, 4. 
[14Jul2025 20:09:56.722] [Server thread/WARN] [net.minecraftforge.common.ForgeConfigSpec/CORE]: Incorrect key server.backpackSettings.goldTierBackpack.tankCapacity was corrected from null to its default, 1000. 
[14Jul2025 20:09:56.723] [Server thread/WARN] [net.minecraftforge.common.ForgeConfigSpec/CORE]: Incorrect key server.backpackSettings.diamondTierBackpack was corrected from null to its default, SimpleCommentedConfig:{}. 
[14Jul2025 20:09:56.723] [Server thread/WARN] [net.minecraftforge.common.ForgeConfigSpec/CORE]: Incorrect key server.backpackSettings.diamondTierBackpack.inventorySlotCount was corrected from null to its default, 81. 
[14Jul2025 20:09:56.723] [Server thread/WARN] [net.minecraftforge.common.ForgeConfigSpec/CORE]: Incorrect key server.backpackSettings.diamondTierBackpack.upgradeSlotCount was corrected from null to its default, 5. 
[14Jul2025 20:09:56.724] [Server thread/WARN] [net.minecraftforge.common.ForgeConfigSpec/CORE]: Incorrect key server.backpackSettings.diamondTierBackpack.toolSlotCount was corrected from null to its default, 5. 
[14Jul2025 20:09:56.724] [Server thread/WARN] [net.minecraftforge.common.ForgeConfigSpec/CORE]: Incorrect key server.backpackSettings.diamondTierBackpack.tankCapacity was corrected from null to its default, 1000. 
[14Jul2025 20:09:56.724] [Server thread/WARN] [net.minecraftforge.common.ForgeConfigSpec/CORE]: Incorrect key server.backpackSettings.netheriteTierBackpack was corrected from null to its default, SimpleCommentedConfig:{}. 
[14Jul2025 20:09:56.724] [Server thread/WARN] [net.minecraftforge.common.ForgeConfigSpec/CORE]: Incorrect key server.backpackSettings.netheriteTierBackpack.inventorySlotCount was corrected from null to its default, 99. 
[14Jul2025 20:09:56.724] [Server thread/WARN] [net.minecraftforge.common.ForgeConfigSpec/CORE]: Incorrect key server.backpackSettings.netheriteTierBackpack.upgradeSlotCount was corrected from null to its default, 6. 
[14Jul2025 20:09:56.724] [Server thread/WARN] [net.minecraftforge.common.ForgeConfigSpec/CORE]: Incorrect key server.backpackSettings.netheriteTierBackpack.toolSlotCount was corrected from null to its default, 6. 
[14Jul2025 20:09:56.725] [Server thread/WARN] [net.minecraftforge.common.ForgeConfigSpec/CORE]: Incorrect key server.backpackSettings.netheriteTierBackpack.tankCapacity was corrected from null to its default, 1000. 
[14Jul2025 20:09:56.725] [Server thread/WARN] [net.minecraftforge.common.ForgeConfigSpec/CORE]: Incorrect key server.backpackSettings.rightClickEquip was corrected from null to its default, true. 
[14Jul2025 20:09:56.725] [Server thread/WARN] [net.minecraftforge.common.ForgeConfigSpec/CORE]: Incorrect key server.backpackSettings.rightClickUnequip was corrected from null to its default, false. 
[14Jul2025 20:09:56.725] [Server thread/WARN] [net.minecraftforge.common.ForgeConfigSpec/CORE]: Incorrect key server.backpackSettings.allowOnlyEquippedBackpack was corrected from null to its default, false. 
[14Jul2025 20:09:56.725] [Server thread/WARN] [net.minecraftforge.common.ForgeConfigSpec/CORE]: Incorrect key server.backpackSettings.allowOpeningFromSlot was corrected from null to its default, false. 
[14Jul2025 20:09:56.725] [Server thread/WARN] [net.minecraftforge.common.ForgeConfigSpec/CORE]: Incorrect key server.backpackSettings.preventMultiplePlayersAccess was corrected from null to its default, false. 
[14Jul2025 20:09:56.725] [Server thread/WARN] [net.minecraftforge.common.ForgeConfigSpec/CORE]: Incorrect key server.backpackSettings.invulnerableBackpack was corrected from null to its default, true. 
[14Jul2025 20:09:56.726] [Server thread/WARN] [net.minecraftforge.common.ForgeConfigSpec/CORE]: Incorrect key server.backpackSettings.toolSlotsAcceptEverything was corrected from null to its default, false. 
[14Jul2025 20:09:56.726] [Server thread/WARN] [net.minecraftforge.common.ForgeConfigSpec/CORE]: Incorrect key server.backpackSettings.toolSlotsAcceptableItems was corrected from null to its default, []. 
[14Jul2025 20:09:56.726] [Server thread/WARN] [net.minecraftforge.common.ForgeConfigSpec/CORE]: Incorrect key server.backpackSettings.blacklistedItems was corrected from null to its default, []. 
[14Jul2025 20:09:56.726] [Server thread/WARN] [net.minecraftforge.common.ForgeConfigSpec/CORE]: Incorrect key server.backpackSettings.allowShulkerBoxes was corrected from null to its default, false. 
[14Jul2025 20:09:56.726] [Server thread/WARN] [net.minecraftforge.common.ForgeConfigSpec/CORE]: Incorrect key server.backpackSettings.voidProtection was corrected from null to its default, true. 
[14Jul2025 20:09:56.726] [Server thread/WARN] [net.minecraftforge.common.ForgeConfigSpec/CORE]: Incorrect key server.backpackSettings.backpackDeathPlace was corrected from null to its default, true. 
[14Jul2025 20:09:56.727] [Server thread/WARN] [net.minecraftforge.common.ForgeConfigSpec/CORE]: Incorrect key server.backpackSettings.backpackForceDeathPlace was corrected from null to its default, false. 
[14Jul2025 20:09:56.727] [Server thread/WARN] [net.minecraftforge.common.ForgeConfigSpec/CORE]: Incorrect key server.backpackSettings.quickSleepingBag was corrected from null to its default, true. 
[14Jul2025 20:09:56.727] [Server thread/WARN] [net.minecraftforge.common.ForgeConfigSpec/CORE]: Incorrect key server.backpackSettings.enableSleepingBagSpawnPoint was corrected from null to its default, false. 
[14Jul2025 20:09:56.727] [Server thread/WARN] [net.minecraftforge.common.ForgeConfigSpec/CORE]: Incorrect key server.backpackSettings.backSlotIntegration was corrected from null to its default, true. 
[14Jul2025 20:09:56.727] [Server thread/WARN] [net.minecraftforge.common.ForgeConfigSpec/CORE]: Incorrect key server.backpackUpgrades was corrected from null to its default, SimpleCommentedConfig:{}. 
[14Jul2025 20:09:56.727] [Server thread/WARN] [net.minecraftforge.common.ForgeConfigSpec/CORE]: Incorrect key server.backpackUpgrades.enableTanksUpgrade was corrected from null to its default, true. 
[14Jul2025 20:09:56.727] [Server thread/WARN] [net.minecraftforge.common.ForgeConfigSpec/CORE]: Incorrect key server.backpackUpgrades.enableCraftingUpgrade was corrected from null to its default, true. 
[14Jul2025 20:09:56.728] [Server thread/WARN] [net.minecraftforge.common.ForgeConfigSpec/CORE]: Incorrect key server.backpackUpgrades.enableFurnaceUpgrade was corrected from null to its default, true. 
[14Jul2025 20:09:56.728] [Server thread/WARN] [net.minecraftforge.common.ForgeConfigSpec/CORE]: Incorrect key server.backpackUpgrades.enableSmokerUpgrade was corrected from null to its default, true. 
[14Jul2025 20:09:56.728] [Server thread/WARN] [net.minecraftforge.common.ForgeConfigSpec/CORE]: Incorrect key server.backpackUpgrades.enableBlastFurnaceUpgrade was corrected from null to its default, true. 
[14Jul2025 20:09:56.728] [Server thread/WARN] [net.minecraftforge.common.ForgeConfigSpec/CORE]: Incorrect key server.backpackUpgrades.pickupUpgradeSettings was corrected from null to its default, SimpleCommentedConfig:{}. 
[14Jul2025 20:09:56.728] [Server thread/WARN] [net.minecraftforge.common.ForgeConfigSpec/CORE]: Incorrect key server.backpackUpgrades.pickupUpgradeSettings.enablePickupUpgrade was corrected from null to its default, true. 
[14Jul2025 20:09:56.728] [Server thread/WARN] [net.minecraftforge.common.ForgeConfigSpec/CORE]: Incorrect key server.backpackUpgrades.pickupUpgradeSettings.filterSlotCount was corrected from null to its default, 9. 
[14Jul2025 20:09:56.729] [Server thread/WARN] [net.minecraftforge.common.ForgeConfigSpec/CORE]: Incorrect key server.backpackUpgrades.enableJukeboxUpgrade was corrected from null to its default, true. 
[14Jul2025 20:09:56.729] [Server thread/WARN] [net.minecraftforge.common.ForgeConfigSpec/CORE]: Incorrect key server.backpackUpgrades.magnetUpgradeSettings was corrected from null to its default, SimpleCommentedConfig:{}. 
[14Jul2025 20:09:56.729] [Server thread/WARN] [net.minecraftforge.common.ForgeConfigSpec/CORE]: Incorrect key server.backpackUpgrades.magnetUpgradeSettings.enableMagnetUpgrade was corrected from null to its default, true. 
[14Jul2025 20:09:56.729] [Server thread/WARN] [net.minecraftforge.common.ForgeConfigSpec/CORE]: Incorrect key server.backpackUpgrades.magnetUpgradeSettings.filterSlotCount was corrected from null to its default, 9. 
[14Jul2025 20:09:56.729] [Server thread/WARN] [net.minecraftforge.common.ForgeConfigSpec/CORE]: Incorrect key server.backpackUpgrades.magnetUpgradeSettings.pullRange was corrected from null to its default, 5. 
[14Jul2025 20:09:56.730] [Server thread/WARN] [net.minecraftforge.common.ForgeConfigSpec/CORE]: Incorrect key server.backpackUpgrades.magnetUpgradeSettings.tickRate was corrected from null to its default, 10. 
[14Jul2025 20:09:56.730] [Server thread/WARN] [net.minecraftforge.common.ForgeConfigSpec/CORE]: Incorrect key server.backpackUpgrades.feedingUpgradeSettings was corrected from null to its default, SimpleCommentedConfig:{}. 
[14Jul2025 20:09:56.731] [Server thread/WARN] [net.minecraftforge.common.ForgeConfigSpec/CORE]: Incorrect key server.backpackUpgrades.feedingUpgradeSettings.enableFeedingUpgrade was corrected from null to its default, true. 
[14Jul2025 20:09:56.732] [Server thread/WARN] [net.minecraftforge.common.ForgeConfigSpec/CORE]: Incorrect key server.backpackUpgrades.feedingUpgradeSettings.filterSlotCount was corrected from null to its default, 9. 
[14Jul2025 20:09:56.732] [Server thread/WARN] [net.minecraftforge.common.ForgeConfigSpec/CORE]: Incorrect key server.backpackUpgrades.feedingUpgradeSettings.tickRate was corrected from null to its default, 100. 
[14Jul2025 20:09:56.732] [Server thread/WARN] [net.minecraftforge.common.ForgeConfigSpec/CORE]: Incorrect key server.backpackUpgrades.voidUpgradeSettings was corrected from null to its default, SimpleCommentedConfig:{}. 
[14Jul2025 20:09:56.732] [Server thread/WARN] [net.minecraftforge.common.ForgeConfigSpec/CORE]: Incorrect key server.backpackUpgrades.voidUpgradeSettings.enableVoidUpgrade was corrected from null to its default, true. 
[14Jul2025 20:09:56.733] [Server thread/WARN] [net.minecraftforge.common.ForgeConfigSpec/CORE]: Incorrect key server.backpackUpgrades.voidUpgradeSettings.filterSlotCount was corrected from null to its default, 9. 
[14Jul2025 20:09:56.733] [Server thread/WARN] [net.minecraftforge.common.ForgeConfigSpec/CORE]: Incorrect key server.world was corrected from null to its default, SimpleCommentedConfig:{}. 
[14Jul2025 20:09:56.734] [Server thread/WARN] [net.minecraftforge.common.ForgeConfigSpec/CORE]: Incorrect key server.world.spawnEntitiesWithBackpack was corrected from null to its default, true. 
[14Jul2025 20:09:56.734] [Server thread/WARN] [net.minecraftforge.common.ForgeConfigSpec/CORE]: Incorrect key server.world.chance was corrected from null to its default, 0.005. 
[14Jul2025 20:09:56.735] [Server thread/WARN] [net.minecraftforge.common.ForgeConfigSpec/CORE]: Incorrect key server.world.possibleOverworldEntityTypes was corrected from null to its default, [minecraft:zombie, minecraft:skeleton, minecraft:enderman]. 
[14Jul2025 20:09:56.735] [Server thread/WARN] [net.minecraftforge.common.ForgeConfigSpec/CORE]: Incorrect key server.world.possibleNetherEntityTypes was corrected from null to its default, [minecraft:wither_skeleton, minecraft:piglin]. 
[14Jul2025 20:09:56.736] [Server thread/WARN] [net.minecraftforge.common.ForgeConfigSpec/CORE]: Incorrect key server.world.overworldBackpacks was corrected from null to its default, [travelersbackpack:standard, travelersbackpack:diamond, travelersbackpack:gold, travelersbackpack:emerald, travelersbackpack:iron, travelersbackpack:lapis, travelersbackpack:redstone, travelersbackpack:coal, travelersbackpack:bookshelf, travelersbackpack:sandstone, travelersbackpack:snow, travelersbackpack:sponge, travelersbackpack:cake, travelersbackpack:cactus, travelersbackpack:hay, travelersbackpack:melon, travelersbackpack:pumpkin, travelersbackpack:creeper, travelersbackpack:enderman, travelersbackpack:skeleton, travelersbackpack:spider, travelersbackpack:bee, travelersbackpack:wolf, travelersbackpack:fox, travelersbackpack:ocelot, travelersbackpack:horse, travelersbackpack:cow, travelersbackpack:pig, travelersbackpack:sheep, travelersbackpack:chicken, travelersbackpack:squid]. 
[14Jul2025 20:09:56.736] [Server thread/WARN] [net.minecraftforge.common.ForgeConfigSpec/CORE]: Incorrect key server.world.netherBackpacks was corrected from null to its default, [travelersbackpack:quartz, travelersbackpack:nether, travelersbackpack:blaze, travelersbackpack:ghast, travelersbackpack:magma_cube, travelersbackpack:wither]. 
[14Jul2025 20:09:56.736] [Server thread/WARN] [net.minecraftforge.common.ForgeConfigSpec/CORE]: Incorrect key server.backpackAbilities was corrected from null to its default, SimpleCommentedConfig:{}. 
[14Jul2025 20:09:56.736] [Server thread/WARN] [net.minecraftforge.common.ForgeConfigSpec/CORE]: Incorrect key server.backpackAbilities.enableBackpackAbilities was corrected from null to its default, true. 
[14Jul2025 20:09:56.736] [Server thread/WARN] [net.minecraftforge.common.ForgeConfigSpec/CORE]: Incorrect key server.backpackAbilities.forceAbilityEnabled was corrected from null to its default, true. 
[14Jul2025 20:09:56.737] [Server thread/WARN] [net.minecraftforge.common.ForgeConfigSpec/CORE]: Incorrect key server.backpackAbilities.allowedAbilities was corrected from null to its default, [travelersbackpack:netherite, travelersbackpack:diamond, travelersbackpack:gold, travelersbackpack:emerald, travelersbackpack:iron, travelersbackpack:lapis, travelersbackpack:redstone, travelersbackpack:bookshelf, travelersbackpack:sponge, travelersbackpack:cake, travelersbackpack:cactus, travelersbackpack:melon, travelersbackpack:pumpkin, travelersbackpack:creeper, travelersbackpack:dragon, travelersbackpack:enderman, travelersbackpack:blaze, travelersbackpack:ghast, travelersbackpack:magma_cube, travelersbackpack:spider, travelersbackpack:wither, travelersbackpack:warden, travelersbackpack:bat, travelersbackpack:bee, travelersbackpack:ocelot, travelersbackpack:cow, travelersbackpack:chicken, travelersbackpack:squid, travelersbackpack:hay, travelersbackpack:fox]. 
[14Jul2025 20:09:56.737] [Server thread/WARN] [net.minecraftforge.common.ForgeConfigSpec/CORE]: Incorrect key server.backpackAbilities.backpackEffects was corrected from null to its default, [travelersbackpack:bat, minecraft:night_vision, 260, 300, 0, travelersbackpack:magma_cube, minecraft:fire_resistance, 260, 300, 0, travelersbackpack:squid, minecraft:water_breathing, 260, 300, 0, travelersbackpack:dragon, minecraft:regeneration, 260, 300, 0, travelersbackpack:dragon, minecraft:strength, 250, 290, 0, travelersbackpack:quartz, minecraft:haste, 260, 300, 0, travelersbackpack:fox, minecraft:jump_boost, 260, 300, 0]. 
[14Jul2025 20:09:56.737] [Server thread/WARN] [net.minecraftforge.common.ForgeConfigSpec/CORE]: Incorrect key server.backpackAbilities.cooldowns was corrected from null to its default, [travelersbackpack:creeper, 1200, 1800, travelersbackpack:cow, 480, 540, travelersbackpack:chicken, 360, 600, travelersbackpack:cake, 360, 480, travelersbackpack:melon, 120, 480]. 
[14Jul2025 20:09:56.737] [Server thread/WARN] [net.minecraftforge.common.ForgeConfigSpec/CORE]: Incorrect key server.slownessDebuff was corrected from null to its default, SimpleCommentedConfig:{}. 
[14Jul2025 20:09:56.738] [Server thread/WARN] [net.minecraftforge.common.ForgeConfigSpec/CORE]: Incorrect key server.slownessDebuff.tooManyBackpacksSlowness was corrected from null to its default, false. 
[14Jul2025 20:09:56.738] [Server thread/WARN] [net.minecraftforge.common.ForgeConfigSpec/CORE]: Incorrect key server.slownessDebuff.maxNumberOfBackpacks was corrected from null to its default, 3. 
[14Jul2025 20:09:56.738] [Server thread/WARN] [net.minecraftforge.common.ForgeConfigSpec/CORE]: Incorrect key server.slownessDebuff.slownessPerExcessedBackpack was corrected from null to its default, 1.0. 
[14Jul2025 20:09:56.751] [Server thread/WARN] [net.minecraftforge.common.ForgeConfigSpec/CORE]: Configuration file ./world/serverconfig/dungeonnowloading-server.toml is not correct. Correcting
[14Jul2025 20:09:56.752] [Server thread/WARN] [net.minecraftforge.common.ForgeConfigSpec/CORE]: Incorrect key general-settings was corrected from null to its default, SimpleCommentedConfig:{}. 
[14Jul2025 20:09:56.752] [Server thread/WARN] [net.minecraftforge.common.ForgeConfigSpec/CORE]: Incorrect key general-settings.toggle_helpful_tooltip was corrected from null to its default, true. 
[14Jul2025 20:09:56.752] [Server thread/WARN] [net.minecraftforge.common.ForgeConfigSpec/CORE]: Incorrect key general-settings.toggle_destructive_blocks was corrected from null to its default, false. 
[14Jul2025 20:09:56.752] [Server thread/WARN] [net.minecraftforge.common.ForgeConfigSpec/CORE]: Incorrect key multiplayer-boss-scaling was corrected from null to its default, SimpleCommentedConfig:{}. 
[14Jul2025 20:09:56.752] [Server thread/WARN] [net.minecraftforge.common.ForgeConfigSpec/CORE]: Incorrect key multiplayer-boss-scaling.toggle_multiplayer_scaling was corrected from null to its default, true. 
[14Jul2025 20:09:56.753] [Server thread/WARN] [net.minecraftforge.common.ForgeConfigSpec/CORE]: Incorrect key multiplayer-boss-scaling.multiplayer_boss_health_scale was corrected from null to its default, 0.5. 
[14Jul2025 20:09:56.753] [Server thread/WARN] [net.minecraftforge.common.ForgeConfigSpec/CORE]: Incorrect key multiplayer-boss-scaling.multiplayer_boss_attack_scale was corrected from null to its default, 0.0. 
[14Jul2025 20:09:56.753] [Server thread/WARN] [net.minecraftforge.common.ForgeConfigSpec/CORE]: Incorrect key multiplayer-boss-scaling.toggle_multiplayer_boss_loot was corrected from null to its default, true. 
[14Jul2025 20:09:56.753] [Server thread/WARN] [net.minecraftforge.common.ForgeConfigSpec/CORE]: Incorrect key boss-scaling was corrected from null to its default, SimpleCommentedConfig:{}. 
[14Jul2025 20:09:56.754] [Server thread/WARN] [net.minecraftforge.common.ForgeConfigSpec/CORE]: Incorrect key boss-scaling.boss_health_scale was corrected from null to its default, 1.0. 
[14Jul2025 20:09:56.754] [Server thread/WARN] [net.minecraftforge.common.ForgeConfigSpec/CORE]: Incorrect key boss-scaling.boss_damage_scale was corrected from null to its default, 1.0. 
[14Jul2025 20:09:56.754] [Server thread/WARN] [net.minecraftforge.common.ForgeConfigSpec/CORE]: Incorrect key boss-scaling.toggle_boss_reset was corrected from null to its default, true. 
[14Jul2025 20:09:56.754] [Server thread/WARN] [net.minecraftforge.common.ForgeConfigSpec/CORE]: Incorrect key mob-scaling-config was corrected from null to its default, SimpleCommentedConfig:{}. 
[14Jul2025 20:09:56.754] [Server thread/WARN] [net.minecraftforge.common.ForgeConfigSpec/CORE]: Incorrect key mob-scaling-config.dungeon_mob_health_scale was corrected from null to its default, 1.0. 
[14Jul2025 20:09:56.755] [Server thread/WARN] [net.minecraftforge.common.ForgeConfigSpec/CORE]: Incorrect key mob-scaling-config.dungeon_mob_attack_scale was corrected from null to its default, 1.0. 
[14Jul2025 20:09:56.755] [Server thread/WARN] [net.minecraftforge.common.ForgeConfigSpec/CORE]: Incorrect key pvp-settings was corrected from null to its default, SimpleCommentedConfig:{}. 
[14Jul2025 20:09:56.755] [Server thread/WARN] [net.minecraftforge.common.ForgeConfigSpec/CORE]: Incorrect key pvp-settings.toggle_pvp was corrected from null to its default, false. 
[14Jul2025 20:09:56.756] [Server thread/WARN] [net.minecraftforge.common.ForgeConfigSpec/CORE]: Configuration file ./world/serverconfig/forge-server.toml is not correct. Correcting
[14Jul2025 20:09:56.757] [Server thread/WARN] [net.minecraftforge.common.ForgeConfigSpec/CORE]: Incorrect key server was corrected from null to its default, SimpleCommentedConfig:{}. 
[14Jul2025 20:09:56.757] [Server thread/WARN] [net.minecraftforge.common.ForgeConfigSpec/CORE]: Incorrect key server.removeErroringBlockEntities was corrected from null to its default, false. 
[14Jul2025 20:09:56.757] [Server thread/WARN] [net.minecraftforge.common.ForgeConfigSpec/CORE]: Incorrect key server.removeErroringEntities was corrected from null to its default, false. 
[14Jul2025 20:09:56.757] [Server thread/WARN] [net.minecraftforge.common.ForgeConfigSpec/CORE]: Incorrect key server.fullBoundingBoxLadders was corrected from null to its default, false. 
[14Jul2025 20:09:56.757] [Server thread/WARN] [net.minecraftforge.common.ForgeConfigSpec/CORE]: Incorrect key server.zombieBaseSummonChance was corrected from null to its default, 0.1. 
[14Jul2025 20:09:56.757] [Server thread/WARN] [net.minecraftforge.common.ForgeConfigSpec/CORE]: Incorrect key server.zombieBabyChance was corrected from null to its default, 0.05. 
[14Jul2025 20:09:56.757] [Server thread/WARN] [net.minecraftforge.common.ForgeConfigSpec/CORE]: Incorrect key server.permissionHandler was corrected from null to its default, forge:default_handler. 
[14Jul2025 20:09:56.758] [Server thread/WARN] [net.minecraftforge.common.ForgeConfigSpec/CORE]: Incorrect key server.advertiseDedicatedServerToLan was corrected from null to its default, true. 
[14Jul2025 20:09:56.758] [Server thread/WARN] [net.minecraftforge.common.ForgeConfigSpec/CORE]: Incorrect key server.useItemWithDurationZero was corrected from null to its default, false. 
[14Jul2025 20:09:56.809] [Server thread/WARN] [net.minecraftforge.common.ForgeConfigSpec/CORE]: Configuration file ./world/serverconfig/aether-server.toml is not correct. Correcting
[14Jul2025 20:09:56.809] [Server thread/WARN] [net.minecraftforge.common.ForgeConfigSpec/CORE]: Incorrect key Gameplay was corrected from null to its default, SimpleCommentedConfig:{}. 
[14Jul2025 20:09:56.809] [Server thread/WARN] [net.minecraftforge.common.ForgeConfigSpec/CORE]: Incorrect key Gameplay.Beds explode was corrected from null to its default, false. 
[14Jul2025 20:09:56.809] [Server thread/WARN] [net.minecraftforge.common.ForgeConfigSpec/CORE]: Incorrect key Gameplay.Debuff non-Aether tools was corrected from null to its default, true. 
[14Jul2025 20:09:56.809] [Server thread/WARN] [net.minecraftforge.common.ForgeConfigSpec/CORE]: Incorrect key Gameplay.Ambrosium Shards are edible was corrected from null to its default, true. 
[14Jul2025 20:09:56.810] [Server thread/WARN] [net.minecraftforge.common.ForgeConfigSpec/CORE]: Incorrect key Gameplay.Berry Bush consistency was corrected from null to its default, false. 
[14Jul2025 20:09:56.810] [Server thread/WARN] [net.minecraftforge.common.ForgeConfigSpec/CORE]: Incorrect key Gameplay.Crystal Fruit Leaves consistency was corrected from null to its default, false. 
[14Jul2025 20:09:56.810] [Server thread/WARN] [net.minecraftforge.common.ForgeConfigSpec/CORE]: Incorrect key Gameplay.Gummy Swets restore health was corrected from null to its default, false. 
[14Jul2025 20:09:56.810] [Server thread/WARN] [net.minecraftforge.common.ForgeConfigSpec/CORE]: Incorrect key Gameplay.Maximum consumable Life Shards was corrected from null to its default, 10. 
[14Jul2025 20:09:56.810] [Server thread/WARN] [net.minecraftforge.common.ForgeConfigSpec/CORE]: Incorrect key Gameplay.Cooldown for the Hammer of Kingbdogz projectile was corrected from null to its default, 50. 
[14Jul2025 20:09:56.810] [Server thread/WARN] [net.minecraftforge.common.ForgeConfigSpec/CORE]: Incorrect key Gameplay.Cooldown for the Cloud Staff was corrected from null to its default, 40. 
[14Jul2025 20:09:56.811] [Server thread/WARN] [net.minecraftforge.common.ForgeConfigSpec/CORE]: Incorrect key Gameplay.Require gloves for set abilities was corrected from null to its default, true. 
[14Jul2025 20:09:56.811] [Server thread/WARN] [net.minecraftforge.common.ForgeConfigSpec/CORE]: Incorrect key Loot was corrected from null to its default, SimpleCommentedConfig:{}. 
[14Jul2025 20:09:56.811] [Server thread/WARN] [net.minecraftforge.common.ForgeConfigSpec/CORE]: Incorrect key Loot.Golden Feather in loot was corrected from null to its default, false. 
[14Jul2025 20:09:56.811] [Server thread/WARN] [net.minecraftforge.common.ForgeConfigSpec/CORE]: Incorrect key Loot.Valkyrie Cape in loot was corrected from null to its default, true. 
[14Jul2025 20:09:56.812] [Server thread/WARN] [net.minecraftforge.common.ForgeConfigSpec/CORE]: Incorrect key World Generation was corrected from null to its default, SimpleCommentedConfig:{}. 
[14Jul2025 20:09:56.812] [Server thread/WARN] [net.minecraftforge.common.ForgeConfigSpec/CORE]: Incorrect key World Generation.Generate Tall Grass in the Aether was corrected from null to its default, true. 
[14Jul2025 20:09:56.812] [Server thread/WARN] [net.minecraftforge.common.ForgeConfigSpec/CORE]: Incorrect key World Generation.Generate Holiday Trees always was corrected from null to its default, false. 
[14Jul2025 20:09:56.812] [Server thread/WARN] [net.minecraftforge.common.ForgeConfigSpec/CORE]: Incorrect key World Generation.Generate Holiday Trees seasonally was corrected from null to its default, true. 
[14Jul2025 20:09:56.812] [Server thread/WARN] [net.minecraftforge.common.ForgeConfigSpec/CORE]: Incorrect key Multiplayer was corrected from null to its default, SimpleCommentedConfig:{}. 
[14Jul2025 20:09:56.812] [Server thread/WARN] [net.minecraftforge.common.ForgeConfigSpec/CORE]: Incorrect key Multiplayer.Balance Invisibility Cloak for PVP was corrected from null to its default, false. 
[14Jul2025 20:09:56.813] [Server thread/WARN] [net.minecraftforge.common.ForgeConfigSpec/CORE]: Incorrect key Multiplayer.Invisibility Cloak visibility timer was corrected from null to its default, 50. 
[14Jul2025 20:09:56.813] [Server thread/WARN] [net.minecraftforge.common.ForgeConfigSpec/CORE]: Incorrect key Multiplayer.Only whitelisted users access Sun Altars was corrected from null to its default, false. 
[14Jul2025 20:09:56.813] [Server thread/WARN] [net.minecraftforge.common.ForgeConfigSpec/CORE]: Incorrect key Multiplayer.Configure Sun Altar dimensions was corrected from null to its default, [aether:the_aether]. 
[14Jul2025 20:09:56.814] [Server thread/WARN] [net.minecraftforge.common.ForgeConfigSpec/CORE]: Incorrect key Modpack was corrected from null to its default, SimpleCommentedConfig:{}. 
[14Jul2025 20:09:56.814] [Server thread/WARN] [net.minecraftforge.common.ForgeConfigSpec/CORE]: Incorrect key Modpack.Spawns the player in the Aether was corrected from null to its default, false. 
[14Jul2025 20:09:56.814] [Server thread/WARN] [net.minecraftforge.common.ForgeConfigSpec/CORE]: Incorrect key Modpack.Disables Aether Portal creation was corrected from null to its default, false. 
[14Jul2025 20:09:56.814] [Server thread/WARN] [net.minecraftforge.common.ForgeConfigSpec/CORE]: Incorrect key Modpack.Disables falling into the Overworld was corrected from null to its default, false. 
[14Jul2025 20:09:56.815] [Server thread/WARN] [net.minecraftforge.common.ForgeConfigSpec/CORE]: Incorrect key Modpack.Disables eternal day was corrected from null to its default, false. 
[14Jul2025 20:09:56.815] [Server thread/WARN] [net.minecraftforge.common.ForgeConfigSpec/CORE]: Incorrect key Modpack.Sets portal destination dimension was corrected from null to its default, aether:the_aether. 
[14Jul2025 20:09:56.815] [Server thread/WARN] [net.minecraftforge.common.ForgeConfigSpec/CORE]: Incorrect key Modpack.Sets portal return dimension was corrected from null to its default, minecraft:overworld. 
[14Jul2025 20:09:56.817] [Server thread/WARN] [net.minecraftforge.common.ForgeConfigSpec/CORE]: Configuration file ./world/serverconfig/sophisticatedbackpacks-server.toml is not correct. Correcting
[14Jul2025 20:09:56.817] [Server thread/WARN] [net.minecraftforge.common.ForgeConfigSpec/CORE]: Incorrect key server was corrected from null to its default, SimpleCommentedConfig:{}. 
[14Jul2025 20:09:56.817] [Server thread/WARN] [net.minecraftforge.common.ForgeConfigSpec/CORE]: Incorrect key server.disallowedItems was corrected from null to its default, []. 
[14Jul2025 20:09:56.817] [Server thread/WARN] [net.minecraftforge.common.ForgeConfigSpec/CORE]: Incorrect key server.containerItemsDisallowed was corrected from null to its default, false. 
[14Jul2025 20:09:56.818] [Server thread/WARN] [net.minecraftforge.common.ForgeConfigSpec/CORE]: Incorrect key server.noInteractionBlocks was corrected from null to its default, []. 
[14Jul2025 20:09:56.818] [Server thread/WARN] [net.minecraftforge.common.ForgeConfigSpec/CORE]: Incorrect key server.noConnectionBlocks was corrected from null to its default, []. 
[14Jul2025 20:09:56.818] [Server thread/WARN] [net.minecraftforge.common.ForgeConfigSpec/CORE]: Incorrect key server.leatherBackpack was corrected from null to its default, SimpleCommentedConfig:{}. 
[14Jul2025 20:09:56.818] [Server thread/WARN] [net.minecraftforge.common.ForgeConfigSpec/CORE]: Incorrect key server.leatherBackpack.inventorySlotCount was corrected from null to its default, 27. 
[14Jul2025 20:09:56.819] [Server thread/WARN] [net.minecraftforge.common.ForgeConfigSpec/CORE]: Incorrect key server.leatherBackpack.upgradeSlotCount was corrected from null to its default, 1. 
[14Jul2025 20:09:56.820] [Server thread/WARN] [net.minecraftforge.common.ForgeConfigSpec/CORE]: Incorrect key server.copperBackpack was corrected from null to its default, SimpleCommentedConfig:{}. 
[14Jul2025 20:09:56.821] [Server thread/WARN] [net.minecraftforge.common.ForgeConfigSpec/CORE]: Incorrect key server.copperBackpack.inventorySlotCount was corrected from null to its default, 45. 
[14Jul2025 20:09:56.821] [Server thread/WARN] [net.minecraftforge.common.ForgeConfigSpec/CORE]: Incorrect key server.copperBackpack.upgradeSlotCount was corrected from null to its default, 1. 
[14Jul2025 20:09:56.821] [Server thread/WARN] [net.minecraftforge.common.ForgeConfigSpec/CORE]: Incorrect key server.ironBackpack was corrected from null to its default, SimpleCommentedConfig:{}. 
[14Jul2025 20:09:56.821] [Server thread/WARN] [net.minecraftforge.common.ForgeConfigSpec/CORE]: Incorrect key server.ironBackpack.inventorySlotCount was corrected from null to its default, 54. 
[14Jul2025 20:09:56.822] [Server thread/WARN] [net.minecraftforge.common.ForgeConfigSpec/CORE]: Incorrect key server.ironBackpack.upgradeSlotCount was corrected from null to its default, 2. 
[14Jul2025 20:09:56.822] [Server thread/WARN] [net.minecraftforge.common.ForgeConfigSpec/CORE]: Incorrect key server.goldBackpack was corrected from null to its default, SimpleCommentedConfig:{}. 
[14Jul2025 20:09:56.822] [Server thread/WARN] [net.minecraftforge.common.ForgeConfigSpec/CORE]: Incorrect key server.goldBackpack.inventorySlotCount was corrected from null to its default, 81. 
[14Jul2025 20:09:56.822] [Server thread/WARN] [net.minecraftforge.common.ForgeConfigSpec/CORE]: Incorrect key server.goldBackpack.upgradeSlotCount was corrected from null to its default, 3. 
[14Jul2025 20:09:56.822] [Server thread/WARN] [net.minecraftforge.common.ForgeConfigSpec/CORE]: Incorrect key server.diamondBackpack was corrected from null to its default, SimpleCommentedConfig:{}. 
[14Jul2025 20:09:56.822] [Server thread/WARN] [net.minecraftforge.common.ForgeConfigSpec/CORE]: Incorrect key server.diamondBackpack.inventorySlotCount was corrected from null to its default, 108. 
[14Jul2025 20:09:56.823] [Server thread/WARN] [net.minecraftforge.common.ForgeConfigSpec/CORE]: Incorrect key server.diamondBackpack.upgradeSlotCount was corrected from null to its default, 5. 
[14Jul2025 20:09:56.823] [Server thread/WARN] [net.minecraftforge.common.ForgeConfigSpec/CORE]: Incorrect key server.netheriteBackpack was corrected from null to its default, SimpleCommentedConfig:{}. 
[14Jul2025 20:09:56.823] [Server thread/WARN] [net.minecraftforge.common.ForgeConfigSpec/CORE]: Incorrect key server.netheriteBackpack.inventorySlotCount was corrected from null to its default, 120. 
[14Jul2025 20:09:56.823] [Server thread/WARN] [net.minecraftforge.common.ForgeConfigSpec/CORE]: Incorrect key server.netheriteBackpack.upgradeSlotCount was corrected from null to its default, 7. 
[14Jul2025 20:09:56.823] [Server thread/WARN] [net.minecraftforge.common.ForgeConfigSpec/CORE]: Incorrect key server.compactingUpgrade was corrected from null to its default, SimpleCommentedConfig:{}. 
[14Jul2025 20:09:56.823] [Server thread/WARN] [net.minecraftforge.common.ForgeConfigSpec/CORE]: Incorrect key server.compactingUpgrade.filterSlots was corrected from null to its default, 9. 
[14Jul2025 20:09:56.824] [Server thread/WARN] [net.minecraftforge.common.ForgeConfigSpec/CORE]: Incorrect key server.compactingUpgrade.slotsInRow was corrected from null to its default, 3. 
[14Jul2025 20:09:56.824] [Server thread/WARN] [net.minecraftforge.common.ForgeConfigSpec/CORE]: Incorrect key server.advancedCompactingUpgrade was corrected from null to its default, SimpleCommentedConfig:{}. 
[14Jul2025 20:09:56.824] [Server thread/WARN] [net.minecraftforge.common.ForgeConfigSpec/CORE]: Incorrect key server.advancedCompactingUpgrade.filterSlots was corrected from null to its default, 16. 
[14Jul2025 20:09:56.825] [Server thread/WARN] [net.minecraftforge.common.ForgeConfigSpec/CORE]: Incorrect key server.advancedCompactingUpgrade.slotsInRow was corrected from null to its default, 4. 
[14Jul2025 20:09:56.825] [Server thread/WARN] [net.minecraftforge.common.ForgeConfigSpec/CORE]: Incorrect key server.depositUpgrade was corrected from null to its default, SimpleCommentedConfig:{}. 
[14Jul2025 20:09:56.825] [Server thread/WARN] [net.minecraftforge.common.ForgeConfigSpec/CORE]: Incorrect key server.depositUpgrade.filterSlots was corrected from null to its default, 9. 
[14Jul2025 20:09:56.825] [Server thread/WARN] [net.minecraftforge.common.ForgeConfigSpec/CORE]: Incorrect key server.depositUpgrade.slotsInRow was corrected from null to its default, 3. 
[14Jul2025 20:09:56.826] [Server thread/WARN] [net.minecraftforge.common.ForgeConfigSpec/CORE]: Incorrect key server.advancedDepositUpgrade was corrected from null to its default, SimpleCommentedConfig:{}. 
[14Jul2025 20:09:56.826] [Server thread/WARN] [net.minecraftforge.common.ForgeConfigSpec/CORE]: Incorrect key server.advancedDepositUpgrade.filterSlots was corrected from null to its default, 16. 
[14Jul2025 20:09:56.826] [Server thread/WARN] [net.minecraftforge.common.ForgeConfigSpec/CORE]: Incorrect key server.advancedDepositUpgrade.slotsInRow was corrected from null to its default, 4. 
[14Jul2025 20:09:56.826] [Server thread/WARN] [net.minecraftforge.common.ForgeConfigSpec/CORE]: Incorrect key server.feedingUpgrade was corrected from null to its default, SimpleCommentedConfig:{}. 
[14Jul2025 20:09:56.826] [Server thread/WARN] [net.minecraftforge.common.ForgeConfigSpec/CORE]: Incorrect key server.feedingUpgrade.filterSlots was corrected from null to its default, 9. 
[14Jul2025 20:09:56.827] [Server thread/WARN] [net.minecraftforge.common.ForgeConfigSpec/CORE]: Incorrect key server.feedingUpgrade.slotsInRow was corrected from null to its default, 3. 
[14Jul2025 20:09:56.827] [Server thread/WARN] [net.minecraftforge.common.ForgeConfigSpec/CORE]: Incorrect key server.advancedFeedingUpgrade was corrected from null to its default, SimpleCommentedConfig:{}. 
[14Jul2025 20:09:56.827] [Server thread/WARN] [net.minecraftforge.common.ForgeConfigSpec/CORE]: Incorrect key server.advancedFeedingUpgrade.filterSlots was corrected from null to its default, 16. 
[14Jul2025 20:09:56.827] [Server thread/WARN] [net.minecraftforge.common.ForgeConfigSpec/CORE]: Incorrect key server.advancedFeedingUpgrade.slotsInRow was corrected from null to its default, 4. 
[14Jul2025 20:09:56.827] [Server thread/WARN] [net.minecraftforge.common.ForgeConfigSpec/CORE]: Incorrect key server.filterUpgrade was corrected from null to its default, SimpleCommentedConfig:{}. 
[14Jul2025 20:09:56.828] [Server thread/WARN] [net.minecraftforge.common.ForgeConfigSpec/CORE]: Incorrect key server.filterUpgrade.filterSlots was corrected from null to its default, 9. 
[14Jul2025 20:09:56.828] [Server thread/WARN] [net.minecraftforge.common.ForgeConfigSpec/CORE]: Incorrect key server.filterUpgrade.slotsInRow was corrected from null to its default, 3. 
[14Jul2025 20:09:56.828] [Server thread/WARN] [net.minecraftforge.common.ForgeConfigSpec/CORE]: Incorrect key server.advancedFilterUpgrade was corrected from null to its default, SimpleCommentedConfig:{}. 
[14Jul2025 20:09:56.829] [Server thread/WARN] [net.minecraftforge.common.ForgeConfigSpec/CORE]: Incorrect key server.advancedFilterUpgrade.filterSlots was corrected from null to its default, 16. 
[14Jul2025 20:09:56.829] [Server thread/WARN] [net.minecraftforge.common.ForgeConfigSpec/CORE]: Incorrect key server.advancedFilterUpgrade.slotsInRow was corrected from null to its default, 4. 
[14Jul2025 20:09:56.829] [Server thread/WARN] [net.minecraftforge.common.ForgeConfigSpec/CORE]: Incorrect key server.magnetUpgrade was corrected from null to its default, SimpleCommentedConfig:{}. 
[14Jul2025 20:09:56.829] [Server thread/WARN] [net.minecraftforge.common.ForgeConfigSpec/CORE]: Incorrect key server.magnetUpgrade.filterSlots was corrected from null to its default, 9. 
[14Jul2025 20:09:56.830] [Server thread/WARN] [net.minecraftforge.common.ForgeConfigSpec/CORE]: Incorrect key server.magnetUpgrade.slotsInRow was corrected from null to its default, 3. 
[14Jul2025 20:09:56.830] [Server thread/WARN] [net.minecraftforge.common.ForgeConfigSpec/CORE]: Incorrect key server.magnetUpgrade.magnetRange was corrected from null to its default, 3. 
[14Jul2025 20:09:56.831] [Server thread/WARN] [net.minecraftforge.common.ForgeConfigSpec/CORE]: Incorrect key server.advancedMagnetUpgrade was corrected from null to its default, SimpleCommentedConfig:{}. 
[14Jul2025 20:09:56.831] [Server thread/WARN] [net.minecraftforge.common.ForgeConfigSpec/CORE]: Incorrect key server.advancedMagnetUpgrade.filterSlots was corrected from null to its default, 16. 
[14Jul2025 20:09:56.831] [Server thread/WARN] [net.minecraftforge.common.ForgeConfigSpec/CORE]: Incorrect key server.advancedMagnetUpgrade.slotsInRow was corrected from null to its default, 4. 
[14Jul2025 20:09:56.832] [Server thread/WARN] [net.minecraftforge.common.ForgeConfigSpec/CORE]: Incorrect key server.advancedMagnetUpgrade.magnetRange was corrected from null to its default, 5. 
[14Jul2025 20:09:56.832] [Server thread/WARN] [net.minecraftforge.common.ForgeConfigSpec/CORE]: Incorrect key server.pickupUpgrade was corrected from null to its default, SimpleCommentedConfig:{}. 
[14Jul2025 20:09:56.832] [Server thread/WARN] [net.minecraftforge.common.ForgeConfigSpec/CORE]: Incorrect key server.pickupUpgrade.filterSlots was corrected from null to its default, 9. 
[14Jul2025 20:09:56.832] [Server thread/WARN] [net.minecraftforge.common.ForgeConfigSpec/CORE]: Incorrect key server.pickupUpgrade.slotsInRow was corrected from null to its default, 3. 
[14Jul2025 20:09:56.832] [Server thread/WARN] [net.minecraftforge.common.ForgeConfigSpec/CORE]: Incorrect key server.advancedPickupUpgrade was corrected from null to its default, SimpleCommentedConfig:{}. 
[14Jul2025 20:09:56.833] [Server thread/WARN] [net.minecraftforge.common.ForgeConfigSpec/CORE]: Incorrect key server.advancedPickupUpgrade.filterSlots was corrected from null to its default, 16. 
[14Jul2025 20:09:56.833] [Server thread/WARN] [net.minecraftforge.common.ForgeConfigSpec/CORE]: Incorrect key server.advancedPickupUpgrade.slotsInRow was corrected from null to its default, 4. 
[14Jul2025 20:09:56.834] [Server thread/WARN] [net.minecraftforge.common.ForgeConfigSpec/CORE]: Incorrect key server.refillUpgrade was corrected from null to its default, SimpleCommentedConfig:{}. 
[14Jul2025 20:09:56.834] [Server thread/WARN] [net.minecraftforge.common.ForgeConfigSpec/CORE]: Incorrect key server.refillUpgrade.filterSlots was corrected from null to its default, 6. 
[14Jul2025 20:09:56.834] [Server thread/WARN] [net.minecraftforge.common.ForgeConfigSpec/CORE]: Incorrect key server.refillUpgrade.slotsInRow was corrected from null to its default, 3. 
[14Jul2025 20:09:56.835] [Server thread/WARN] [net.minecraftforge.common.ForgeConfigSpec/CORE]: Incorrect key server.advancedRefillUpgrade was corrected from null to its default, SimpleCommentedConfig:{}. 
[14Jul2025 20:09:56.836] [Server thread/WARN] [net.minecraftforge.common.ForgeConfigSpec/CORE]: Incorrect key server.advancedRefillUpgrade.filterSlots was corrected from null to its default, 12. 
[14Jul2025 20:09:56.836] [Server thread/WARN] [net.minecraftforge.common.ForgeConfigSpec/CORE]: Incorrect key server.advancedRefillUpgrade.slotsInRow was corrected from null to its default, 4. 
[14Jul2025 20:09:56.836] [Server thread/WARN] [net.minecraftforge.common.ForgeConfigSpec/CORE]: Incorrect key server.restockUpgrade was corrected from null to its default, SimpleCommentedConfig:{}. 
[14Jul2025 20:09:56.836] [Server thread/WARN] [net.minecraftforge.common.ForgeConfigSpec/CORE]: Incorrect key server.restockUpgrade.filterSlots was corrected from null to its default, 9. 
[14Jul2025 20:09:56.836] [Server thread/WARN] [net.minecraftforge.common.ForgeConfigSpec/CORE]: Incorrect key server.restockUpgrade.slotsInRow was corrected from null to its default, 3. 
[14Jul2025 20:09:56.836] [Server thread/WARN] [net.minecraftforge.common.ForgeConfigSpec/CORE]: Incorrect key server.advancedRestockUpgrade was corrected from null to its default, SimpleCommentedConfig:{}. 
[14Jul2025 20:09:56.836] [Server thread/WARN] [net.minecraftforge.common.ForgeConfigSpec/CORE]: Incorrect key server.advancedRestockUpgrade.filterSlots was corrected from null to its default, 16. 
[14Jul2025 20:09:56.837] [Server thread/WARN] [net.minecraftforge.common.ForgeConfigSpec/CORE]: Incorrect key server.advancedRestockUpgrade.slotsInRow was corrected from null to its default, 4. 
[14Jul2025 20:09:56.838] [Server thread/WARN] [net.minecraftforge.common.ForgeConfigSpec/CORE]: Incorrect key server.voidUpgrade was corrected from null to its default, SimpleCommentedConfig:{}. 
[14Jul2025 20:09:56.838] [Server thread/WARN] [net.minecraftforge.common.ForgeConfigSpec/CORE]: Incorrect key server.voidUpgrade.filterSlots was corrected from null to its default, 9. 
[14Jul2025 20:09:56.838] [Server thread/WARN] [net.minecraftforge.common.ForgeConfigSpec/CORE]: Incorrect key server.voidUpgrade.slotsInRow was corrected from null to its default, 3. 
[14Jul2025 20:09:56.839] [Server thread/WARN] [net.minecraftforge.common.ForgeConfigSpec/CORE]: Incorrect key server.voidUpgrade.voidAnythingEnabled was corrected from null to its default, true. 
[14Jul2025 20:09:56.839] [Server thread/WARN] [net.minecraftforge.common.ForgeConfigSpec/CORE]: Incorrect key server.advancedVoidUpgrade was corrected from null to its default, SimpleCommentedConfig:{}. 
[14Jul2025 20:09:56.839] [Server thread/WARN] [net.minecraftforge.common.ForgeConfigSpec/CORE]: Incorrect key server.advancedVoidUpgrade.filterSlots was corrected from null to its default, 16. 
[14Jul2025 20:09:56.840] [Server thread/WARN] [net.minecraftforge.common.ForgeConfigSpec/CORE]: Incorrect key server.advancedVoidUpgrade.slotsInRow was corrected from null to its default, 4. 
[14Jul2025 20:09:56.840] [Server thread/WARN] [net.minecraftforge.common.ForgeConfigSpec/CORE]: Incorrect key server.advancedVoidUpgrade.voidAnythingEnabled was corrected from null to its default, true. 
[14Jul2025 20:09:56.841] [Server thread/WARN] [net.minecraftforge.common.ForgeConfigSpec/CORE]: Incorrect key server.stackUpgrade was corrected from null to its default, SimpleCommentedConfig:{}. 
[14Jul2025 20:09:56.841] [Server thread/WARN] [net.minecraftforge.common.ForgeConfigSpec/CORE]: Incorrect key server.stackUpgrade.nonStackableItems was corrected from null to its default, [minecraft:bundle, minecraft:shulker_box, minecraft:white_shulker_box, minecraft:orange_shulker_box, minecraft:magenta_shulker_box, minecraft:light_blue_shulker_box, minecraft:yellow_shulker_box, minecraft:lime_shulker_box, minecraft:pink_shulker_box, minecraft:gray_shulker_box, minecraft:light_gray_shulker_box, minecraft:cyan_shulker_box, minecraft:purple_shulker_box, minecraft:blue_shulker_box, minecraft:brown_shulker_box, minecraft:green_shulker_box, minecraft:red_shulker_box, minecraft:black_shulker_box]. 
[14Jul2025 20:09:56.842] [Server thread/WARN] [net.minecraftforge.common.ForgeConfigSpec/CORE]: Incorrect key server.smeltingUpgrade was corrected from null to its default, SimpleCommentedConfig:{}. 
[14Jul2025 20:09:56.842] [Server thread/WARN] [net.minecraftforge.common.ForgeConfigSpec/CORE]: Incorrect key server.smeltingUpgrade.smeltingSpeedMultiplier was corrected from null to its default, 1.0. 
[14Jul2025 20:09:56.843] [Server thread/WARN] [net.minecraftforge.common.ForgeConfigSpec/CORE]: Incorrect key server.smeltingUpgrade.fuelEfficiencyMultiplier was corrected from null to its default, 1.0. 
[14Jul2025 20:09:56.843] [Server thread/WARN] [net.minecraftforge.common.ForgeConfigSpec/CORE]: Incorrect key server.smokingUpgrade was corrected from null to its default, SimpleCommentedConfig:{}. 
[14Jul2025 20:09:56.844] [Server thread/WARN] [net.minecraftforge.common.ForgeConfigSpec/CORE]: Incorrect key server.smokingUpgrade.smeltingSpeedMultiplier was corrected from null to its default, 1.0. 
[14Jul2025 20:09:56.844] [Server thread/WARN] [net.minecraftforge.common.ForgeConfigSpec/CORE]: Incorrect key server.smokingUpgrade.fuelEfficiencyMultiplier was corrected from null to its default, 1.0. 
[14Jul2025 20:09:56.845] [Server thread/WARN] [net.minecraftforge.common.ForgeConfigSpec/CORE]: Incorrect key server.blastingUpgrade was corrected from null to its default, SimpleCommentedConfig:{}. 
[14Jul2025 20:09:56.845] [Server thread/WARN] [net.minecraftforge.common.ForgeConfigSpec/CORE]: Incorrect key server.blastingUpgrade.smeltingSpeedMultiplier was corrected from null to its default, 1.0. 
[14Jul2025 20:09:56.846] [Server thread/WARN] [net.minecraftforge.common.ForgeConfigSpec/CORE]: Incorrect key server.blastingUpgrade.fuelEfficiencyMultiplier was corrected from null to its default, 1.0. 
[14Jul2025 20:09:56.846] [Server thread/WARN] [net.minecraftforge.common.ForgeConfigSpec/CORE]: Incorrect key server.autoSmeltingUpgrade was corrected from null to its default, SimpleCommentedConfig:{}. 
[14Jul2025 20:09:56.846] [Server thread/WARN] [net.minecraftforge.common.ForgeConfigSpec/CORE]: Incorrect key server.autoSmeltingUpgrade.smeltingSpeedMultiplier was corrected from null to its default, 1.0. 
[14Jul2025 20:09:56.847] [Server thread/WARN] [net.minecraftforge.common.ForgeConfigSpec/CORE]: Incorrect key server.autoSmeltingUpgrade.fuelEfficiencyMultiplier was corrected from null to its default, 1.0. 
[14Jul2025 20:09:56.847] [Server thread/WARN] [net.minecraftforge.common.ForgeConfigSpec/CORE]: Incorrect key server.autoSmeltingUpgrade.inputFilterSlots was corrected from null to its default, 8. 
[14Jul2025 20:09:56.848] [Server thread/WARN] [net.minecraftforge.common.ForgeConfigSpec/CORE]: Incorrect key server.autoSmeltingUpgrade.inputFilterSlotsInRow was corrected from null to its default, 4. 
[14Jul2025 20:09:56.848] [Server thread/WARN] [net.minecraftforge.common.ForgeConfigSpec/CORE]: Incorrect key server.autoSmeltingUpgrade.fuelFilterSlots was corrected from null to its default, 4. 
[14Jul2025 20:09:56.848] [Server thread/WARN] [net.minecraftforge.common.ForgeConfigSpec/CORE]: Incorrect key server.autoSmeltingUpgrade.fuelFilterSlotsInRow was corrected from null to its default, 4. 
[14Jul2025 20:09:56.849] [Server thread/WARN] [net.minecraftforge.common.ForgeConfigSpec/CORE]: Incorrect key server.autoSmokingUpgrade was corrected from null to its default, SimpleCommentedConfig:{}. 
[14Jul2025 20:09:56.849] [Server thread/WARN] [net.minecraftforge.common.ForgeConfigSpec/CORE]: Incorrect key server.autoSmokingUpgrade.smeltingSpeedMultiplier was corrected from null to its default, 1.0. 
[14Jul2025 20:09:56.850] [Server thread/WARN] [net.minecraftforge.common.ForgeConfigSpec/CORE]: Incorrect key server.autoSmokingUpgrade.fuelEfficiencyMultiplier was corrected from null to its default, 1.0. 
[14Jul2025 20:09:56.850] [Server thread/WARN] [net.minecraftforge.common.ForgeConfigSpec/CORE]: Incorrect key server.autoSmokingUpgrade.inputFilterSlots was corrected from null to its default, 8. 
[14Jul2025 20:09:56.850] [Server thread/WARN] [net.minecraftforge.common.ForgeConfigSpec/CORE]: Incorrect key server.autoSmokingUpgrade.inputFilterSlotsInRow was corrected from null to its default, 4. 
[14Jul2025 20:09:56.850] [Server thread/WARN] [net.minecraftforge.common.ForgeConfigSpec/CORE]: Incorrect key server.autoSmokingUpgrade.fuelFilterSlots was corrected from null to its default, 4. 
[14Jul2025 20:09:56.850] [Server thread/WARN] [net.minecraftforge.common.ForgeConfigSpec/CORE]: Incorrect key server.autoSmokingUpgrade.fuelFilterSlotsInRow was corrected from null to its default, 4. 
[14Jul2025 20:09:56.850] [Server thread/WARN] [net.minecraftforge.common.ForgeConfigSpec/CORE]: Incorrect key server.autoBlastingUpgrade was corrected from null to its default, SimpleCommentedConfig:{}. 
[14Jul2025 20:09:56.851] [Server thread/WARN] [net.minecraftforge.common.ForgeConfigSpec/CORE]: Incorrect key server.autoBlastingUpgrade.smeltingSpeedMultiplier was corrected from null to its default, 1.0. 
[14Jul2025 20:09:56.851] [Server thread/WARN] [net.minecraftforge.common.ForgeConfigSpec/CORE]: Incorrect key server.autoBlastingUpgrade.fuelEfficiencyMultiplier was corrected from null to its default, 1.0. 
[14Jul2025 20:09:56.852] [Server thread/WARN] [net.minecraftforge.common.ForgeConfigSpec/CORE]: Incorrect key server.autoBlastingUpgrade.inputFilterSlots was corrected from null to its default, 8. 
[14Jul2025 20:09:56.853] [Server thread/WARN] [net.minecraftforge.common.ForgeConfigSpec/CORE]: Incorrect key server.autoBlastingUpgrade.inputFilterSlotsInRow was corrected from null to its default, 4. 
[14Jul2025 20:09:56.853] [Server thread/WARN] [net.minecraftforge.common.ForgeConfigSpec/CORE]: Incorrect key server.autoBlastingUpgrade.fuelFilterSlots was corrected from null to its default, 4. 
[14Jul2025 20:09:56.854] [Server thread/WARN] [net.minecraftforge.common.ForgeConfigSpec/CORE]: Incorrect key server.autoBlastingUpgrade.fuelFilterSlotsInRow was corrected from null to its default, 4. 
[14Jul2025 20:09:56.854] [Server thread/WARN] [net.minecraftforge.common.ForgeConfigSpec/CORE]: Incorrect key server.inceptionUpgrade was corrected from null to its default, SimpleCommentedConfig:{}. 
[14Jul2025 20:09:56.855] [Server thread/WARN] [net.minecraftforge.common.ForgeConfigSpec/CORE]: Incorrect key server.inceptionUpgrade.upgradesUseInventoriesOfBackpacksInBackpack was corrected from null to its default, true. 
[14Jul2025 20:09:56.855] [Server thread/WARN] [net.minecraftforge.common.ForgeConfigSpec/CORE]: Incorrect key server.inceptionUpgrade.upgradesInContainedBackpacksAreFunctional was corrected from null to its default, true. 
[14Jul2025 20:09:56.856] [Server thread/WARN] [net.minecraftforge.common.ForgeConfigSpec/CORE]: Incorrect key server.toolSwapperUpgrade was corrected from null to its default, SimpleCommentedConfig:{}. 
[14Jul2025 20:09:56.856] [Server thread/WARN] [net.minecraftforge.common.ForgeConfigSpec/CORE]: Incorrect key server.toolSwapperUpgrade.filterSlots was corrected from null to its default, 8. 
[14Jul2025 20:09:56.856] [Server thread/WARN] [net.minecraftforge.common.ForgeConfigSpec/CORE]: Incorrect key server.toolSwapperUpgrade.slotsInRow was corrected from null to its default, 4. 
[14Jul2025 20:09:56.857] [Server thread/WARN] [net.minecraftforge.common.ForgeConfigSpec/CORE]: Incorrect key server.tankUpgrade was corrected from null to its default, SimpleCommentedConfig:{}. 
[14Jul2025 20:09:56.857] [Server thread/WARN] [net.minecraftforge.common.ForgeConfigSpec/CORE]: Incorrect key server.tankUpgrade.capacityPerSlotRow was corrected from null to its default, 4000. 
[14Jul2025 20:09:56.858] [Server thread/WARN] [net.minecraftforge.common.ForgeConfigSpec/CORE]: Incorrect key server.tankUpgrade.stackMultiplierRatio was corrected from null to its default, 1.0. 
[14Jul2025 20:09:56.858] [Server thread/WARN] [net.minecraftforge.common.ForgeConfigSpec/CORE]: Incorrect key server.tankUpgrade.autoFillDrainContainerCooldown was corrected from null to its default, 20. 
[14Jul2025 20:09:56.859] [Server thread/WARN] [net.minecraftforge.common.ForgeConfigSpec/CORE]: Incorrect key server.tankUpgrade.maxInputOutput was corrected from null to its default, 20. 
[14Jul2025 20:09:56.859] [Server thread/WARN] [net.minecraftforge.common.ForgeConfigSpec/CORE]: Incorrect key server.tankUpgrade.energyPerSlotRow was corrected from null to its default, 10000. 
[14Jul2025 20:09:56.860] [Server thread/WARN] [net.minecraftforge.common.ForgeConfigSpec/CORE]: Incorrect key server.pumpUpgrade was corrected from null to its default, SimpleCommentedConfig:{}. 
[14Jul2025 20:09:56.860] [Server thread/WARN] [net.minecraftforge.common.ForgeConfigSpec/CORE]: Incorrect key server.pumpUpgrade.filterSlots was corrected from null to its default, 4. 
[14Jul2025 20:09:56.860] [Server thread/WARN] [net.minecraftforge.common.ForgeConfigSpec/CORE]: Incorrect key server.pumpUpgrade.maxInputOutput was corrected from null to its default, 20. 
[14Jul2025 20:09:56.861] [Server thread/WARN] [net.minecraftforge.common.ForgeConfigSpec/CORE]: Incorrect key server.pumpUpgrade.stackMultiplierRatio was corrected from null to its default, 1.0. 
[14Jul2025 20:09:56.861] [Server thread/WARN] [net.minecraftforge.common.ForgeConfigSpec/CORE]: Incorrect key server.xpPumpUpgrade was corrected from null to its default, SimpleCommentedConfig:{}. 
[14Jul2025 20:09:56.861] [Server thread/WARN] [net.minecraftforge.common.ForgeConfigSpec/CORE]: Incorrect key server.xpPumpUpgrade.mendingOn was corrected from null to its default, true. 
[14Jul2025 20:09:56.861] [Server thread/WARN] [net.minecraftforge.common.ForgeConfigSpec/CORE]: Incorrect key server.xpPumpUpgrade.maxXpPointsPerMending was corrected from null to its default, 5. 
[14Jul2025 20:09:56.861] [Server thread/WARN] [net.minecraftforge.common.ForgeConfigSpec/CORE]: Incorrect key server.advancedJukeboxUpgrade was corrected from null to its default, SimpleCommentedConfig:{}. 
[14Jul2025 20:09:56.861] [Server thread/WARN] [net.minecraftforge.common.ForgeConfigSpec/CORE]: Incorrect key server.advancedJukeboxUpgrade.numberOfSlots was corrected from null to its default, 12. 
[14Jul2025 20:09:56.862] [Server thread/WARN] [net.minecraftforge.common.ForgeConfigSpec/CORE]: Incorrect key server.advancedJukeboxUpgrade.slotsInRow was corrected from null to its default, 4. 
[14Jul2025 20:09:56.862] [Server thread/WARN] [net.minecraftforge.common.ForgeConfigSpec/CORE]: Incorrect key server.alchemyUpgrade was corrected from null to its default, SimpleCommentedConfig:{}. 
[14Jul2025 20:09:56.862] [Server thread/WARN] [net.minecraftforge.common.ForgeConfigSpec/CORE]: Incorrect key server.alchemyUpgrade.filterSlots was corrected from null to its default, 4. 
[14Jul2025 20:09:56.862] [Server thread/WARN] [net.minecraftforge.common.ForgeConfigSpec/CORE]: Incorrect key server.advancedAlchemyUpgrade was corrected from null to its default, SimpleCommentedConfig:{}. 
[14Jul2025 20:09:56.862] [Server thread/WARN] [net.minecraftforge.common.ForgeConfigSpec/CORE]: Incorrect key server.advancedAlchemyUpgrade.filterSlots was corrected from null to its default, 8. 
[14Jul2025 20:09:56.862] [Server thread/WARN] [net.minecraftforge.common.ForgeConfigSpec/CORE]: Incorrect key server.entityBackpackAdditions was corrected from null to its default, SimpleCommentedConfig:{}. 
[14Jul2025 20:09:56.863] [Server thread/WARN] [net.minecraftforge.common.ForgeConfigSpec/CORE]: Incorrect key server.entityBackpackAdditions.chance was corrected from null to its default, 0.01. 
[14Jul2025 20:09:56.863] [Server thread/WARN] [net.minecraftforge.common.ForgeConfigSpec/CORE]: Incorrect key server.entityBackpackAdditions.addLoot was corrected from null to its default, true. 
[14Jul2025 20:09:56.863] [Server thread/WARN] [net.minecraftforge.common.ForgeConfigSpec/CORE]: Incorrect key server.entityBackpackAdditions.buffWithPotionEffects was corrected from null to its default, true. 
[14Jul2025 20:09:56.863] [Server thread/WARN] [net.minecraftforge.common.ForgeConfigSpec/CORE]: Incorrect key server.entityBackpackAdditions.buffHealth was corrected from null to its default, true. 
[14Jul2025 20:09:56.863] [Server thread/WARN] [net.minecraftforge.common.ForgeConfigSpec/CORE]: Incorrect key server.entityBackpackAdditions.equipWithArmor was corrected from null to its default, true. 
[14Jul2025 20:09:56.864] [Server thread/WARN] [net.minecraftforge.common.ForgeConfigSpec/CORE]: Incorrect key server.entityBackpackAdditions.entityLootTableList was corrected from null to its default, [minecraft:creeper|minecraft:chests/desert_pyramid, minecraft:drowned|minecraft:chests/shipwreck_treasure, minecraft:enderman|minecraft:chests/end_city_treasure, minecraft:evoker|minecraft:chests/woodland_mansion, minecraft:husk|minecraft:chests/desert_pyramid, minecraft:piglin|minecraft:chests/bastion_bridge, minecraft:piglin_brute|minecraft:chests/bastion_treasure, minecraft:pillager|minecraft:chests/pillager_outpost, minecraft:skeleton|minecraft:chests/simple_dungeon, minecraft:stray|minecraft:chests/igloo_chest, minecraft:vex|minecraft:chests/woodland_mansion, minecraft:vindicator|minecraft:chests/woodland_mansion, minecraft:witch|minecraft:chests/buried_treasure, minecraft:wither_skeleton|minecraft:chests/nether_bridge, minecraft:zombie|minecraft:chests/simple_dungeon, minecraft:zombie_villager|minecraft:chests/village/village_armorer, minecraft:zombified_piglin|minecraft:chests/bastion_other]. 
[14Jul2025 20:09:56.865] [Server thread/WARN] [net.minecraftforge.common.ForgeConfigSpec/CORE]: Incorrect key server.entityBackpackAdditions.discBlockList was corrected from null to its default, [botania:record_gaia_1, botania:record_gaia_2]. 
[14Jul2025 20:09:56.866] [Server thread/WARN] [net.minecraftforge.common.ForgeConfigSpec/CORE]: Incorrect key server.entityBackpackAdditions.playJukebox was corrected from null to its default, true. 
[14Jul2025 20:09:56.866] [Server thread/WARN] [net.minecraftforge.common.ForgeConfigSpec/CORE]: Incorrect key server.entityBackpackAdditions.dropToFakePlayers was corrected from null to its default, false. 
[14Jul2025 20:09:56.867] [Server thread/WARN] [net.minecraftforge.common.ForgeConfigSpec/CORE]: Incorrect key server.entityBackpackAdditions.backpackDropChance was corrected from null to its default, 0.5. 
[14Jul2025 20:09:56.867] [Server thread/WARN] [net.minecraftforge.common.ForgeConfigSpec/CORE]: Incorrect key server.entityBackpackAdditions.lootingChanceIncreasePerLevel was corrected from null to its default, 0.15. 
[14Jul2025 20:09:56.868] [Server thread/WARN] [net.minecraftforge.common.ForgeConfigSpec/CORE]: Incorrect key server.nerfs was corrected from null to its default, SimpleCommentedConfig:{}. 
[14Jul2025 20:09:56.868] [Server thread/WARN] [net.minecraftforge.common.ForgeConfigSpec/CORE]: Incorrect key server.nerfs.tooManyBackpacksSlowness was corrected from null to its default, false. 
[14Jul2025 20:09:56.869] [Server thread/WARN] [net.minecraftforge.common.ForgeConfigSpec/CORE]: Incorrect key server.nerfs.maxNumberOfBackpacks was corrected from null to its default, 3. 
[14Jul2025 20:09:56.869] [Server thread/WARN] [net.minecraftforge.common.ForgeConfigSpec/CORE]: Incorrect key server.nerfs.slownessLevelsPerAdditionalBackpack was corrected from null to its default, 1.0. 
[14Jul2025 20:09:56.869] [Server thread/WARN] [net.minecraftforge.common.ForgeConfigSpec/CORE]: Incorrect key server.nerfs.onlyWornBackpackTriggersUpgrades was corrected from null to its default, false. 
[14Jul2025 20:09:56.870] [Server thread/WARN] [net.minecraftforge.common.ForgeConfigSpec/CORE]: Incorrect key server.maxUpgradesPerStorage was corrected from null to its default, [furnace_upgrades|1, stack_upgrades|3, jukebox_upgrades|1]. 
[14Jul2025 20:09:56.870] [Server thread/WARN] [net.minecraftforge.common.ForgeConfigSpec/CORE]: Incorrect key server.itemFluidHandlerEnabled was corrected from null to its default, true. 
[14Jul2025 20:09:56.870] [Server thread/WARN] [net.minecraftforge.common.ForgeConfigSpec/CORE]: Incorrect key server.allowOpeningOtherPlayerBackpacks was corrected from null to its default, true. 
[14Jul2025 20:09:56.870] [Server thread/WARN] [net.minecraftforge.common.ForgeConfigSpec/CORE]: Incorrect key server.itemDisplayDisabled was corrected from null to its default, false. 
[14Jul2025 20:09:56.870] [Server thread/WARN] [net.minecraftforge.common.ForgeConfigSpec/CORE]: Incorrect key server.tickDedupeLogicDisabled was corrected from null to its default, false. 
[14Jul2025 20:09:56.870] [Server thread/WARN] [net.minecraftforge.common.ForgeConfigSpec/CORE]: Incorrect key server.canBePlacedInContainerItems was corrected from null to its default, false. 
[14Jul2025 20:09:56.876] [Server thread/WARN] [net.minecraftforge.common.ForgeConfigSpec/CORE]: Configuration file ./world/serverconfig/touhou_little_maid-server.toml is not correct. Correcting
[14Jul2025 20:09:56.876] [Server thread/WARN] [net.minecraftforge.common.ForgeConfigSpec/CORE]: Incorrect key ClientPackDownloadUrls was corrected from null to its default, []. 
[14Jul2025 20:09:56.877] [Server thread/WARN] [net.minecraftforge.common.ForgeConfigSpec/CORE]: Incorrect key MaidAITimeDebug was corrected from null to its default, false. 
[14Jul2025 20:09:56.878] [Server thread/WARN] [net.minecraftforge.common.ForgeConfigSpec/CORE]: Configuration file ./world/serverconfig/inventorysorter-server.toml is not correct. Correcting
[14Jul2025 20:09:56.879] [Server thread/WARN] [net.minecraftforge.common.ForgeConfigSpec/CORE]: Incorrect key blacklists was corrected from null to its default, SimpleCommentedConfig:{}. 
[14Jul2025 20:09:56.880] [Server thread/WARN] [net.minecraftforge.common.ForgeConfigSpec/CORE]: Incorrect key blacklists.containerBlacklist was corrected from null to its default, []. 
[14Jul2025 20:09:56.880] [Server thread/WARN] [net.minecraftforge.common.ForgeConfigSpec/CORE]: Incorrect key blacklists.slotBlacklist was corrected from null to its default, []. 
[14Jul2025 20:09:56.882] [Server thread/WARN] [net.minecraftforge.common.ForgeConfigSpec/CORE]: Configuration file ./world/serverconfig/toolbelt-server.toml is not correct. Correcting
[14Jul2025 20:09:56.882] [Server thread/WARN] [net.minecraftforge.common.ForgeConfigSpec/CORE]: Incorrect key general was corrected from null to its default, SimpleCommentedConfig:{}. 
[14Jul2025 20:09:56.882] [Server thread/WARN] [net.minecraftforge.common.ForgeConfigSpec/CORE]: Incorrect key general.whitelist was corrected from null to its default, []. 
[14Jul2025 20:09:56.882] [Server thread/WARN] [net.minecraftforge.common.ForgeConfigSpec/CORE]: Incorrect key general.blacklist was corrected from null to its default, []. 
[14Jul2025 20:09:56.883] [Server thread/WARN] [net.minecraftforge.common.ForgeConfigSpec/CORE]: Incorrect key general.allowAllNonStackableItems was corrected from null to its default, true. 
[14Jul2025 20:09:56.884] [Server thread/WARN] [net.minecraftforge.common.ForgeConfigSpec/CORE]: Configuration file ./world/serverconfig/mahoutsukai-server.toml is not correct. Correcting
[14Jul2025 20:09:56.885] [Server thread/WARN] [net.minecraftforge.common.ForgeConfigSpec/CORE]: Incorrect key boundary was corrected from null to its default, SimpleCommentedConfig:{}. 
[14Jul2025 20:09:56.886] [Server thread/WARN] [net.minecraftforge.common.ForgeConfigSpec/CORE]: Incorrect key boundary.alarm was corrected from null to its default, SimpleCommentedConfig:{}. 
[14Jul2025 20:09:56.886] [Server thread/WARN] [net.minecraftforge.common.ForgeConfigSpec/CORE]: Incorrect key boundary.alarm.ALARM_BARRIER_MANA_COST was corrected from null to its default, 1. 
[14Jul2025 20:09:56.886] [Server thread/WARN] [net.minecraftforge.common.ForgeConfigSpec/CORE]: Incorrect key boundary.alarm.ALARM_BARRIER_MANA_CYCLE was corrected from null to its default, 10. 
[14Jul2025 20:09:56.886] [Server thread/WARN] [net.minecraftforge.common.ForgeConfigSpec/CORE]: Incorrect key boundary.alarm.ALARM_BARRIER_RADIUS was corrected from null to its default, 10. 
[14Jul2025 20:09:56.887] [Server thread/WARN] [net.minecraftforge.common.ForgeConfigSpec/CORE]: Incorrect key boundary.alarm.ALARM_BARRIER_CYCLE was corrected from null to its default, 20. 
[14Jul2025 20:09:56.887] [Server thread/WARN] [net.minecraftforge.common.ForgeConfigSpec/CORE]: Incorrect key boundary.alarm.ALARM_ACTION_BAR_MESSAGES was corrected from null to its default, false. 
[14Jul2025 20:09:56.887] [Server thread/WARN] [net.minecraftforge.common.ForgeConfigSpec/CORE]: Incorrect key boundary.displacement was corrected from null to its default, SimpleCommentedConfig:{}. 
[14Jul2025 20:09:56.887] [Server thread/WARN] [net.minecraftforge.common.ForgeConfigSpec/CORE]: Incorrect key boundary.displacement.DISPLACEMENT_BARRIER_MANA_COST was corrected from null to its default, 1. 
[14Jul2025 20:09:56.887] [Server thread/WARN] [net.minecraftforge.common.ForgeConfigSpec/CORE]: Incorrect key boundary.displacement.DISPLACEMENT_BARRIER_MANA_CYCLE was corrected from null to its default, 5. 
[14Jul2025 20:09:56.887] [Server thread/WARN] [net.minecraftforge.common.ForgeConfigSpec/CORE]: Incorrect key boundary.displacement.DISPLACEMENT_BARRIER_RADIUS was corrected from null to its default, 11. 
[14Jul2025 20:09:56.887] [Server thread/WARN] [net.minecraftforge.common.ForgeConfigSpec/CORE]: Incorrect key boundary.displacement.DISPLACEMENT_BARRIER_CYCLE was corrected from null to its default, 4. 
[14Jul2025 20:09:56.888] [Server thread/WARN] [net.minecraftforge.common.ForgeConfigSpec/CORE]: Incorrect key boundary.drain life was corrected from null to its default, SimpleCommentedConfig:{}. 
[14Jul2025 20:09:56.888] [Server thread/WARN] [net.minecraftforge.common.ForgeConfigSpec/CORE]: Incorrect key boundary.drain life.DRAIN_LIFE_BARRIER_MANA_COST was corrected from null to its default, 5. 
[14Jul2025 20:09:56.888] [Server thread/WARN] [net.minecraftforge.common.ForgeConfigSpec/CORE]: Incorrect key boundary.drain life.DRAIN_LIFE_AFFECTED_LIMIT was corrected from null to its default, 100000. 
[14Jul2025 20:09:56.888] [Server thread/WARN] [net.minecraftforge.common.ForgeConfigSpec/CORE]: Incorrect key boundary.drain life.DRAIN_LIFE_BARRIER_MANA_CYCLE was corrected from null to its default, 1. 
[14Jul2025 20:09:56.888] [Server thread/WARN] [net.minecraftforge.common.ForgeConfigSpec/CORE]: Incorrect key boundary.drain life.DRAIN_LIFE_BARRIER_RADIUS was corrected from null to its default, 10. 
[14Jul2025 20:09:56.888] [Server thread/WARN] [net.minecraftforge.common.ForgeConfigSpec/CORE]: Incorrect key boundary.drain life.DRAIN_LIFE_BARRIER_CYCLE was corrected from null to its default, 20. 
[14Jul2025 20:09:56.888] [Server thread/WARN] [net.minecraftforge.common.ForgeConfigSpec/CORE]: Incorrect key boundary.drain life.DRAIN_LIFE_IGNORE_HUNGER was corrected from null to its default, false. 
[14Jul2025 20:09:56.889] [Server thread/WARN] [net.minecraftforge.common.ForgeConfigSpec/CORE]: Incorrect key boundary.drain life.DRAIN_LIFE_MANA_REGEN was corrected from null to its default, 1. 
[14Jul2025 20:09:56.889] [Server thread/WARN] [net.minecraftforge.common.ForgeConfigSpec/CORE]: Incorrect key boundary.drain life.DRAIN_LIFE_HEAL_FACTOR was corrected from null to its default, 0.5. 
[14Jul2025 20:09:56.889] [Server thread/WARN] [net.minecraftforge.common.ForgeConfigSpec/CORE]: Incorrect key boundary.drain life.DRAIN_LIFE_DAMAGE was corrected from null to its default, 2.0. 
[14Jul2025 20:09:56.889] [Server thread/WARN] [net.minecraftforge.common.ForgeConfigSpec/CORE]: Incorrect key boundary.drain life.DRAIN_LIFE_PUNISH_RESIST was corrected from null to its default, 1.8. 
[14Jul2025 20:09:56.889] [Server thread/WARN] [net.minecraftforge.common.ForgeConfigSpec/CORE]: Incorrect key boundary.drain life.DRAIN_LIFE_ENTITY_BLACKLIST was corrected from null to its default, []. 
[14Jul2025 20:09:56.889] [Server thread/WARN] [net.minecraftforge.common.ForgeConfigSpec/CORE]: Incorrect key boundary.gravity was corrected from null to its default, SimpleCommentedConfig:{}. 
[14Jul2025 20:09:56.891] [Server thread/WARN] [net.minecraftforge.common.ForgeConfigSpec/CORE]: Incorrect key boundary.gravity.GRAVITY_BARRIER_MANA_COST was corrected from null to its default, 1. 
[14Jul2025 20:09:56.891] [Server thread/WARN] [net.minecraftforge.common.ForgeConfigSpec/CORE]: Incorrect key boundary.gravity.GRAVITY_BARRIER_MANA_CYCLE was corrected from null to its default, 2. 
[14Jul2025 20:09:56.891] [Server thread/WARN] [net.minecraftforge.common.ForgeConfigSpec/CORE]: Incorrect key boundary.gravity.GRAVITY_BARRIER_RADIUS was corrected from null to its default, 10. 
[14Jul2025 20:09:56.891] [Server thread/WARN] [net.minecraftforge.common.ForgeConfigSpec/CORE]: Incorrect key boundary.gravity.GRAVITY_BARRIER_CYCLE was corrected from null to its default, 1. 
[14Jul2025 20:09:56.891] [Server thread/WARN] [net.minecraftforge.common.ForgeConfigSpec/CORE]: Incorrect key boundary.gravity.GRAVITY_BARRIER_FACTOR was corrected from null to its default, 1.4. 
[14Jul2025 20:09:56.891] [Server thread/WARN] [net.minecraftforge.common.ForgeConfigSpec/CORE]: Incorrect key boundary.gravity.GRAVITY_BARRIER_MAX was corrected from null to its default, 5.0E7. 
[14Jul2025 20:09:56.892] [Server thread/WARN] [net.minecraftforge.common.ForgeConfigSpec/CORE]: Incorrect key boundary.enclosure was corrected from null to its default, SimpleCommentedConfig:{}. 
[14Jul2025 20:09:56.892] [Server thread/WARN] [net.minecraftforge.common.ForgeConfigSpec/CORE]: Incorrect key boundary.enclosure.ENCLOSURE_BARRIER_MANA_COST was corrected from null to its default, 20. 
[14Jul2025 20:09:56.892] [Server thread/WARN] [net.minecraftforge.common.ForgeConfigSpec/CORE]: Incorrect key boundary.enclosure.ENCLOSURE_BARRIER_CYCLE was corrected from null to its default, 20. 
[14Jul2025 20:09:56.892] [Server thread/WARN] [net.minecraftforge.common.ForgeConfigSpec/CORE]: Incorrect key boundary.enclosure.ENCLOSURE_BARRIER_RADIUS was corrected from null to its default, 5. 
[14Jul2025 20:09:56.892] [Server thread/WARN] [net.minecraftforge.common.ForgeConfigSpec/CORE]: Incorrect key boundary.tangible was corrected from null to its default, SimpleCommentedConfig:{}. 
[14Jul2025 20:09:56.892] [Server thread/WARN] [net.minecraftforge.common.ForgeConfigSpec/CORE]: Incorrect key boundary.tangible.TANGIBLE_BARRIER_MANA_COST was corrected from null to its default, 1. 
[14Jul2025 20:09:56.892] [Server thread/WARN] [net.minecraftforge.common.ForgeConfigSpec/CORE]: Incorrect key boundary.tangible.TANGIBLE_BARRIER_MANA_CYCLE was corrected from null to its default, 3. 
[14Jul2025 20:09:56.892] [Server thread/WARN] [net.minecraftforge.common.ForgeConfigSpec/CORE]: Incorrect key boundary.tangible.TANGIBLE_BARRIER_RADIUS was corrected from null to its default, 10. 
[14Jul2025 20:09:56.893] [Server thread/WARN] [net.minecraftforge.common.ForgeConfigSpec/CORE]: Incorrect key boundary.tangible.TANGIBLE_BARRIER_CYCLE was corrected from null to its default, 20. 
[14Jul2025 20:09:56.893] [Server thread/WARN] [net.minecraftforge.common.ForgeConfigSpec/CORE]: Incorrect key displacement was corrected from null to its default, SimpleCommentedConfig:{}. 
[14Jul2025 20:09:56.893] [Server thread/WARN] [net.minecraftforge.common.ForgeConfigSpec/CORE]: Incorrect key displacement.ascension was corrected from null to its default, SimpleCommentedConfig:{}. 
[14Jul2025 20:09:56.893] [Server thread/WARN] [net.minecraftforge.common.ForgeConfigSpec/CORE]: Incorrect key displacement.ascension.ASCENSION_BLOCK_CYCLE was corrected from null to its default, 4. 
[14Jul2025 20:09:56.893] [Server thread/WARN] [net.minecraftforge.common.ForgeConfigSpec/CORE]: Incorrect key displacement.ascension.ASCENSION_SCROLL_MANA_COST was corrected from null to its default, 30. 
[14Jul2025 20:09:56.893] [Server thread/WARN] [net.minecraftforge.common.ForgeConfigSpec/CORE]: Incorrect key displacement.equivalent was corrected from null to its default, SimpleCommentedConfig:{}. 
[14Jul2025 20:09:56.894] [Server thread/WARN] [net.minecraftforge.common.ForgeConfigSpec/CORE]: Incorrect key displacement.equivalent.EQUIVALENT_DISPLACEMENT_BLOCK_CYCLE was corrected from null to its default, 4. 
[14Jul2025 20:09:56.894] [Server thread/WARN] [net.minecraftforge.common.ForgeConfigSpec/CORE]: Incorrect key displacement.equivalent.EQUIVALENT_DISPLACEMENT_RECEIVE_COOLDOWN was corrected from null to its default, 15. 
[14Jul2025 20:09:56.894] [Server thread/WARN] [net.minecraftforge.common.ForgeConfigSpec/CORE]: Incorrect key displacement.equivalent.EQUIVALENT_DISPLACEMENT_MANA_COST was corrected from null to its default, 60. 
[14Jul2025 20:09:56.895] [Server thread/WARN] [net.minecraftforge.common.ForgeConfigSpec/CORE]: Incorrect key displacement.equivalent.EQUIVALENT_DISPLACEMENT_MAX_DISTANCE was corrected from null to its default, -1.0. 
[14Jul2025 20:09:56.895] [Server thread/WARN] [net.minecraftforge.common.ForgeConfigSpec/CORE]: Incorrect key displacement.equivalent.EQUIVALENT_DISPLACEMENT_DIMENSIONAL_TRAVEL was corrected from null to its default, true. 
[14Jul2025 20:09:56.895] [Server thread/WARN] [net.minecraftforge.common.ForgeConfigSpec/CORE]: Incorrect key displacement.mental was corrected from null to its default, SimpleCommentedConfig:{}. 
[14Jul2025 20:09:56.895] [Server thread/WARN] [net.minecraftforge.common.ForgeConfigSpec/CORE]: Incorrect key displacement.mental.MENTAL_DISPLACEMENT_MANA_COST was corrected from null to its default, 300. 
[14Jul2025 20:09:56.897] [Server thread/WARN] [net.minecraftforge.common.ForgeConfigSpec/CORE]: Incorrect key displacement.mental.MENTAL_DISPLACEMENT_RANGE was corrected from null to its default, 20. 
[14Jul2025 20:09:56.897] [Server thread/WARN] [net.minecraftforge.common.ForgeConfigSpec/CORE]: Incorrect key displacement.projectile was corrected from null to its default, SimpleCommentedConfig:{}. 
[14Jul2025 20:09:56.897] [Server thread/WARN] [net.minecraftforge.common.ForgeConfigSpec/CORE]: Incorrect key displacement.projectile.PROJECTILE_DISPLACEMENT_MANA_COST was corrected from null to its default, 50. 
[14Jul2025 20:09:56.897] [Server thread/WARN] [net.minecraftforge.common.ForgeConfigSpec/CORE]: Incorrect key displacement.ordered was corrected from null to its default, SimpleCommentedConfig:{}. 
[14Jul2025 20:09:56.897] [Server thread/WARN] [net.minecraftforge.common.ForgeConfigSpec/CORE]: Incorrect key displacement.ordered.ORDERED_DISPLACEMENT_BLOCK_CYCLE was corrected from null to its default, 4. 
[14Jul2025 20:09:56.897] [Server thread/WARN] [net.minecraftforge.common.ForgeConfigSpec/CORE]: Incorrect key displacement.ordered.ORDERED_DISPLACEMENT_RECEIVE_COOLDOWN was corrected from null to its default, 15. 
[14Jul2025 20:09:56.898] [Server thread/WARN] [net.minecraftforge.common.ForgeConfigSpec/CORE]: Incorrect key displacement.ordered.ORDERED_DISPLACEMENT_MANA_COST was corrected from null to its default, 40. 
[14Jul2025 20:09:56.898] [Server thread/WARN] [net.minecraftforge.common.ForgeConfigSpec/CORE]: Incorrect key displacement.ordered.ORDERED_DISPLACEMENT_RADIUS was corrected from null to its default, 20. 
[14Jul2025 20:09:56.898] [Server thread/WARN] [net.minecraftforge.common.ForgeConfigSpec/CORE]: Incorrect key displacement.protective was corrected from null to its default, SimpleCommentedConfig:{}. 
[14Jul2025 20:09:56.898] [Server thread/WARN] [net.minecraftforge.common.ForgeConfigSpec/CORE]: Incorrect key displacement.protective.PROTECTIVE_DISPLACEMENT_MANA_COST was corrected from null to its default, 50. 
[14Jul2025 20:09:56.898] [Server thread/WARN] [net.minecraftforge.common.ForgeConfigSpec/CORE]: Incorrect key displacement.scrying was corrected from null to its default, SimpleCommentedConfig:{}. 
[14Jul2025 20:09:56.898] [Server thread/WARN] [net.minecraftforge.common.ForgeConfigSpec/CORE]: Incorrect key displacement.scrying.SCRYING_MANA_COST was corrected from null to its default, 50. 
[14Jul2025 20:09:56.898] [Server thread/WARN] [net.minecraftforge.common.ForgeConfigSpec/CORE]: Incorrect key displacement.scrying.SCRYING_DURATION was corrected from null to its default, 1200. 
[14Jul2025 20:09:56.898] [Server thread/WARN] [net.minecraftforge.common.ForgeConfigSpec/CORE]: Incorrect key displacement.scrying.SCRYING_BLOCK_CYCLE was corrected from null to its default, 4. 
[14Jul2025 20:09:56.899] [Server thread/WARN] [net.minecraftforge.common.ForgeConfigSpec/CORE]: Incorrect key displacement.scrying.SCRY_NON_PLAYERS was corrected from null to its default, true. 
[14Jul2025 20:09:56.899] [Server thread/WARN] [net.minecraftforge.common.ForgeConfigSpec/CORE]: Incorrect key projection was corrected from null to its default, SimpleCommentedConfig:{}. 
[14Jul2025 20:09:56.899] [Server thread/WARN] [net.minecraftforge.common.ForgeConfigSpec/CORE]: Incorrect key projection.weapon projectile was corrected from null to its default, SimpleCommentedConfig:{}. 
[14Jul2025 20:09:56.899] [Server thread/WARN] [net.minecraftforge.common.ForgeConfigSpec/CORE]: Incorrect key projection.weapon projectile.WEAPON_SHOOTER_MANA_COST was corrected from null to its default, 100. 
[14Jul2025 20:09:56.899] [Server thread/WARN] [net.minecraftforge.common.ForgeConfigSpec/CORE]: Incorrect key projection.weapon projectile.WEAPON_SHOOTER_PROJECTILE_SPEED was corrected from null to its default, 3.0. 
[14Jul2025 20:09:56.899] [Server thread/WARN] [net.minecraftforge.common.ForgeConfigSpec/CORE]: Incorrect key projection.weapon projectile.WEAPON_SHOOTER_DAMAGE_MULTIPLIER was corrected from null to its default, 1.0. 
[14Jul2025 20:09:56.899] [Server thread/WARN] [net.minecraftforge.common.ForgeConfigSpec/CORE]: Incorrect key projection.weapon projectile.WEAPON_SHOOTER_DURABILITY was corrected from null to its default, 30. 
[14Jul2025 20:09:56.900] [Server thread/WARN] [net.minecraftforge.common.ForgeConfigSpec/CORE]: Incorrect key projection.treasury was corrected from null to its default, SimpleCommentedConfig:{}. 
[14Jul2025 20:09:56.900] [Server thread/WARN] [net.minecraftforge.common.ForgeConfigSpec/CORE]: Incorrect key projection.treasury.TREASURY_PROJECTION_SCROLL_MANA_COST was corrected from null to its default, 1000. 
[14Jul2025 20:09:56.900] [Server thread/WARN] [net.minecraftforge.common.ForgeConfigSpec/CORE]: Incorrect key projection.treasury.TREASURY_PROJECTION_GAUNTLET_MANA_COST was corrected from null to its default, 120. 
[14Jul2025 20:09:56.900] [Server thread/WARN] [net.minecraftforge.common.ForgeConfigSpec/CORE]: Incorrect key projection.treasury.TREASURY_PROJECTION_COOLDOWN was corrected from null to its default, 10. 
[14Jul2025 20:09:56.901] [Server thread/WARN] [net.minecraftforge.common.ForgeConfigSpec/CORE]: Incorrect key projection.treasury.TREASURY_PROJECTION_CHAINS_MANA_COST was corrected from null to its default, 120. 
[14Jul2025 20:09:56.901] [Server thread/WARN] [net.minecraftforge.common.ForgeConfigSpec/CORE]: Incorrect key projection.treasury.TREASURY_PROJECTION_CHAINS_COOLDOWN was corrected from null to its default, 10. 
[14Jul2025 20:09:56.901] [Server thread/WARN] [net.minecraftforge.common.ForgeConfigSpec/CORE]: Incorrect key projection.treasury.TREASURY_PROJECTION_CHAINS_COUNT was corrected from null to its default, 16. 
[14Jul2025 20:09:56.901] [Server thread/WARN] [net.minecraftforge.common.ForgeConfigSpec/CORE]: Incorrect key projection.treasury.TREASURY_PROJECTION_CHAINS_DAMAGE was corrected from null to its default, 1.0. 
[14Jul2025 20:09:56.902] [Server thread/WARN] [net.minecraftforge.common.ForgeConfigSpec/CORE]: Incorrect key projection.treasury.TREASURY_PROJECTION_AOE_MANA_COST was corrected from null to its default, 120. 
[14Jul2025 20:09:56.902] [Server thread/WARN] [net.minecraftforge.common.ForgeConfigSpec/CORE]: Incorrect key projection.treasury.TREASURY_PROJECTION_AOE_COOLDOWN was corrected from null to its default, 4. 
[14Jul2025 20:09:56.902] [Server thread/WARN] [net.minecraftforge.common.ForgeConfigSpec/CORE]: Incorrect key projection.treasury.TREASURY_PROJECTION_DISTANCE was corrected from null to its default, 20. 
[14Jul2025 20:09:56.902] [Server thread/WARN] [net.minecraftforge.common.ForgeConfigSpec/CORE]: Incorrect key projection.treasury.TREASURY_PROJECTION_MIN_DISTANCE was corrected from null to its default, 8. 
[14Jul2025 20:09:56.902] [Server thread/WARN] [net.minecraftforge.common.ForgeConfigSpec/CORE]: Incorrect key projection.treasury.TREASURY_PROJECTION_SPEED was corrected from null to its default, 30.0. 
[14Jul2025 20:09:56.902] [Server thread/WARN] [net.minecraftforge.common.ForgeConfigSpec/CORE]: Incorrect key projection.treasury.TREASURY_PROJECTION_ALLOW_ALL was corrected from null to its default, false. 
[14Jul2025 20:09:56.902] [Server thread/WARN] [net.minecraftforge.common.ForgeConfigSpec/CORE]: Incorrect key projection.treasury.TREASURY_PROJECTION_DENY_ALL was corrected from null to its default, false. 
[14Jul2025 20:09:56.902] [Server thread/WARN] [net.minecraftforge.common.ForgeConfigSpec/CORE]: Incorrect key projection.treasury.TREASURY_PROJECTION_WHITELIST was corrected from null to its default, []. 
[14Jul2025 20:09:56.903] [Server thread/WARN] [net.minecraftforge.common.ForgeConfigSpec/CORE]: Incorrect key projection.treasury.TREASURY_PROJECTION_BLACKLIST was corrected from null to its default, []. 
[14Jul2025 20:09:56.903] [Server thread/WARN] [net.minecraftforge.common.ForgeConfigSpec/CORE]: Incorrect key projection.treasury.TREASURY_PROJECTION_SPEED_INCREASE_PER_SWORD was corrected from null to its default, 1.0. 
[14Jul2025 20:09:56.903] [Server thread/WARN] [net.minecraftforge.common.ForgeConfigSpec/CORE]: Incorrect key projection.treasury.TREASURY_PROJECTION_SPEED_MIN was corrected from null to its default, 10.0. 
[14Jul2025 20:09:56.903] [Server thread/WARN] [net.minecraftforge.common.ForgeConfigSpec/CORE]: Incorrect key projection.treasury.TREASURY_PROJECTION_COOLDOWN_INCREASE_PER_SWORD was corrected from null to its default, 1.0. 
[14Jul2025 20:09:56.903] [Server thread/WARN] [net.minecraftforge.common.ForgeConfigSpec/CORE]: Incorrect key projection.treasury.TREASURY_PROJECTION_COOLDOWN_MIN was corrected from null to its default, 3.0. 
[14Jul2025 20:09:56.903] [Server thread/WARN] [net.minecraftforge.common.ForgeConfigSpec/CORE]: Incorrect key projection.treasury.TREASURY_PROJECTION_AOE_MAX_SPAWNS was corrected from null to its default, 3.0. 
[14Jul2025 20:09:56.904] [Server thread/WARN] [net.minecraftforge.common.ForgeConfigSpec/CORE]: Incorrect key projection.treasury.TREASURY_PROJECTION_AOE_SWORDS_PER_SPAWN was corrected from null to its default, 5.0. 
[14Jul2025 20:09:56.904] [Server thread/WARN] [net.minecraftforge.common.ForgeConfigSpec/CORE]: Incorrect key projection.treasury.TREASURY_PROJECTION_INCREASE_REQUIRES_UNIQUE was corrected from null to its default, true. 
[14Jul2025 20:09:56.904] [Server thread/WARN] [net.minecraftforge.common.ForgeConfigSpec/CORE]: Incorrect key projection.treasury.TREASURY_PROJECTION_ENDER_CHEST_ONLY was corrected from null to its default, false. 
[14Jul2025 20:09:56.904] [Server thread/WARN] [net.minecraftforge.common.ForgeConfigSpec/CORE]: Incorrect key projection.treasury.TREASURY_PROJECTION_DESPAWN_AFTER_LAND was corrected from null to its default, false. 
[14Jul2025 20:09:56.904] [Server thread/WARN] [net.minecraftforge.common.ForgeConfigSpec/CORE]: Incorrect key projection.strengthening was corrected from null to its default, SimpleCommentedConfig:{}. 
[14Jul2025 20:09:56.904] [Server thread/WARN] [net.minecraftforge.common.ForgeConfigSpec/CORE]: Incorrect key projection.strengthening.STRENGTHENING_MANA_COST was corrected from null to its default, 50. 
[14Jul2025 20:09:56.905] [Server thread/WARN] [net.minecraftforge.common.ForgeConfigSpec/CORE]: Incorrect key projection.strengthening.STRENGTHENING_ITEM_SPAWN_BLACKLIST was corrected from null to its default, []. 
[14Jul2025 20:09:56.905] [Server thread/WARN] [net.minecraftforge.common.ForgeConfigSpec/CORE]: Incorrect key projection.strengthening.STRENGTHENING_ITEM_BLACKLIST was corrected from null to its default, []. 
[14Jul2025 20:09:56.905] [Server thread/WARN] [net.minecraftforge.common.ForgeConfigSpec/CORE]: Incorrect key projection.strengthening.STRENGTHENING_CAP was corrected from null to its default, 50. 
[14Jul2025 20:09:56.905] [Server thread/WARN] [net.minecraftforge.common.ForgeConfigSpec/CORE]: Incorrect key projection.reality marble was corrected from null to its default, SimpleCommentedConfig:{}. 
[14Jul2025 20:09:56.905] [Server thread/WARN] [net.minecraftforge.common.ForgeConfigSpec/CORE]: Incorrect key projection.reality marble.MARBLE_MANA_COST was corrected from null to its default, 4000. 
[14Jul2025 20:09:56.905] [Server thread/WARN] [net.minecraftforge.common.ForgeConfigSpec/CORE]: Incorrect key projection.reality marble.MARBLE_DIMENSION was corrected from null to its default, -1. 
[14Jul2025 20:09:56.905] [Server thread/WARN] [net.minecraftforge.common.ForgeConfigSpec/CORE]: Incorrect key projection.reality marble.MARBLE_DIMENSION_DURABILITY was corrected from null to its default, 3. 
[14Jul2025 20:09:56.905] [Server thread/WARN] [net.minecraftforge.common.ForgeConfigSpec/CORE]: Incorrect key projection.reality marble.MARBLE_DIMENSION_SPAWN_RATE was corrected from null to its default, 13. 
[14Jul2025 20:09:56.906] [Server thread/WARN] [net.minecraftforge.common.ForgeConfigSpec/CORE]: Incorrect key projection.reality marble.MARBLE_DIMENSION_SPAWN_CHANCE was corrected from null to its default, 0.8. 
[14Jul2025 20:09:56.906] [Server thread/WARN] [net.minecraftforge.common.ForgeConfigSpec/CORE]: Incorrect key projection.reality marble.MARBLE_SWORD_SPAWN_LIST was corrected from null to its default, [minecraft:iron_sword, minecraft:diamond_sword, minecraft:stone_sword]. 
[14Jul2025 20:09:56.906] [Server thread/WARN] [net.minecraftforge.common.ForgeConfigSpec/CORE]: Incorrect key projection.reality marble.MARBLE_MOB_BLACKLIST was corrected from null to its default, []. 
[14Jul2025 20:09:56.906] [Server thread/WARN] [net.minecraftforge.common.ForgeConfigSpec/CORE]: Incorrect key projection.proximity was corrected from null to its default, SimpleCommentedConfig:{}. 
[14Jul2025 20:09:56.906] [Server thread/WARN] [net.minecraftforge.common.ForgeConfigSpec/CORE]: Incorrect key projection.proximity.PROXIMITY_PROJECTION_MANA_COST was corrected from null to its default, 160. 
[14Jul2025 20:09:56.906] [Server thread/WARN] [net.minecraftforge.common.ForgeConfigSpec/CORE]: Incorrect key projection.proximity.PROXIMITY_PROJECTION_DURABILITY was corrected from null to its default, 30. 
[14Jul2025 20:09:56.906] [Server thread/WARN] [net.minecraftforge.common.ForgeConfigSpec/CORE]: Incorrect key projection.projection was corrected from null to its default, SimpleCommentedConfig:{}. 
[14Jul2025 20:09:56.906] [Server thread/WARN] [net.minecraftforge.common.ForgeConfigSpec/CORE]: Incorrect key projection.projection.PROJECTION_MANA_COST was corrected from null to its default, 1000. 
[14Jul2025 20:09:56.906] [Server thread/WARN] [net.minecraftforge.common.ForgeConfigSpec/CORE]: Incorrect key projection.projection.PROJECTION_BLACKLIST was corrected from null to its default, []. 
[14Jul2025 20:09:56.907] [Server thread/WARN] [net.minecraftforge.common.ForgeConfigSpec/CORE]: Incorrect key projection.projection.PROJECTION_IS_BLACKLIST was corrected from null to its default, true. 
[14Jul2025 20:09:56.907] [Server thread/WARN] [net.minecraftforge.common.ForgeConfigSpec/CORE]: Incorrect key projection.projection.PROJECTION_ENCHANTMENT_BLACKLIST was corrected from null to its default, []. 
[14Jul2025 20:09:56.907] [Server thread/WARN] [net.minecraftforge.common.ForgeConfigSpec/CORE]: Incorrect key projection.projection.PROJECTION_DURABILITY_FACTOR was corrected from null to its default, 5. 
[14Jul2025 20:09:56.907] [Server thread/WARN] [net.minecraftforge.common.ForgeConfigSpec/CORE]: Incorrect key projection.projection.PROJECTION_DURABILITY_FLAT was corrected from null to its default, true. 
[14Jul2025 20:09:56.907] [Server thread/WARN] [net.minecraftforge.common.ForgeConfigSpec/CORE]: Incorrect key projection.projection.PROJECTION_ANVIL_CANCEL was corrected from null to its default, false. 
[14Jul2025 20:09:56.908] [Server thread/WARN] [net.minecraftforge.common.ForgeConfigSpec/CORE]: Incorrect key projection.projection.PROJECTION_EXPLICIT_WHITELIST was corrected from null to its default, []. 
[14Jul2025 20:09:56.908] [Server thread/WARN] [net.minecraftforge.common.ForgeConfigSpec/CORE]: Incorrect key projection.power consolidation was corrected from null to its default, SimpleCommentedConfig:{}. 
[14Jul2025 20:09:56.909] [Server thread/WARN] [net.minecraftforge.common.ForgeConfigSpec/CORE]: Incorrect key projection.power consolidation.POWER_CONSOLIDATION_SWORD_MANA_COST was corrected from null to its default, 5000. 
[14Jul2025 20:09:56.910] [Server thread/WARN] [net.minecraftforge.common.ForgeConfigSpec/CORE]: Incorrect key projection.power consolidation.POWER_CONSOLIDATION_LAKE_MANA_COST was corrected from null to its default, 30. 
[14Jul2025 20:09:56.910] [Server thread/WARN] [net.minecraftforge.common.ForgeConfigSpec/CORE]: Incorrect key projection.power consolidation.POWER_CONSOLIDATION_LAKE_CYCLE was corrected from null to its default, 20. 
[14Jul2025 20:09:56.911] [Server thread/WARN] [net.minecraftforge.common.ForgeConfigSpec/CORE]: Incorrect key projection.power consolidation.POWER_CONSOLIDATION_LAKE_RADIUS was corrected from null to its default, 12. 
[14Jul2025 20:09:56.911] [Server thread/WARN] [net.minecraftforge.common.ForgeConfigSpec/CORE]: Incorrect key projection.power consolidation.POWER_CONSOLIDATION_LAKE_THRESHHOLD was corrected from null to its default, 150. 
[14Jul2025 20:09:56.911] [Server thread/WARN] [net.minecraftforge.common.ForgeConfigSpec/CORE]: Incorrect key projection.power consolidation.POWER_CONSOLIDATION_NERF_FACTOR was corrected from null to its default, 0.6. 
[14Jul2025 20:09:56.911] [Server thread/WARN] [net.minecraftforge.common.ForgeConfigSpec/CORE]: Incorrect key projection.power consolidation.POWER_CONSOLIDATION_FOG_RADIUS was corrected from null to its default, 8.0. 
[14Jul2025 20:09:56.912] [Server thread/WARN] [net.minecraftforge.common.ForgeConfigSpec/CORE]: Incorrect key projection.power consolidation.POWER_CONSOLIDATION_PULL_RADIUS was corrected from null to its default, 20. 
[14Jul2025 20:09:56.912] [Server thread/WARN] [net.minecraftforge.common.ForgeConfigSpec/CORE]: Incorrect key projection.power consolidation.POWER_CONSOLIDATION_SMITE_RADIUS was corrected from null to its default, 10. 
[14Jul2025 20:09:56.912] [Server thread/WARN] [net.minecraftforge.common.ForgeConfigSpec/CORE]: Incorrect key projection.power consolidation.POWER_CONSOLIDATION_DURABILITY was corrected from null to its default, 1000. 
[14Jul2025 20:09:56.912] [Server thread/WARN] [net.minecraftforge.common.ForgeConfigSpec/CORE]: Incorrect key projection.power consolidation.POWER_CONSOLIDATION_FEAR_RADIUS was corrected from null to its default, 15. 
[14Jul2025 20:09:56.912] [Server thread/WARN] [net.minecraftforge.common.ForgeConfigSpec/CORE]: Incorrect key projection.power consolidation.POWER_CONSOLIDATION_SWEEP_RADIUS was corrected from null to its default, 6. 
[14Jul2025 20:09:56.912] [Server thread/WARN] [net.minecraftforge.common.ForgeConfigSpec/CORE]: Incorrect key projection.power consolidation.POWER_CONSOLIDATION_ATTACK_CAP was corrected from null to its default, 5000000. 
[14Jul2025 20:09:56.912] [Server thread/WARN] [net.minecraftforge.common.ForgeConfigSpec/CORE]: Incorrect key projection.power consolidation.POWER_CONSOLIDATION_SWEEP_LOOK_RADIUS was corrected from null to its default, 3. 
[14Jul2025 20:09:56.912] [Server thread/WARN] [net.minecraftforge.common.ForgeConfigSpec/CORE]: Incorrect key projection.power consolidation.CALIBURN_FUN_REQUIRED was corrected from null to its default, false. 
[14Jul2025 20:09:56.912] [Server thread/WARN] [net.minecraftforge.common.ForgeConfigSpec/CORE]: Incorrect key projection.power consolidation.CALIBURN_MANDATORY_FUN_REQUIREMENTS was corrected from null to its default, [EMRYS_HIT_PHANTOM, SHOOT_A_SWORD, SPATIAL_THROW_SOMETHING, BORROWED_AUTHORITY_PUNCH, BUTTERFLY_FUTURE_BLOCK_REMOVE, GEAS_PICKUP_CANCEL, CREEPER_BINDING_EYES, CREEPER_POSSESSION, SWAP_TWO_THINGS]. 
[14Jul2025 20:09:56.912] [Server thread/WARN] [net.minecraftforge.common.ForgeConfigSpec/CORE]: Incorrect key projection.power consolidation.POWER_CONSOLIDATION_BLACKLIST was corrected from null to its default, [mahoutsukai:clarent, mahoutsukai:morgan]. 
[14Jul2025 20:09:56.912] [Server thread/WARN] [net.minecraftforge.common.ForgeConfigSpec/CORE]: Incorrect key projection.power consolidation.POWER_CONSOLIDATION_CALIBURN_BLACKLIST_TOGGLE was corrected from null to its default, true. 
[14Jul2025 20:09:56.913] [Server thread/WARN] [net.minecraftforge.common.ForgeConfigSpec/CORE]: Incorrect key projection.power consolidation.POWER_CONSOLIDATION_RETRO_FOG_FIX was corrected from null to its default, false. 
[14Jul2025 20:09:56.913] [Server thread/WARN] [net.minecraftforge.common.ForgeConfigSpec/CORE]: Incorrect key projection.power consolidation.POWER_CONSOLIDATION_PROJECTIONS_ALLOWED was corrected from null to its default, false. 
[14Jul2025 20:09:56.913] [Server thread/WARN] [net.minecraftforge.common.ForgeConfigSpec/CORE]: Incorrect key projection.power consolidation.POWER_CONSOLIDATION_FEAR_BLACKLIST was corrected from null to its default, []. 
[14Jul2025 20:09:56.913] [Server thread/WARN] [net.minecraftforge.common.ForgeConfigSpec/CORE]: Incorrect key projection.power consolidation.POWER_CONSOLIDATION_ENCHANT_BLACKLIST was corrected from null to its default, [minecraft:mending]. 
[14Jul2025 20:09:56.913] [Server thread/WARN] [net.minecraftforge.common.ForgeConfigSpec/CORE]: Incorrect key projection.power consolidation.POWER_CONSOLIDATION_TIERS was corrected from null to its default, [100.0, 150.0, 200.0, 250.0, 300.0, 350.0, 400.0, 500.0, 600.0, 700.0, 800.0, 950.0, 1100.0, 1251.0, 1452.0, 1653.0, 1904.0, 2155.0, 2457.0, 2809.0, 3211.0, 3664.0, 4167.0, 4721.0, 5325.0, 6030.0, 6836.0, 7742.0, 8749.0, 9857.0, 11116.0, 12528.0, 14141.0, 15956.0, 17972.0, 20240.0, 22812.0, 25736.0, 29013.0, 32694.0, 36829.0, 41518.0, 46763.0, 52663.0, 59320.0, 66834.0, 75306.0, 84838.0, 95580.0, 107634.0, 121251.0, 136584.0, 153833.0, 173251.0, 195141.0, 219755.0, 247495.0, 278716.0, 313871.0, 353465.0, 398053.0, 448290.0, 504832.0, 568536.0, 640260.0, 721014.0, 811957.0, 914349.0, 1029654.0, 1159535.0, 1305759.0, 1470444.0, 1655911.0, 1864731.0, 2099881.0, 2364689.0, 2662889.0, 2998717.0, 3376864.0, 3802727.0, 4282259.0, 4822269.0, 5000000.0]. 
[14Jul2025 20:09:56.913] [Server thread/WARN] [net.minecraftforge.common.ForgeConfigSpec/CORE]: Incorrect key projection.power consolidation.POWER_CONSOLIDATION_TIER_UPGRADE_ITEM was corrected from null to its default, [minecraft:nether_star]. 
[14Jul2025 20:09:56.913] [Server thread/WARN] [net.minecraftforge.common.ForgeConfigSpec/CORE]: Incorrect key projection.power consolidation.UNHOLY_WORDS was corrected from null to its default, [zomb, vampir, demon, devil, skele, lich, evil, curse, undead, wither]. 
[14Jul2025 20:09:56.914] [Server thread/WARN] [net.minecraftforge.common.ForgeConfigSpec/CORE]: Incorrect key projection.rhongomyniad was corrected from null to its default, SimpleCommentedConfig:{}. 
[14Jul2025 20:09:56.914] [Server thread/WARN] [net.minecraftforge.common.ForgeConfigSpec/CORE]: Incorrect key projection.rhongomyniad.RHONGOMYNIAD_NERF_FACTOR was corrected from null to its default, 0.6. 
[14Jul2025 20:09:56.914] [Server thread/WARN] [net.minecraftforge.common.ForgeConfigSpec/CORE]: Incorrect key projection.rhongomyniad.RHONGOMYNIAD_SPEED_FACTOR was corrected from null to its default, 1.4. 
[14Jul2025 20:09:56.914] [Server thread/WARN] [net.minecraftforge.common.ForgeConfigSpec/CORE]: Incorrect key projection.rhongomyniad.RHONGOMYNIAD_MANA_COST was corrected from null to its default, 300. 
[14Jul2025 20:09:56.914] [Server thread/WARN] [net.minecraftforge.common.ForgeConfigSpec/CORE]: Incorrect key projection.rhongomyniad.RHONGOMYNIAD_MAX_SMITES was corrected from null to its default, 10. 
[14Jul2025 20:09:56.914] [Server thread/WARN] [net.minecraftforge.common.ForgeConfigSpec/CORE]: Incorrect key projection.rhongomyniad.RHONGOMYNIAD_RANGE was corrected from null to its default, 20. 
[14Jul2025 20:09:56.914] [Server thread/WARN] [net.minecraftforge.common.ForgeConfigSpec/CORE]: Incorrect key projection.rhongomyniad.RHONGOMYNIAD_RESPECT_IMMUNE was corrected from null to its default, false. 
[14Jul2025 20:09:56.914] [Server thread/WARN] [net.minecraftforge.common.ForgeConfigSpec/CORE]: Incorrect key projection.clarent was corrected from null to its default, SimpleCommentedConfig:{}. 
[14Jul2025 20:09:56.915] [Server thread/WARN] [net.minecraftforge.common.ForgeConfigSpec/CORE]: Incorrect key projection.clarent.CLARENT_UNBREAKABLE was corrected from null to its default, true. 
[14Jul2025 20:09:56.915] [Server thread/WARN] [net.minecraftforge.common.ForgeConfigSpec/CORE]: Incorrect key projection.clarent.CLARENT_DURABILITY was corrected from null to its default, 1500. 
[14Jul2025 20:09:56.915] [Server thread/WARN] [net.minecraftforge.common.ForgeConfigSpec/CORE]: Incorrect key projection.clarent.CLARENT_WOUND_TICKS was corrected from null to its default, 600. 
[14Jul2025 20:09:56.915] [Server thread/WARN] [net.minecraftforge.common.ForgeConfigSpec/CORE]: Incorrect key projection.clarent.CLARENT_WOUND_DAMAGE was corrected from null to its default, 0.2. 
[14Jul2025 20:09:56.915] [Server thread/WARN] [net.minecraftforge.common.ForgeConfigSpec/CORE]: Incorrect key projection.clarent.CLARENT_DECREASE_PER_BLOCKING_TICK was corrected from null to its default, 0.02. 
[14Jul2025 20:09:56.915] [Server thread/WARN] [net.minecraftforge.common.ForgeConfigSpec/CORE]: Incorrect key projection.clarent.CLARENT_WOUND_DAMAGE_HITS was corrected from null to its default, 3. 
[14Jul2025 20:09:56.915] [Server thread/WARN] [net.minecraftforge.common.ForgeConfigSpec/CORE]: Incorrect key projection.clarent.CLARENT_SWORD_BLACKLIST was corrected from null to its default, [mahoutsukai:caliburn, mahoutsukai:morgan]. 
[14Jul2025 20:09:56.915] [Server thread/WARN] [net.minecraftforge.common.ForgeConfigSpec/CORE]: Incorrect key projection.clarent.CLARENT_ATTACK_CAP was corrected from null to its default, 500000. 
[14Jul2025 20:09:56.915] [Server thread/WARN] [net.minecraftforge.common.ForgeConfigSpec/CORE]: Incorrect key projection.clarent.CLARENT_STORED_FACTOR was corrected from null to its default, 0.5. 
[14Jul2025 20:09:56.915] [Server thread/WARN] [net.minecraftforge.common.ForgeConfigSpec/CORE]: Incorrect key projection.clarent.CLARENT_BLACKLIST_TOGGLE was corrected from null to its default, true. 
[14Jul2025 20:09:56.916] [Server thread/WARN] [net.minecraftforge.common.ForgeConfigSpec/CORE]: Incorrect key projection.clarent.CLARENT_MANA_PER_DAMAGE was corrected from null to its default, 0.02. 
[14Jul2025 20:09:56.916] [Server thread/WARN] [net.minecraftforge.common.ForgeConfigSpec/CORE]: Incorrect key projection.emrys was corrected from null to its default, SimpleCommentedConfig:{}. 
[14Jul2025 20:09:56.916] [Server thread/WARN] [net.minecraftforge.common.ForgeConfigSpec/CORE]: Incorrect key projection.emrys.EMRYS_MAX_RANGE was corrected from null to its default, 22. 
[14Jul2025 20:09:56.916] [Server thread/WARN] [net.minecraftforge.common.ForgeConfigSpec/CORE]: Incorrect key projection.emrys.EMRYS_DAMAGE_FOCUSED_PER_SECOND was corrected from null to its default, 4.0. 
[14Jul2025 20:09:56.916] [Server thread/WARN] [net.minecraftforge.common.ForgeConfigSpec/CORE]: Incorrect key projection.emrys.EMRYS_DAMAGE_ZAP was corrected from null to its default, 1.5. 
[14Jul2025 20:09:56.916] [Server thread/WARN] [net.minecraftforge.common.ForgeConfigSpec/CORE]: Incorrect key projection.emrys.EMRYS_BOLT_FIRE was corrected from null to its default, false. 
[14Jul2025 20:09:56.916] [Server thread/WARN] [net.minecraftforge.common.ForgeConfigSpec/CORE]: Incorrect key projection.emrys.EMRYS_MANA_COST_FOCUSED was corrected from null to its default, 200. 
[14Jul2025 20:09:56.916] [Server thread/WARN] [net.minecraftforge.common.ForgeConfigSpec/CORE]: Incorrect key projection.emrys.EMRYS_MANA_COST_PASSIVE was corrected from null to its default, 80. 
[14Jul2025 20:09:56.916] [Server thread/WARN] [net.minecraftforge.common.ForgeConfigSpec/CORE]: Incorrect key projection.emrys.DISABLE_EMRYS was corrected from null to its default, false. 
[14Jul2025 20:09:56.916] [Server thread/WARN] [net.minecraftforge.common.ForgeConfigSpec/CORE]: Incorrect key projection.morgan and caliburn was corrected from null to its default, SimpleCommentedConfig:{}. 
[14Jul2025 20:09:56.917] [Server thread/WARN] [net.minecraftforge.common.ForgeConfigSpec/CORE]: Incorrect key projection.morgan and caliburn.MORGAN_TRANSFORM_ENTITY_WHITELIST was corrected from null to its default, [minecraft:wolf]. 
[14Jul2025 20:09:56.917] [Server thread/WARN] [net.minecraftforge.common.ForgeConfigSpec/CORE]: Incorrect key projection.morgan and caliburn.MORGAN_CHILD_INCREASE was corrected from null to its default, 1.0. 
[14Jul2025 20:09:56.917] [Server thread/WARN] [net.minecraftforge.common.ForgeConfigSpec/CORE]: Incorrect key projection.morgan and caliburn.MORGAN_ADULT_INCREASE was corrected from null to its default, 0.2. 
[14Jul2025 20:09:56.917] [Server thread/WARN] [net.minecraftforge.common.ForgeConfigSpec/CORE]: Incorrect key projection.morgan and caliburn.MORGAN_HEAL_FACTOR was corrected from null to its default, 30. 
[14Jul2025 20:09:56.917] [Server thread/WARN] [net.minecraftforge.common.ForgeConfigSpec/CORE]: Incorrect key projection.morgan and caliburn.MORGAN_CALIBURN_POWER_COOLDOWN was corrected from null to its default, 600. 
[14Jul2025 20:09:56.917] [Server thread/WARN] [net.minecraftforge.common.ForgeConfigSpec/CORE]: Incorrect key projection.morgan and caliburn.MORGAN_RAGE_TIME was corrected from null to its default, 120. 
[14Jul2025 20:09:56.917] [Server thread/WARN] [net.minecraftforge.common.ForgeConfigSpec/CORE]: Incorrect key projection.morgan and caliburn.MORGAN_MAX_BALL_RANGE was corrected from null to its default, 15. 
[14Jul2025 20:09:56.917] [Server thread/WARN] [net.minecraftforge.common.ForgeConfigSpec/CORE]: Incorrect key projection.morgan and caliburn.MORGAN_SPIKE_RANGE was corrected from null to its default, 10. 
[14Jul2025 20:09:56.918] [Server thread/WARN] [net.minecraftforge.common.ForgeConfigSpec/CORE]: Incorrect key projection.morgan and caliburn.MORGAN_UPGRADE_MANA_COST was corrected from null to its default, 400. 
[14Jul2025 20:09:56.918] [Server thread/WARN] [net.minecraftforge.common.ForgeConfigSpec/CORE]: Incorrect key projection.morgan and caliburn.CALIBURN_MORGAN_ABILITY_MANA_COST was corrected from null to its default, 300. 
[14Jul2025 20:09:56.918] [Server thread/WARN] [net.minecraftforge.common.ForgeConfigSpec/CORE]: Incorrect key projection.replica was corrected from null to its default, SimpleCommentedConfig:{}. 
[14Jul2025 20:09:56.918] [Server thread/WARN] [net.minecraftforge.common.ForgeConfigSpec/CORE]: Incorrect key projection.replica.REPLICA_BASE_DAMAGE was corrected from null to its default, 4.0. 
[14Jul2025 20:09:56.918] [Server thread/WARN] [net.minecraftforge.common.ForgeConfigSpec/CORE]: Incorrect key projection.replica.REPLICA_TELEPORT_FRIEND_RANGE was corrected from null to its default, 6.0. 
[14Jul2025 20:09:56.918] [Server thread/WARN] [net.minecraftforge.common.ForgeConfigSpec/CORE]: Incorrect key projection.replica.REPLICA_TELEPORT_MAX_DISTANCE was corrected from null to its default, -1.0. 
[14Jul2025 20:09:56.918] [Server thread/WARN] [net.minecraftforge.common.ForgeConfigSpec/CORE]: Incorrect key projection.replica.REPLICA_TELEPORT_START_TELEPORTING was corrected from null to its default, 110. 
[14Jul2025 20:09:56.918] [Server thread/WARN] [net.minecraftforge.common.ForgeConfigSpec/CORE]: Incorrect key projection.replica.REPLICA_TELEPORT_STOP_TELEPORTING was corrected from null to its default, 120. 
[14Jul2025 20:09:56.918] [Server thread/WARN] [net.minecraftforge.common.ForgeConfigSpec/CORE]: Incorrect key projection.replica.REPLICA_TELEPORT_LIFE was corrected from null to its default, 140. 
[14Jul2025 20:09:56.919] [Server thread/WARN] [net.minecraftforge.common.ForgeConfigSpec/CORE]: Incorrect key projection.replica.REPLICA_TELEPORT_MANA_COST was corrected from null to its default, 300. 
[14Jul2025 20:09:56.919] [Server thread/WARN] [net.minecraftforge.common.ForgeConfigSpec/CORE]: Incorrect key projection.replica.REPLICA_ATTACK_MANA_COST was corrected from null to its default, 30. 
[14Jul2025 20:09:56.919] [Server thread/WARN] [net.minecraftforge.common.ForgeConfigSpec/CORE]: Incorrect key projection.replica.REPLICA_SHOCKWAVE_COOLDOWN was corrected from null to its default, 50. 
[14Jul2025 20:09:56.919] [Server thread/WARN] [net.minecraftforge.common.ForgeConfigSpec/CORE]: Incorrect key projection.replica.REPLICA_ATTACK_RANGE was corrected from null to its default, 8.0. 
[14Jul2025 20:09:56.919] [Server thread/WARN] [net.minecraftforge.common.ForgeConfigSpec/CORE]: Incorrect key projection.replica.REPLICA_TELEPORT_CROSS_DIMENSION was corrected from null to its default, true. 
[14Jul2025 20:09:56.919] [Server thread/WARN] [net.minecraftforge.common.ForgeConfigSpec/CORE]: Incorrect key projection.replica.REPLICA_COVER_MOVE_RANGE was corrected from null to its default, 20.0. 
[14Jul2025 20:09:56.919] [Server thread/WARN] [net.minecraftforge.common.ForgeConfigSpec/CORE]: Incorrect key projection.replica.REPLICA_MAX_DAMAGE was corrected from null to its default, 5000000.0. 
[14Jul2025 20:09:56.919] [Server thread/WARN] [net.minecraftforge.common.ForgeConfigSpec/CORE]: Incorrect key projection.replica.REPLICA_DISABLED was corrected from null to its default, false. 
[14Jul2025 20:09:56.920] [Server thread/WARN] [net.minecraftforge.common.ForgeConfigSpec/CORE]: Incorrect key projection.replica.REPLICA_BANNED_DAMAGE_TYPES was corrected from null to its default, []. 
[14Jul2025 20:09:56.920] [Server thread/WARN] [net.minecraftforge.common.ForgeConfigSpec/CORE]: Incorrect key projection.replica.REPLICA_DURABILITY was corrected from null to its default, 10000. 
[14Jul2025 20:09:56.920] [Server thread/WARN] [net.minecraftforge.common.ForgeConfigSpec/CORE]: Incorrect key projection.replica.REPLICA_IS_UNBREAKABLE was corrected from null to its default, true. 
[14Jul2025 20:09:56.920] [Server thread/WARN] [net.minecraftforge.common.ForgeConfigSpec/CORE]: Incorrect key exchange was corrected from null to its default, SimpleCommentedConfig:{}. 
[14Jul2025 20:09:56.921] [Server thread/WARN] [net.minecraftforge.common.ForgeConfigSpec/CORE]: Incorrect key exchange.alchemical was corrected from null to its default, SimpleCommentedConfig:{}. 
[14Jul2025 20:09:56.921] [Server thread/WARN] [net.minecraftforge.common.ForgeConfigSpec/CORE]: Incorrect key exchange.alchemical.ALCHEMICAL_EXCHANGE_BLOCK_CYCLE was corrected from null to its default, 20. 
[14Jul2025 20:09:56.921] [Server thread/WARN] [net.minecraftforge.common.ForgeConfigSpec/CORE]: Incorrect key exchange.alchemical.ALCHEMICAL_EXCHANGE_HEIGHT was corrected from null to its default, 5. 
[14Jul2025 20:09:56.921] [Server thread/WARN] [net.minecraftforge.common.ForgeConfigSpec/CORE]: Incorrect key exchange.alchemical.ALCHEMICAL_EXCHANGE_MANA_COST was corrected from null to its default, 16. 
[14Jul2025 20:09:56.921] [Server thread/WARN] [net.minecraftforge.common.ForgeConfigSpec/CORE]: Incorrect key exchange.alchemical.ALCHEMICAL_DIRT_CLASS was corrected from null to its default, [minecraft:dirt, minecraft:sand, minecraft:soul_sand, minecraft:snow_block]. 
[14Jul2025 20:09:56.921] [Server thread/WARN] [net.minecraftforge.common.ForgeConfigSpec/CORE]: Incorrect key exchange.alchemical.ALCHEMICAL_STONE_CLASS was corrected from null to its default, [minecraft:stone, minecraft:ice, minecraft:packed_ice, minecraft:sandstone, minecraft:red_sandstone, minecraft:gravel, minecraft:end_stone, minecraft:purpur_block, minecraft:magma_block, minecraft:netherrack, minecraft:terracotta]. 
[14Jul2025 20:09:56.921] [Server thread/WARN] [net.minecraftforge.common.ForgeConfigSpec/CORE]: Incorrect key exchange.alchemical.ALCHEMICAL_METAL_CLASS was corrected from null to its default, [minecraft:iron_ore, minecraft:gold_ore, minecraft:nether_quartz_ore]. 
[14Jul2025 20:09:56.922] [Server thread/WARN] [net.minecraftforge.common.ForgeConfigSpec/CORE]: Incorrect key exchange.alchemical.ALCHEMICAL_GEM_CLASS was corrected from null to its default, [minecraft:diamond_ore, minecraft:emerald_ore]. 
[14Jul2025 20:09:56.922] [Server thread/WARN] [net.minecraftforge.common.ForgeConfigSpec/CORE]: Incorrect key exchange.alchemical.ALCHEMICAL_CLAY_CLASS was corrected from null to its default, [minecraft:clay, minecraft:coal_ore, minecraft:redstone_ore, minecraft:lapis_ore]. 
[14Jul2025 20:09:56.922] [Server thread/WARN] [net.minecraftforge.common.ForgeConfigSpec/CORE]: Incorrect key exchange.alchemical.ALCHEMICAL_WOOD_CLASS was corrected from null to its default, [minecraft:oak_log, minecraft:birch_log, minecraft:acacia_log, minecraft:jungle_log, minecraft:spruce_log, minecraft:dark_oak_log, minecraft:cactus, minecraft:pumpkin, minecraft:melon, minecraft:brown_mushroom_block, minecraft:red_mushroom_block, minecraft:hay_block, minecraft:nether_wart_block]. 
[14Jul2025 20:09:56.922] [Server thread/WARN] [net.minecraftforge.common.ForgeConfigSpec/CORE]: Incorrect key exchange.alchemical.ALCHEMICAL_SPECIAL_CLASS was corrected from null to its default, [minecraft:prismarine, minecraft:glowstone, minecraft:sea_lantern, minecraft:obsidian, minecraft:slime_block]. 
[14Jul2025 20:09:56.922] [Server thread/WARN] [net.minecraftforge.common.ForgeConfigSpec/CORE]: Incorrect key exchange.alchemical.ALCHEMICAL_GRASS_CLASS was corrected from null to its default, [minecraft:grass_block, minecraft:mycelium]. 
[14Jul2025 20:09:56.924] [Server thread/WARN] [net.minecraftforge.common.ForgeConfigSpec/CORE]: Incorrect key exchange.alchemical.ALCHEMICAL_FLUID_CLASS was corrected from null to its default, [minecraft:lava, minecraft:water]. 
[14Jul2025 20:09:56.924] [Server thread/WARN] [net.minecraftforge.common.ForgeConfigSpec/CORE]: Incorrect key exchange.alchemical.ALCHEMICAL_MOVING_FLUID_CLASS was corrected from null to its default, []. 
[14Jul2025 20:09:56.924] [Server thread/WARN] [net.minecraftforge.common.ForgeConfigSpec/CORE]: Incorrect key exchange.catalyst was corrected from null to its default, SimpleCommentedConfig:{}. 
[14Jul2025 20:09:56.924] [Server thread/WARN] [net.minecraftforge.common.ForgeConfigSpec/CORE]: Incorrect key exchange.catalyst.CATALYST_EXCHANGE_BLOCK_CYCLE was corrected from null to its default, 4. 
[14Jul2025 20:09:56.924] [Server thread/WARN] [net.minecraftforge.common.ForgeConfigSpec/CORE]: Incorrect key exchange.catalyst.CATALYST_EXCHANGE_MANA_COST was corrected from null to its default, 50. 
[14Jul2025 20:09:56.924] [Server thread/WARN] [net.minecraftforge.common.ForgeConfigSpec/CORE]: Incorrect key exchange.chronal was corrected from null to its default, SimpleCommentedConfig:{}. 
[14Jul2025 20:09:56.925] [Server thread/WARN] [net.minecraftforge.common.ForgeConfigSpec/CORE]: Incorrect key exchange.chronal.CHRONAL_EXCHANGE_BLOCK_CYCLE was corrected from null to its default, 20. 
[14Jul2025 20:09:56.927] [Server thread/WARN] [net.minecraftforge.common.ForgeConfigSpec/CORE]: Incorrect key exchange.chronal.CHRONAL_EXCHANGE_MANA_GAIN_LOSS was corrected from null to its default, 10. 
[14Jul2025 20:09:56.927] [Server thread/WARN] [net.minecraftforge.common.ForgeConfigSpec/CORE]: Incorrect key exchange.durability was corrected from null to its default, SimpleCommentedConfig:{}. 
[14Jul2025 20:09:56.927] [Server thread/WARN] [net.minecraftforge.common.ForgeConfigSpec/CORE]: Incorrect key exchange.durability.DURABILITY_EXCHANGE_BLOCK_CYCLE was corrected from null to its default, 20. 
[14Jul2025 20:09:56.927] [Server thread/WARN] [net.minecraftforge.common.ForgeConfigSpec/CORE]: Incorrect key exchange.durability.DURABILITY_EXCHANGE_MANA_GAIN_CAP was corrected from null to its default, 10. 
[14Jul2025 20:09:56.927] [Server thread/WARN] [net.minecraftforge.common.ForgeConfigSpec/CORE]: Incorrect key exchange.durability.DURABILITY_EXCHANGE_EFFICIENCY was corrected from null to its default, 1.0. 
[14Jul2025 20:09:56.928] [Server thread/WARN] [net.minecraftforge.common.ForgeConfigSpec/CORE]: Incorrect key exchange.durability.DURABILITY_EXCHANGE_BLACKLIST was corrected from null to its default, []. 
[14Jul2025 20:09:56.928] [Server thread/WARN] [net.minecraftforge.common.ForgeConfigSpec/CORE]: Incorrect key exchange.durability.DURABILITY_EXCHANGE_TAX_BRACKETS was corrected from null to its default, [5000.0, 20000.0, 100000.0]. 
[14Jul2025 20:09:56.928] [Server thread/WARN] [net.minecraftforge.common.ForgeConfigSpec/CORE]: Incorrect key exchange.durability.DURABILITY_EXCHANGE_TAX_RATES was corrected from null to its default, [0.02, 0.03, 0.04]. 
[14Jul2025 20:09:56.928] [Server thread/WARN] [net.minecraftforge.common.ForgeConfigSpec/CORE]: Incorrect key exchange.damage was corrected from null to its default, SimpleCommentedConfig:{}. 
[14Jul2025 20:09:56.928] [Server thread/WARN] [net.minecraftforge.common.ForgeConfigSpec/CORE]: Incorrect key exchange.damage.DAMAGE_EXCHANGE_MANA_COST was corrected from null to its default, 40. 
[14Jul2025 20:09:56.928] [Server thread/WARN] [net.minecraftforge.common.ForgeConfigSpec/CORE]: Incorrect key exchange.damage.DAMAGE_EXCHANGE_MANA_GAIN was corrected from null to its default, 20. 
[14Jul2025 20:09:56.928] [Server thread/WARN] [net.minecraftforge.common.ForgeConfigSpec/CORE]: Incorrect key exchange.damage.DAMAGE_EXCHANGE_REDUCE_TO was corrected from null to its default, 1.0. 
[14Jul2025 20:09:56.928] [Server thread/WARN] [net.minecraftforge.common.ForgeConfigSpec/CORE]: Incorrect key exchange.damage.DAMAGE_EXCHANGE_CAP was corrected from null to its default, 5. 
[14Jul2025 20:09:56.929] [Server thread/WARN] [net.minecraftforge.common.ForgeConfigSpec/CORE]: Incorrect key exchange.contract was corrected from null to its default, SimpleCommentedConfig:{}. 
[14Jul2025 20:09:56.929] [Server thread/WARN] [net.minecraftforge.common.ForgeConfigSpec/CORE]: Incorrect key exchange.contract.CONTRACT_MANA_COST was corrected from null to its default, 10. 
[14Jul2025 20:09:56.929] [Server thread/WARN] [net.minecraftforge.common.ForgeConfigSpec/CORE]: Incorrect key exchange.contract.CONTRACT_BLOCK_CYCLE was corrected from null to its default, 4. 
[14Jul2025 20:09:56.932] [Server thread/WARN] [net.minecraftforge.common.ForgeConfigSpec/CORE]: Incorrect key exchange.contract.CONTRACT_RADIUS was corrected from null to its default, 10. 
[14Jul2025 20:09:56.932] [Server thread/WARN] [net.minecraftforge.common.ForgeConfigSpec/CORE]: Incorrect key exchange.immunity was corrected from null to its default, SimpleCommentedConfig:{}. 
[14Jul2025 20:09:56.932] [Server thread/WARN] [net.minecraftforge.common.ForgeConfigSpec/CORE]: Incorrect key exchange.immunity.IMMUNITY_EXCHANGE_MANA_COST was corrected from null to its default, 400. 
[14Jul2025 20:09:56.932] [Server thread/WARN] [net.minecraftforge.common.ForgeConfigSpec/CORE]: Incorrect key exchange.immunity.IMMUNITY_EXCHANGE_TIME was corrected from null to its default, 1200. 
[14Jul2025 20:09:56.933] [Server thread/WARN] [net.minecraftforge.common.ForgeConfigSpec/CORE]: Incorrect key mystic was corrected from null to its default, SimpleCommentedConfig:{}. 
[14Jul2025 20:09:56.933] [Server thread/WARN] [net.minecraftforge.common.ForgeConfigSpec/CORE]: Incorrect key mystic.spatial was corrected from null to its default, SimpleCommentedConfig:{}. 
[14Jul2025 20:09:56.933] [Server thread/WARN] [net.minecraftforge.common.ForgeConfigSpec/CORE]: Incorrect key mystic.spatial.SPATIAL_DISORIENTATION_MANA_COST was corrected from null to its default, 100. 
[14Jul2025 20:09:56.933] [Server thread/WARN] [net.minecraftforge.common.ForgeConfigSpec/CORE]: Incorrect key mystic.spatial.SPATIAL_DISORIENTATION_MANA_COST_AOE was corrected from null to its default, 20. 
[14Jul2025 20:09:56.934] [Server thread/WARN] [net.minecraftforge.common.ForgeConfigSpec/CORE]: Incorrect key mystic.spatial.SPATIAL_DISORIENTATION_MANA_COST_ST was corrected from null to its default, 200. 
[14Jul2025 20:09:56.934] [Server thread/WARN] [net.minecraftforge.common.ForgeConfigSpec/CORE]: Incorrect key mystic.spatial.SPATIAL_DISORIENTATION_AIR_RESISTANCE was corrected from null to its default, false. 
[14Jul2025 20:09:56.934] [Server thread/WARN] [net.minecraftforge.common.ForgeConfigSpec/CORE]: Incorrect key mystic.spatial.SPATIAL_DISORIENTATION_SPEED was corrected from null to its default, 7.0. 
[14Jul2025 20:09:56.934] [Server thread/WARN] [net.minecraftforge.common.ForgeConfigSpec/CORE]: Incorrect key mystic.spatial.SPATIAL_DISORIENTATION_AOE_RADIUS was corrected from null to its default, 4.0. 
[14Jul2025 20:09:56.934] [Server thread/WARN] [net.minecraftforge.common.ForgeConfigSpec/CORE]: Incorrect key mystic.big explosion was corrected from null to its default, SimpleCommentedConfig:{}. 
[14Jul2025 20:09:56.934] [Server thread/WARN] [net.minecraftforge.common.ForgeConfigSpec/CORE]: Incorrect key mystic.big explosion.MYSTIC_STAFF_SUMMON_MANA_COST was corrected from null to its default, 100. 
[14Jul2025 20:09:56.934] [Server thread/WARN] [net.minecraftforge.common.ForgeConfigSpec/CORE]: Incorrect key mystic.big explosion.MYSTIC_STAFF_BIG_MANA_COST was corrected from null to its default, 5000. 
[14Jul2025 20:09:56.934] [Server thread/WARN] [net.minecraftforge.common.ForgeConfigSpec/CORE]: Incorrect key mystic.big explosion.MYSTIC_STAFF_BIG_SCALES was corrected from null to its default, true. 
[14Jul2025 20:09:56.935] [Server thread/WARN] [net.minecraftforge.common.ForgeConfigSpec/CORE]: Incorrect key mystic.big explosion.MYSTIC_STAFF_BIG_FACTOR was corrected from null to its default, 0.002. 
[14Jul2025 20:09:56.935] [Server thread/WARN] [net.minecraftforge.common.ForgeConfigSpec/CORE]: Incorrect key mystic.big explosion.MYSTIC_STAFF_BIG_SIZE was corrected from null to its default, 30. 
[14Jul2025 20:09:56.935] [Server thread/WARN] [net.minecraftforge.common.ForgeConfigSpec/CORE]: Incorrect key mystic.big explosion.MYSTIC_STAFF_BIG_RAIN was corrected from null to its default, true. 
[14Jul2025 20:09:56.936] [Server thread/WARN] [net.minecraftforge.common.ForgeConfigSpec/CORE]: Incorrect key mystic.big explosion.MYSTIC_STAFF_SCALING_MANA was corrected from null to its default, 0.0. 
[14Jul2025 20:09:56.936] [Server thread/WARN] [net.minecraftforge.common.ForgeConfigSpec/CORE]: Incorrect key mystic.big explosion.MYSTIC_STAFF_WORLD_DAMAGE was corrected from null to its default, true. 
[14Jul2025 20:09:56.936] [Server thread/WARN] [net.minecraftforge.common.ForgeConfigSpec/CORE]: Incorrect key mystic.aoe explosion was corrected from null to its default, SimpleCommentedConfig:{}. 
[14Jul2025 20:09:56.936] [Server thread/WARN] [net.minecraftforge.common.ForgeConfigSpec/CORE]: Incorrect key mystic.aoe explosion.MYSTIC_STAFF_AOE_MANA_COST was corrected from null to its default, 600. 
[14Jul2025 20:09:56.936] [Server thread/WARN] [net.minecraftforge.common.ForgeConfigSpec/CORE]: Incorrect key mystic.aoe explosion.MYSTIC_STAFF_AOE_SCALING_MANA was corrected from null to its default, 0.0. 
[14Jul2025 20:09:56.936] [Server thread/WARN] [net.minecraftforge.common.ForgeConfigSpec/CORE]: Incorrect key mystic.aoe explosion.MYSTIC_STAFF_AOE_SCALES was corrected from null to its default, true. 
[14Jul2025 20:09:56.937] [Server thread/WARN] [net.minecraftforge.common.ForgeConfigSpec/CORE]: Incorrect key mystic.aoe explosion.MYSTIC_STAFF_AOE_FACTOR was corrected from null to its default, 0.001. 
[14Jul2025 20:09:56.937] [Server thread/WARN] [net.minecraftforge.common.ForgeConfigSpec/CORE]: Incorrect key mystic.aoe explosion.MYSTIC_STAFF_AOE_SIZE was corrected from null to its default, 4. 
[14Jul2025 20:09:56.937] [Server thread/WARN] [net.minecraftforge.common.ForgeConfigSpec/CORE]: Incorrect key mystic.aoe explosion.MYSTIC_STAFF_AOE_DELAY was corrected from null to its default, 3. 
[14Jul2025 20:09:56.937] [Server thread/WARN] [net.minecraftforge.common.ForgeConfigSpec/CORE]: Incorrect key mystic.beam was corrected from null to its default, SimpleCommentedConfig:{}. 
[14Jul2025 20:09:56.937] [Server thread/WARN] [net.minecraftforge.common.ForgeConfigSpec/CORE]: Incorrect key mystic.beam.MYSTIC_STAFF_BEAM_MANA_PER_TICK was corrected from null to its default, 500. 
[14Jul2025 20:09:56.937] [Server thread/WARN] [net.minecraftforge.common.ForgeConfigSpec/CORE]: Incorrect key mystic.beam.MYSTIC_STAFF_BEAM_SCALING_MANA was corrected from null to its default, 0.0. 
[14Jul2025 20:09:56.937] [Server thread/WARN] [net.minecraftforge.common.ForgeConfigSpec/CORE]: Incorrect key mystic.beam.MYSTIC_STAFF_BEAM_DAMAGE_FACTOR was corrected from null to its default, 0.001. 
[14Jul2025 20:09:56.937] [Server thread/WARN] [net.minecraftforge.common.ForgeConfigSpec/CORE]: Incorrect key mystic.beam.MYSTIC_STAFF_BEAM_DAMAGE_SCALES was corrected from null to its default, true. 
[14Jul2025 20:09:56.938] [Server thread/WARN] [net.minecraftforge.common.ForgeConfigSpec/CORE]: Incorrect key mystic.beam.MYSTIC_STAFF_BEAM_DAMAGE_ACCELERATION was corrected from null to its default, 1.5. 
[14Jul2025 20:09:56.938] [Server thread/WARN] [net.minecraftforge.common.ForgeConfigSpec/CORE]: Incorrect key mystic.beam.MYSTIC_STAFF_BEAM_MAX_BLOCK_BREAK_PER_TICK was corrected from null to its default, 90. 
[14Jul2025 20:09:56.938] [Server thread/WARN] [net.minecraftforge.common.ForgeConfigSpec/CORE]: Incorrect key mystic.beam.MYSTIC_STAFF_BEAM_BLOCK_WHITELIST was corrected from null to its default, []. 
[14Jul2025 20:09:56.938] [Server thread/WARN] [net.minecraftforge.common.ForgeConfigSpec/CORE]: Incorrect key mystic.rho aias was corrected from null to its default, SimpleCommentedConfig:{}. 
[14Jul2025 20:09:56.938] [Server thread/WARN] [net.minecraftforge.common.ForgeConfigSpec/CORE]: Incorrect key mystic.rho aias.RHO_AIAS_MANA_COST was corrected from null to its default, 300. 
[14Jul2025 20:09:56.938] [Server thread/WARN] [net.minecraftforge.common.ForgeConfigSpec/CORE]: Incorrect key mystic.rho aias.RHO_AIAS_KILL_RANGE was corrected from null to its default, 30. 
[14Jul2025 20:09:56.938] [Server thread/WARN] [net.minecraftforge.common.ForgeConfigSpec/CORE]: Incorrect key mystic.rho aias.RHO_AIAS_LIFE was corrected from null to its default, 1200. 
[14Jul2025 20:09:56.938] [Server thread/WARN] [net.minecraftforge.common.ForgeConfigSpec/CORE]: Incorrect key mystic.rho aias.RHO_AIAS_ENTITY_KILL_LIST was corrected from null to its default, [mahoutsukai:gandr_entity]. 
[14Jul2025 20:09:56.938] [Server thread/WARN] [net.minecraftforge.common.ForgeConfigSpec/CORE]: Incorrect key mystic.rho aias.RHO_AIAS_COLLIDE_KILL_LIST was corrected from null to its default, [mahoutsukai:gandr_entity]. 
[14Jul2025 20:09:56.939] [Server thread/WARN] [net.minecraftforge.common.ForgeConfigSpec/CORE]: Incorrect key mystic.rho aias.RHO_AIAS_KILL_DEBUG was corrected from null to its default, false. 
[14Jul2025 20:09:56.939] [Server thread/WARN] [net.minecraftforge.common.ForgeConfigSpec/CORE]: Incorrect key mystic.rho aias.RHO_AIAS_SNEAK_BOOP was corrected from null to its default, true. 
[14Jul2025 20:09:56.939] [Server thread/WARN] [net.minecraftforge.common.ForgeConfigSpec/CORE]: Incorrect key mystic.shared pain was corrected from null to its default, SimpleCommentedConfig:{}. 
[14Jul2025 20:09:56.944] [Server thread/WARN] [net.minecraftforge.common.ForgeConfigSpec/CORE]: Incorrect key mystic.shared pain.DAMAGE_REPLICATION_MANA_COST was corrected from null to its default, 160. 
[14Jul2025 20:09:56.944] [Server thread/WARN] [net.minecraftforge.common.ForgeConfigSpec/CORE]: Incorrect key mystic.borrowed authority was corrected from null to its default, SimpleCommentedConfig:{}. 
[14Jul2025 20:09:56.944] [Server thread/WARN] [net.minecraftforge.common.ForgeConfigSpec/CORE]: Incorrect key mystic.borrowed authority.AUTHORITY_MANA_COST was corrected from null to its default, 900. 
[14Jul2025 20:09:56.944] [Server thread/WARN] [net.minecraftforge.common.ForgeConfigSpec/CORE]: Incorrect key mystic.borrowed authority.AUTHORITY_TIME was corrected from null to its default, 400. 
[14Jul2025 20:09:56.944] [Server thread/WARN] [net.minecraftforge.common.ForgeConfigSpec/CORE]: Incorrect key mystic.borrowed authority.AUTHORITY_DAMAGE_TO_SELF was corrected from null to its default, 1.5. 
[14Jul2025 20:09:56.944] [Server thread/WARN] [net.minecraftforge.common.ForgeConfigSpec/CORE]: Incorrect key mystic.borrowed authority.AUTHORITY_DAMAGE_TO_OTHER was corrected from null to its default, 3.0. 
[14Jul2025 20:09:56.944] [Server thread/WARN] [net.minecraftforge.common.ForgeConfigSpec/CORE]: Incorrect key mystic.borrowed authority.AUTHORITY_BREAK_SLOW_DOWN_FACTOR was corrected from null to its default, 0.5. 
[14Jul2025 20:09:56.945] [Server thread/WARN] [net.minecraftforge.common.ForgeConfigSpec/CORE]: Incorrect key mystic.borrowed authority.AUTHORITY_NORMAL_SLOW_DOWN_FACTOR was corrected from null to its default, 0.875. 
[14Jul2025 20:09:56.945] [Server thread/WARN] [net.minecraftforge.common.ForgeConfigSpec/CORE]: Incorrect key mystic.borrowed authority.AUTHORITY_SPEED_MULTIPLIER was corrected from null to its default, 1.8. 
[14Jul2025 20:09:56.945] [Server thread/WARN] [net.minecraftforge.common.ForgeConfigSpec/CORE]: Incorrect key mystic.borrowed authority.AUTHORITY_BLOCK_RESISTANCE_LIMIT was corrected from null to its default, 45. 
[14Jul2025 20:09:56.945] [Server thread/WARN] [net.minecraftforge.common.ForgeConfigSpec/CORE]: Incorrect key mystic.borrowed authority.AUTHORITY_DROPS_BLOCKS was corrected from null to its default, true. 
[14Jul2025 20:09:56.945] [Server thread/WARN] [net.minecraftforge.common.ForgeConfigSpec/CORE]: Incorrect key mystic.cup of heaven was corrected from null to its default, SimpleCommentedConfig:{}. 
[14Jul2025 20:09:56.945] [Server thread/WARN] [net.minecraftforge.common.ForgeConfigSpec/CORE]: Incorrect key mystic.cup of heaven.HEAVENS_CUP_MANA_COST was corrected from null to its default, 2. 
[14Jul2025 20:09:56.945] [Server thread/WARN] [net.minecraftforge.common.ForgeConfigSpec/CORE]: Incorrect key mystic.cup of heaven.HEAVENS_CUP_START_DISTANCE was corrected from null to its default, 20. 
[14Jul2025 20:09:56.945] [Server thread/WARN] [net.minecraftforge.common.ForgeConfigSpec/CORE]: Incorrect key mystic.cup of heaven.HEAVENS_CUP_DURATION was corrected from null to its default, 1200. 
[14Jul2025 20:09:56.946] [Server thread/WARN] [net.minecraftforge.common.ForgeConfigSpec/CORE]: Incorrect key mystic.cup of heaven.HEAVENS_CUP_NETWORK_DISTANCE was corrected from null to its default, 30. 
[14Jul2025 20:09:56.946] [Server thread/WARN] [net.minecraftforge.common.ForgeConfigSpec/CORE]: Incorrect key mystic.cup of heaven.HEAVENS_CUP_MAX_ITERS was corrected from null to its default, 10. 
[14Jul2025 20:09:56.946] [Server thread/WARN] [net.minecraftforge.common.ForgeConfigSpec/CORE]: Incorrect key mystic.cup of heaven.HEAVENS_CUP_EFFECTS was corrected from null to its default, [poison, weakness, blindness, slowness, wither, levitation]. 
[14Jul2025 20:09:56.947] [Server thread/WARN] [net.minecraftforge.common.ForgeConfigSpec/CORE]: Incorrect key eyes was corrected from null to its default, SimpleCommentedConfig:{}. 
[14Jul2025 20:09:56.949] [Server thread/WARN] [net.minecraftforge.common.ForgeConfigSpec/CORE]: Incorrect key eyes.clairvoyance was corrected from null to its default, SimpleCommentedConfig:{}. 
[14Jul2025 20:09:56.949] [Server thread/WARN] [net.minecraftforge.common.ForgeConfigSpec/CORE]: Incorrect key eyes.clairvoyance.CLAIRVOYANCE_MANA_COST was corrected from null to its default, 220. 
[14Jul2025 20:09:56.949] [Server thread/WARN] [net.minecraftforge.common.ForgeConfigSpec/CORE]: Incorrect key eyes.clairvoyance.CLAIRVOYANCE_TIME was corrected from null to its default, 1200. 
[14Jul2025 20:09:56.949] [Server thread/WARN] [net.minecraftforge.common.ForgeConfigSpec/CORE]: Incorrect key eyes.clairvoyance.CLAIRVOYANCE_RANGE was corrected from null to its default, 30. 
[14Jul2025 20:09:56.949] [Server thread/WARN] [net.minecraftforge.common.ForgeConfigSpec/CORE]: Incorrect key eyes.binding was corrected from null to its default, SimpleCommentedConfig:{}. 
[14Jul2025 20:09:56.949] [Server thread/WARN] [net.minecraftforge.common.ForgeConfigSpec/CORE]: Incorrect key eyes.binding.MYSTIC_EYES_MANA_COST was corrected from null to its default, 320. 
[14Jul2025 20:09:56.949] [Server thread/WARN] [net.minecraftforge.common.ForgeConfigSpec/CORE]: Incorrect key eyes.binding.MYSTIC_EYES_TIME was corrected from null to its default, 600. 
[14Jul2025 20:09:56.950] [Server thread/WARN] [net.minecraftforge.common.ForgeConfigSpec/CORE]: Incorrect key eyes.binding.MYSTIC_EYES_RANGE_FROM_USER was corrected from null to its default, 5. 
[14Jul2025 20:09:56.950] [Server thread/WARN] [net.minecraftforge.common.ForgeConfigSpec/CORE]: Incorrect key eyes.binding.MYSTIC_EYES_RANGE_FROM_LOOK_VEC was corrected from null to its default, 4. 
[14Jul2025 20:09:56.950] [Server thread/WARN] [net.minecraftforge.common.ForgeConfigSpec/CORE]: Incorrect key eyes.reversion was corrected from null to its default, SimpleCommentedConfig:{}. 
[14Jul2025 20:09:56.950] [Server thread/WARN] [net.minecraftforge.common.ForgeConfigSpec/CORE]: Incorrect key eyes.reversion.REVERSION_EYES_MANA_COST was corrected from null to its default, 410. 
[14Jul2025 20:09:56.950] [Server thread/WARN] [net.minecraftforge.common.ForgeConfigSpec/CORE]: Incorrect key eyes.reversion.REVERSION_EYES_TIME was corrected from null to its default, 600. 
[14Jul2025 20:09:56.950] [Server thread/WARN] [net.minecraftforge.common.ForgeConfigSpec/CORE]: Incorrect key eyes.reversion.REVERSION_EYES_RANGE_FROM_USER was corrected from null to its default, 10. 
[14Jul2025 20:09:56.950] [Server thread/WARN] [net.minecraftforge.common.ForgeConfigSpec/CORE]: Incorrect key eyes.reversion.REVERSION_EYES_RANGE_FROM_LOOK_VEC was corrected from null to its default, 4. 
[14Jul2025 20:09:56.950] [Server thread/WARN] [net.minecraftforge.common.ForgeConfigSpec/CORE]: Incorrect key eyes.death collection was corrected from null to its default, SimpleCommentedConfig:{}. 
[14Jul2025 20:09:56.950] [Server thread/WARN] [net.minecraftforge.common.ForgeConfigSpec/CORE]: Incorrect key eyes.death collection.DEATH_COLLECTION_MANA_COST was corrected from null to its default, 400. 
[14Jul2025 20:09:56.951] [Server thread/WARN] [net.minecraftforge.common.ForgeConfigSpec/CORE]: Incorrect key eyes.death collection.DEATH_COLLECTION_TIME was corrected from null to its default, 600. 
[14Jul2025 20:09:56.951] [Server thread/WARN] [net.minecraftforge.common.ForgeConfigSpec/CORE]: Incorrect key eyes.death collection.DEATH_COLLECTION_RANGE_FROM_USER was corrected from null to its default, 10. 
[14Jul2025 20:09:56.951] [Server thread/WARN] [net.minecraftforge.common.ForgeConfigSpec/CORE]: Incorrect key eyes.death collection.DEATH_COLLECTION_SOUL_VALUE_MOB was corrected from null to its default, 0.25. 
[14Jul2025 20:09:56.953] [Server thread/WARN] [net.minecraftforge.common.ForgeConfigSpec/CORE]: Incorrect key eyes.death collection.DEATH_COLLECTION_SOUL_VALUE_PLAYER was corrected from null to its default, 1.0. 
[14Jul2025 20:09:56.956] [Server thread/WARN] [net.minecraftforge.common.ForgeConfigSpec/CORE]: Incorrect key eyes.death collection.DEATH_COLLECTION_REVIVE_VALUE was corrected from null to its default, 12.0. 
[14Jul2025 20:09:56.956] [Server thread/WARN] [net.minecraftforge.common.ForgeConfigSpec/CORE]: Incorrect key eyes.death collection.DEATH_COLLECTION_MAX was corrected from null to its default, 1.0E7. 
[14Jul2025 20:09:56.956] [Server thread/WARN] [net.minecraftforge.common.ForgeConfigSpec/CORE]: Incorrect key eyes.death collection.DEATH_COLLECTION_DRAIN_PER_SOUL was corrected from null to its default, 1.0. 
[14Jul2025 20:09:56.956] [Server thread/WARN] [net.minecraftforge.common.ForgeConfigSpec/CORE]: Incorrect key eyes.death collection.DEATH_COLLECTION_NEGATIVE_REGEN_PUNISHMENT was corrected from null to its default, true. 
[14Jul2025 20:09:56.956] [Server thread/WARN] [net.minecraftforge.common.ForgeConfigSpec/CORE]: Incorrect key eyes.black flame was corrected from null to its default, SimpleCommentedConfig:{}. 
[14Jul2025 20:09:56.956] [Server thread/WARN] [net.minecraftforge.common.ForgeConfigSpec/CORE]: Incorrect key eyes.black flame.BLACK_FLAME_MANA_COST was corrected from null to its default, 300. 
[14Jul2025 20:09:56.956] [Server thread/WARN] [net.minecraftforge.common.ForgeConfigSpec/CORE]: Incorrect key eyes.black flame.BLACK_FLAME_TIME was corrected from null to its default, 100. 
[14Jul2025 20:09:56.956] [Server thread/WARN] [net.minecraftforge.common.ForgeConfigSpec/CORE]: Incorrect key eyes.black flame.BLACK_FLAME_RANGE_FROM_USER was corrected from null to its default, 30. 
[14Jul2025 20:09:56.957] [Server thread/WARN] [net.minecraftforge.common.ForgeConfigSpec/CORE]: Incorrect key eyes.black flame.BLACK_FLAME_IGNITION_TICKS was corrected from null to its default, 1. 
[14Jul2025 20:09:56.957] [Server thread/WARN] [net.minecraftforge.common.ForgeConfigSpec/CORE]: Incorrect key eyes.black flame.BLACK_FLAME_UPDATE_TICKS was corrected from null to its default, 1. 
[14Jul2025 20:09:56.957] [Server thread/WARN] [net.minecraftforge.common.ForgeConfigSpec/CORE]: Incorrect key eyes.black flame.BLACK_FLAME_DEATH_AGE was corrected from null to its default, 6. 
[14Jul2025 20:09:56.957] [Server thread/WARN] [net.minecraftforge.common.ForgeConfigSpec/CORE]: Incorrect key eyes.black flame.BLACK_FLAME_DAMAGE was corrected from null to its default, 1.0. 
[14Jul2025 20:09:56.957] [Server thread/WARN] [net.minecraftforge.common.ForgeConfigSpec/CORE]: Incorrect key eyes.black flame.BLACK_FLAME_DEBUFF_TIME was corrected from null to its default, 180. 
[14Jul2025 20:09:56.957] [Server thread/WARN] [net.minecraftforge.common.ForgeConfigSpec/CORE]: Incorrect key eyes.fay sight was corrected from null to its default, SimpleCommentedConfig:{}. 
[14Jul2025 20:09:56.957] [Server thread/WARN] [net.minecraftforge.common.ForgeConfigSpec/CORE]: Incorrect key eyes.fay sight.FAY_SIGHT_MANA_COST was corrected from null to its default, 100. 
[14Jul2025 20:09:56.957] [Server thread/WARN] [net.minecraftforge.common.ForgeConfigSpec/CORE]: Incorrect key eyes.fay sight.FAY_SIGHT_TIME was corrected from null to its default, 600. 
[14Jul2025 20:09:56.957] [Server thread/WARN] [net.minecraftforge.common.ForgeConfigSpec/CORE]: Incorrect key eyes.leylines was corrected from null to its default, SimpleCommentedConfig:{}. 
[14Jul2025 20:09:56.957] [Server thread/WARN] [net.minecraftforge.common.ForgeConfigSpec/CORE]: Incorrect key eyes.leylines.LEY_PUNISHMENT was corrected from null to its default, -1. 
[14Jul2025 20:09:56.958] [Server thread/WARN] [net.minecraftforge.common.ForgeConfigSpec/CORE]: Incorrect key eyes.leylines.LEY_FACTOR was corrected from null to its default, 0.01. 
[14Jul2025 20:09:56.958] [Server thread/WARN] [net.minecraftforge.common.ForgeConfigSpec/CORE]: Incorrect key eyes.leylines.LEY_FLAT was corrected from null to its default, false. 
[14Jul2025 20:09:56.958] [Server thread/WARN] [net.minecraftforge.common.ForgeConfigSpec/CORE]: Incorrect key eyes.leylines.LEY_DISTANCE was corrected from null to its default, 300. 
[14Jul2025 20:09:56.958] [Server thread/WARN] [net.minecraftforge.common.ForgeConfigSpec/CORE]: Incorrect key eyes.leylines.LEY_OFFSET was corrected from null to its default, 0. 
[14Jul2025 20:09:56.960] [Server thread/WARN] [net.minecraftforge.common.ForgeConfigSpec/CORE]: Incorrect key eyes.leylines.LEY_AFFECTS_MANA was corrected from null to its default, true. 
[14Jul2025 20:09:56.960] [Server thread/WARN] [net.minecraftforge.common.ForgeConfigSpec/CORE]: Incorrect key eyes.leylines.LEY_RENDER_HEIGHT was corrected from null to its default, 70. 
[14Jul2025 20:09:56.960] [Server thread/WARN] [net.minecraftforge.common.ForgeConfigSpec/CORE]: Incorrect key eyes.leylines.FAE_SPAWN_RATE was corrected from null to its default, 1.0. 
[14Jul2025 20:09:56.961] [Server thread/WARN] [net.minecraftforge.common.ForgeConfigSpec/CORE]: Incorrect key eyes.leylines.LEY_RUNES was corrected from null to its default, true. 
[14Jul2025 20:09:56.961] [Server thread/WARN] [net.minecraftforge.common.ForgeConfigSpec/CORE]: Incorrect key eyes.leylines.LEY_BLACKLIST was corrected from null to its default, true. 
[14Jul2025 20:09:56.961] [Server thread/WARN] [net.minecraftforge.common.ForgeConfigSpec/CORE]: Incorrect key eyes.leylines.LEY_ELYTRA_LIMITED_TO_FAY_SIGHT was corrected from null to its default, false. 
[14Jul2025 20:09:56.963] [Server thread/WARN] [net.minecraftforge.common.ForgeConfigSpec/CORE]: Incorrect key eyes.leylines.LEY_DIMENSION_LIST was corrected from null to its default, []. 
[14Jul2025 20:09:56.963] [Server thread/WARN] [net.minecraftforge.common.ForgeConfigSpec/CORE]: Incorrect key eyes.insight was corrected from null to its default, SimpleCommentedConfig:{}. 
[14Jul2025 20:09:56.963] [Server thread/WARN] [net.minecraftforge.common.ForgeConfigSpec/CORE]: Incorrect key eyes.insight.INSIGHT_MANA_COST was corrected from null to its default, 320. 
[14Jul2025 20:09:56.963] [Server thread/WARN] [net.minecraftforge.common.ForgeConfigSpec/CORE]: Incorrect key eyes.insight.INSIGHT_TIME was corrected from null to its default, 1200. 
[14Jul2025 20:09:56.964] [Server thread/WARN] [net.minecraftforge.common.ForgeConfigSpec/CORE]: Incorrect key familiar was corrected from null to its default, SimpleCommentedConfig:{}. 
[14Jul2025 20:09:56.964] [Server thread/WARN] [net.minecraftforge.common.ForgeConfigSpec/CORE]: Incorrect key familiar.shared vision was corrected from null to its default, SimpleCommentedConfig:{}. 
[14Jul2025 20:09:56.965] [Server thread/WARN] [net.minecraftforge.common.ForgeConfigSpec/CORE]: Incorrect key familiar.shared vision.POSSESS_ENTITY_MANA_COST was corrected from null to its default, 200. 
[14Jul2025 20:09:56.965] [Server thread/WARN] [net.minecraftforge.common.ForgeConfigSpec/CORE]: Incorrect key familiar.recall familiar was corrected from null to its default, SimpleCommentedConfig:{}. 
[14Jul2025 20:09:56.965] [Server thread/WARN] [net.minecraftforge.common.ForgeConfigSpec/CORE]: Incorrect key familiar.recall familiar.RECALL_FAMILIAR_MANA_COST was corrected from null to its default, 20. 
[14Jul2025 20:09:56.966] [Server thread/WARN] [net.minecraftforge.common.ForgeConfigSpec/CORE]: Incorrect key familiar.summon familiar was corrected from null to its default, SimpleCommentedConfig:{}. 
[14Jul2025 20:09:56.967] [Server thread/WARN] [net.minecraftforge.common.ForgeConfigSpec/CORE]: Incorrect key familiar.summon familiar.SUMMON_FAMILIAR_MANA_COST was corrected from null to its default, 200. 
[14Jul2025 20:09:56.967] [Server thread/WARN] [net.minecraftforge.common.ForgeConfigSpec/CORE]: Incorrect key familiar.summon familiar.FAMILIAR_REPORT_SURROUNDINGS_TIME was corrected from null to its default, 400. 
[14Jul2025 20:09:56.967] [Server thread/WARN] [net.minecraftforge.common.ForgeConfigSpec/CORE]: Incorrect key familiar.summon familiar.FAMILIAR_HEALTH was corrected from null to its default, 10. 
[14Jul2025 20:09:56.967] [Server thread/WARN] [net.minecraftforge.common.ForgeConfigSpec/CORE]: Incorrect key familiar.summon familiar.FAMILIAR_OUCH_CHANCE was corrected from null to its default, 0.3. 
[14Jul2025 20:09:56.968] [Server thread/WARN] [net.minecraftforge.common.ForgeConfigSpec/CORE]: Incorrect key familiar.summon familiar.FAMILIAR_ACTION_BAR_MESSAGES was corrected from null to its default, false. 
[14Jul2025 20:09:56.968] [Server thread/WARN] [net.minecraftforge.common.ForgeConfigSpec/CORE]: Incorrect key familiar.summon familiar.FAMILIAR_CHUNKLOADS was corrected from null to its default, true. 
[14Jul2025 20:09:56.968] [Server thread/WARN] [net.minecraftforge.common.ForgeConfigSpec/CORE]: Incorrect key familiar.butterfly effect was corrected from null to its default, SimpleCommentedConfig:{}. 
[14Jul2025 20:09:56.969] [Server thread/WARN] [net.minecraftforge.common.ForgeConfigSpec/CORE]: Incorrect key familiar.butterfly effect.BUTTERFLY_EFFECT_MANA_COST was corrected from null to its default, 100. 
[14Jul2025 20:09:56.969] [Server thread/WARN] [net.minecraftforge.common.ForgeConfigSpec/CORE]: Incorrect key familiar.butterfly effect.BUTTERFLY_EFFECT_BLOCK_LIMIT was corrected from null to its default, 4. 
[14Jul2025 20:09:56.969] [Server thread/WARN] [net.minecraftforge.common.ForgeConfigSpec/CORE]: Incorrect key familiar.butterfly effect.BUTTERFLY_EFFECT_CHUNK_LIMIT was corrected from null to its default, 40. 
[14Jul2025 20:09:56.970] [Server thread/WARN] [net.minecraftforge.common.ForgeConfigSpec/CORE]: Incorrect key familiar.butterfly effect.BUTTERFLY_EFFECT_DURATION was corrected from null to its default, 400. 
[14Jul2025 20:09:56.971] [Server thread/WARN] [net.minecraftforge.common.ForgeConfigSpec/CORE]: Incorrect key familiar.butterfly effect.BUTTERFLY_EFFECT_SINGLE_USE was corrected from null to its default, false. 
[14Jul2025 20:09:56.971] [Server thread/WARN] [net.minecraftforge.common.ForgeConfigSpec/CORE]: Incorrect key familiar.butterfly effect.BUTTERFLY_EFFECT_VISIBLE_TO_OTHERS was corrected from null to its default, false. 
[14Jul2025 20:09:56.971] [Server thread/WARN] [net.minecraftforge.common.ForgeConfigSpec/CORE]: Incorrect key familiar.swap familiar was corrected from null to its default, SimpleCommentedConfig:{}. 
[14Jul2025 20:09:56.971] [Server thread/WARN] [net.minecraftforge.common.ForgeConfigSpec/CORE]: Incorrect key familiar.swap familiar.SWAP_FAMILIAR_MANA_COST was corrected from null to its default, 40. 
[14Jul2025 20:09:56.971] [Server thread/WARN] [net.minecraftforge.common.ForgeConfigSpec/CORE]: Incorrect key familiar.familiars garden was corrected from null to its default, SimpleCommentedConfig:{}. 
[14Jul2025 20:09:56.972] [Server thread/WARN] [net.minecraftforge.common.ForgeConfigSpec/CORE]: Incorrect key familiar.familiars garden.FAMILIARS_GARDEN_MANA_COST was corrected from null to its default, 200. 
[14Jul2025 20:09:56.972] [Server thread/WARN] [net.minecraftforge.common.ForgeConfigSpec/CORE]: Incorrect key familiar.familiars garden.FAMILIARS_GARDEN_RANGE was corrected from null to its default, 7. 
[14Jul2025 20:09:56.972] [Server thread/WARN] [net.minecraftforge.common.ForgeConfigSpec/CORE]: Incorrect key familiar.familiars garden.FAMILIARS_GARDEN_TIME was corrected from null to its default, 1200. 
[14Jul2025 20:09:56.973] [Server thread/WARN] [net.minecraftforge.common.ForgeConfigSpec/CORE]: Incorrect key secret was corrected from null to its default, SimpleCommentedConfig:{}. 
[14Jul2025 20:09:56.974] [Server thread/WARN] [net.minecraftforge.common.ForgeConfigSpec/CORE]: Incorrect key secret.retribution was corrected from null to its default, SimpleCommentedConfig:{}. 
[14Jul2025 20:09:56.974] [Server thread/WARN] [net.minecraftforge.common.ForgeConfigSpec/CORE]: Incorrect key secret.retribution.RETRIBUTION_MANA_PER_DIFFERENCE was corrected from null to its default, 40. 
[14Jul2025 20:09:56.974] [Server thread/WARN] [net.minecraftforge.common.ForgeConfigSpec/CORE]: Incorrect key secret.retribution.RETRIBUTION_MANA_CHARGED_PER_PERCENT was corrected from null to its default, false. 
[14Jul2025 20:09:56.974] [Server thread/WARN] [net.minecraftforge.common.ForgeConfigSpec/CORE]: Incorrect key secret.retribution.RETRIBUTION_BLACKLIST was corrected from null to its default, []. 
[14Jul2025 20:09:56.974] [Server thread/WARN] [net.minecraftforge.common.ForgeConfigSpec/CORE]: Incorrect key secret.presence concealment was corrected from null to its default, SimpleCommentedConfig:{}. 
[14Jul2025 20:09:56.974] [Server thread/WARN] [net.minecraftforge.common.ForgeConfigSpec/CORE]: Incorrect key secret.presence concealment.RIPPER_COOLDOWN was corrected from null to its default, 800. 
[14Jul2025 20:09:56.975] [Server thread/WARN] [net.minecraftforge.common.ForgeConfigSpec/CORE]: Incorrect key secret.presence concealment.RIPPER_MANA_COST was corrected from null to its default, 800. 
[14Jul2025 20:09:56.975] [Server thread/WARN] [net.minecraftforge.common.ForgeConfigSpec/CORE]: Incorrect key secret.presence concealment.RIPPER_FOG_RANGE was corrected from null to its default, 20. 
[14Jul2025 20:09:56.975] [Server thread/WARN] [net.minecraftforge.common.ForgeConfigSpec/CORE]: Incorrect key secret.presence concealment.RIPPER_FOG_DISTANCE was corrected from null to its default, 5. 
[14Jul2025 20:09:56.975] [Server thread/WARN] [net.minecraftforge.common.ForgeConfigSpec/CORE]: Incorrect key secret.presence concealment.RIPPER_INVIS_COOLDOWN was corrected from null to its default, 40. 
[14Jul2025 20:09:56.975] [Server thread/WARN] [net.minecraftforge.common.ForgeConfigSpec/CORE]: Incorrect key secret.presence concealment.RIPPER_GIVES_INVIS was corrected from null to its default, true. 
[14Jul2025 20:09:56.975] [Server thread/WARN] [net.minecraftforge.common.ForgeConfigSpec/CORE]: Incorrect key secret.presence concealment.RIPPER_SPEED was corrected from null to its default, 3.0. 
[14Jul2025 20:09:56.975] [Server thread/WARN] [net.minecraftforge.common.ForgeConfigSpec/CORE]: Incorrect key secret.presence concealment.RIPPER_MOVEMENT_SPEED was corrected from null to its default, 0.05. 
[14Jul2025 20:09:56.976] [Server thread/WARN] [net.minecraftforge.common.ForgeConfigSpec/CORE]: Incorrect key secret.presence concealment.RIPPER_DAMAGE was corrected from null to its default, 2.5. 
[14Jul2025 20:09:56.976] [Server thread/WARN] [net.minecraftforge.common.ForgeConfigSpec/CORE]: Incorrect key secret.presence concealment.RIPPER_DAMAGE_BONUS_FROM_BEHIND was corrected from null to its default, 6.0. 
[14Jul2025 20:09:56.976] [Server thread/WARN] [net.minecraftforge.common.ForgeConfigSpec/CORE]: Incorrect key secret.presence concealment.RIPPER_DAMAGE_BONUS_SCALES_WITH_MANA was corrected from null to its default, false. 
[14Jul2025 20:09:56.976] [Server thread/WARN] [net.minecraftforge.common.ForgeConfigSpec/CORE]: Incorrect key secret.presence concealment.RIPPER_DURABILITY was corrected from null to its default, 1200. 
[14Jul2025 20:09:56.976] [Server thread/WARN] [net.minecraftforge.common.ForgeConfigSpec/CORE]: Incorrect key secret.presence concealment.RIPPER_FOG_MANA_COST was corrected from null to its default, 200. 
[14Jul2025 20:09:56.977] [Server thread/WARN] [net.minecraftforge.common.ForgeConfigSpec/CORE]: Incorrect key secret.presence concealment.RIPPER_INVIS_MANA_COST was corrected from null to its default, 0. 
[14Jul2025 20:09:56.977] [Server thread/WARN] [net.minecraftforge.common.ForgeConfigSpec/CORE]: Incorrect key secret.gandr was corrected from null to its default, SimpleCommentedConfig:{}. 
[14Jul2025 20:09:56.977] [Server thread/WARN] [net.minecraftforge.common.ForgeConfigSpec/CORE]: Incorrect key secret.gandr.GANDR_BLACK_PARTICLES_HIT was corrected from null to its default, 150. 
[14Jul2025 20:09:56.977] [Server thread/WARN] [net.minecraftforge.common.ForgeConfigSpec/CORE]: Incorrect key secret.gandr.GANDR_RED_PARTICLES_HIT was corrected from null to its default, 40. 
[14Jul2025 20:09:56.977] [Server thread/WARN] [net.minecraftforge.common.ForgeConfigSpec/CORE]: Incorrect key secret.gandr.GANDR_RED_PARTICLES_LAUNCH was corrected from null to its default, 25. 
[14Jul2025 20:09:56.978] [Server thread/WARN] [net.minecraftforge.common.ForgeConfigSpec/CORE]: Incorrect key secret.gandr.GANDR_HIT_RADIUS was corrected from null to its default, 6.0. 
[14Jul2025 20:09:56.978] [Server thread/WARN] [net.minecraftforge.common.ForgeConfigSpec/CORE]: Incorrect key secret.gandr.GANDR_CLOUD_DURATION was corrected from null to its default, 200. 
[14Jul2025 20:09:56.978] [Server thread/WARN] [net.minecraftforge.common.ForgeConfigSpec/CORE]: Incorrect key secret.gandr.GANDR_MANA_SCALES was corrected from null to its default, true. 
[14Jul2025 20:09:56.978] [Server thread/WARN] [net.minecraftforge.common.ForgeConfigSpec/CORE]: Incorrect key secret.gandr.GANDR_MANA_COST_FACTOR was corrected from null to its default, 0.05. 
[14Jul2025 20:09:56.978] [Server thread/WARN] [net.minecraftforge.common.ForgeConfigSpec/CORE]: Incorrect key secret.gandr.GANDR_DAMAGE_SCALES was corrected from null to its default, true. 
[14Jul2025 20:09:56.979] [Server thread/WARN] [net.minecraftforge.common.ForgeConfigSpec/CORE]: Incorrect key secret.gandr.GANDR_DAMAGE_FACTOR was corrected from null to its default, 0.009999999776482582. 
[14Jul2025 20:09:56.979] [Server thread/WARN] [net.minecraftforge.common.ForgeConfigSpec/CORE]: Incorrect key secret.gandr.GANDR_MAX_DAMAGE was corrected from null to its default, 1000.0. 
[14Jul2025 20:09:56.979] [Server thread/WARN] [net.minecraftforge.common.ForgeConfigSpec/CORE]: Incorrect key secret.gandr.GANDR_MIN_DAMAGE was corrected from null to its default, 5.0. 
[14Jul2025 20:09:56.979] [Server thread/WARN] [net.minecraftforge.common.ForgeConfigSpec/CORE]: Incorrect key secret.gandr.GANDR_SPEED was corrected from null to its default, 1.0. 
[14Jul2025 20:09:56.979] [Server thread/WARN] [net.minecraftforge.common.ForgeConfigSpec/CORE]: Incorrect key secret.gandr.GANDR_EFFECT_BLACKLIST was corrected from null to its default, []. 
[14Jul2025 20:09:56.979] [Server thread/WARN] [net.minecraftforge.common.ForgeConfigSpec/CORE]: Incorrect key secret.gandr.GANDR_EFFECT_WHITELIST was corrected from null to its default, [mahoutsukai:misfortune, mahoutsukai:bound, mahoutsukai:fear, mahoutsukai:black_burning, mahoutsukai:wounded, mahoutsukai:confusion]. 
[14Jul2025 20:09:56.979] [Server thread/WARN] [net.minecraftforge.common.ForgeConfigSpec/CORE]: Incorrect key secret.fallen down was corrected from null to its default, SimpleCommentedConfig:{}. 
[14Jul2025 20:09:56.979] [Server thread/WARN] [net.minecraftforge.common.ForgeConfigSpec/CORE]: Incorrect key secret.fallen down.FALLEN_DOWN_BLOCK_BREAK_PER_TICK was corrected from null to its default, 800. 
[14Jul2025 20:09:56.979] [Server thread/WARN] [net.minecraftforge.common.ForgeConfigSpec/CORE]: Incorrect key secret.fallen down.FALLEN_DOWN_RADIUS was corrected from null to its default, 30. 
[14Jul2025 20:09:56.979] [Server thread/WARN] [net.minecraftforge.common.ForgeConfigSpec/CORE]: Incorrect key secret.fallen down.FALLEN_DOWN_MANA_COST was corrected from null to its default, 2000. 
[14Jul2025 20:09:56.980] [Server thread/WARN] [net.minecraftforge.common.ForgeConfigSpec/CORE]: Incorrect key secret.fallen down.FALLEN_DOWN_BEAM_IN was corrected from null to its default, [minecraft:grass_block, minecraft:sand, minecraft:red_sand, minecraft:cobblestone, minecraft:clay, minecraft:ice, minecraft:packed_ice, minecraft:blue_ice]. 
[14Jul2025 20:09:56.980] [Server thread/WARN] [net.minecraftforge.common.ForgeConfigSpec/CORE]: Incorrect key secret.fallen down.FALLEN_DOWN_BEAM_OUT was corrected from null to its default, [minecraft:dirt, minecraft:glass, minecraft:red_stained_glass, minecraft:stone, minecraft:terracotta, minecraft:water, minecraft:water, minecraft:water]. 
[14Jul2025 20:09:56.980] [Server thread/WARN] [net.minecraftforge.common.ForgeConfigSpec/CORE]: Incorrect key secret.fallen down.FALLEN_DOWN_BEAM_DAMAGE was corrected from null to its default, 2.0. 
[14Jul2025 20:09:56.980] [Server thread/WARN] [net.minecraftforge.common.ForgeConfigSpec/CORE]: Incorrect key secret.fallen down.FALLEN_DOWN_BEAM_TARGET_HEALTH_PERCENTAGE_DAMAGE was corrected from null to its default, 0.05. 
[14Jul2025 20:09:56.980] [Server thread/WARN] [net.minecraftforge.common.ForgeConfigSpec/CORE]: Incorrect key secret.fallen down.FALLEN_DOWN_BEAM_GROWTH was corrected from null to its default, 0.12. 
[14Jul2025 20:09:56.981] [Server thread/WARN] [net.minecraftforge.common.ForgeConfigSpec/CORE]: Incorrect key secret.fallen down.FALLEN_DOWN_BEAM_MANA_SCALED_DAMAGE was corrected from null to its default, 0.0. 
[14Jul2025 20:09:56.981] [Server thread/WARN] [net.minecraftforge.common.ForgeConfigSpec/CORE]: Incorrect key secret.geas was corrected from null to its default, SimpleCommentedConfig:{}. 
[14Jul2025 20:09:56.981] [Server thread/WARN] [net.minecraftforge.common.ForgeConfigSpec/CORE]: Incorrect key secret.geas.GEAS_MANA_COST was corrected from null to its default, 30. 
[14Jul2025 20:09:56.981] [Server thread/WARN] [net.minecraftforge.common.ForgeConfigSpec/CORE]: Incorrect key secret.geas.MANA_REGEN_PER_GEAS was corrected from null to its default, 3.0. 
[14Jul2025 20:09:56.982] [Server thread/WARN] [net.minecraftforge.common.ForgeConfigSpec/CORE]: Incorrect key secret.geas.GEAS_MAX_MANA_REGEN was corrected from null to its default, 1.0E7. 
[14Jul2025 20:09:56.982] [Server thread/WARN] [net.minecraftforge.common.ForgeConfigSpec/CORE]: Incorrect key secret.geas.GEAS_BLACKLIST was corrected from null to its default, [minecraft:armor_stand]. 
[14Jul2025 20:09:56.982] [Server thread/WARN] [net.minecraftforge.common.ForgeConfigSpec/CORE]: Incorrect key secret.rule breaker was corrected from null to its default, SimpleCommentedConfig:{}. 
[14Jul2025 20:09:56.982] [Server thread/WARN] [net.minecraftforge.common.ForgeConfigSpec/CORE]: Incorrect key secret.rule breaker.RULE_BREAKER_DURABILITY was corrected from null to its default, 40. 
[14Jul2025 20:09:56.982] [Server thread/WARN] [net.minecraftforge.common.ForgeConfigSpec/CORE]: Incorrect key secret.rule breaker.RULE_BREAKER_DURATION was corrected from null to its default, 800. 
[14Jul2025 20:09:56.982] [Server thread/WARN] [net.minecraftforge.common.ForgeConfigSpec/CORE]: Incorrect key secret.rule breaker.RULE_BREAKER_MANA_COST was corrected from null to its default, 5000. 
[14Jul2025 20:09:56.983] [Server thread/WARN] [net.minecraftforge.common.ForgeConfigSpec/CORE]: Incorrect key secret.rule breaker.RULE_BREAKER_RANGE was corrected from null to its default, 20. 
[14Jul2025 20:09:56.983] [Server thread/WARN] [net.minecraftforge.common.ForgeConfigSpec/CORE]: Incorrect key secret.rule breaker.RULE_BREAKER_ITEM_WHITELIST was corrected from null to its default, [minecraft:chorus_fruit]. 
[14Jul2025 20:09:56.983] [Server thread/WARN] [net.minecraftforge.common.ForgeConfigSpec/CORE]: Incorrect key secret.selective displacement was corrected from null to its default, SimpleCommentedConfig:{}. 
[14Jul2025 20:09:56.983] [Server thread/WARN] [net.minecraftforge.common.ForgeConfigSpec/CORE]: Incorrect key secret.selective displacement.SELECTIVE_DISPLACEMENT_TIME was corrected from null to its default, 1200. 
[14Jul2025 20:09:56.983] [Server thread/WARN] [net.minecraftforge.common.ForgeConfigSpec/CORE]: Incorrect key secret.selective displacement.SELECTIVE_DISPLACEMENT_RANGE was corrected from null to its default, 40. 
[14Jul2025 20:09:56.984] [Server thread/WARN] [net.minecraftforge.common.ForgeConfigSpec/CORE]: Incorrect key secret.selective displacement.SELECTIVE_DISPLACEMENT_COOLDOWN was corrected from null to its default, 60. 
[14Jul2025 20:09:56.984] [Server thread/WARN] [net.minecraftforge.common.ForgeConfigSpec/CORE]: Incorrect key secret.selective displacement.SELECTIVE_DISPLACEMENT_MANA_COST was corrected from null to its default, 900. 
[14Jul2025 20:09:56.985] [Server thread/WARN] [net.minecraftforge.common.ForgeConfigSpec/CORE]: Incorrect key kodoku was corrected from null to its default, SimpleCommentedConfig:{}. 
[14Jul2025 20:09:56.985] [Server thread/WARN] [net.minecraftforge.common.ForgeConfigSpec/CORE]: Incorrect key kodoku.KODOKU_FIRE_CHANCE was corrected from null to its default, 0.1. 
[14Jul2025 20:09:56.986] [Server thread/WARN] [net.minecraftforge.common.ForgeConfigSpec/CORE]: Incorrect key kodoku.KODOKU_SPLASH_CHANCE was corrected from null to its default, 0.05. 
[14Jul2025 20:09:56.986] [Server thread/WARN] [net.minecraftforge.common.ForgeConfigSpec/CORE]: Incorrect key kodoku.KODOKU_HOP_CHANCE was corrected from null to its default, 0.08. 
[14Jul2025 20:09:56.986] [Server thread/WARN] [net.minecraftforge.common.ForgeConfigSpec/CORE]: Incorrect key kodoku.KODOKU_GLOW_CHANCE was corrected from null to its default, 0.02. 
[14Jul2025 20:09:56.986] [Server thread/WARN] [net.minecraftforge.common.ForgeConfigSpec/CORE]: Incorrect key kodoku.KODOKU_CONFUSE_CHANCE was corrected from null to its default, 0.01. 
[14Jul2025 20:09:56.986] [Server thread/WARN] [net.minecraftforge.common.ForgeConfigSpec/CORE]: Incorrect key kodoku.KODOKU_TELEPORT_CHANCE was corrected from null to its default, 0.08. 
[14Jul2025 20:09:56.986] [Server thread/WARN] [net.minecraftforge.common.ForgeConfigSpec/CORE]: Incorrect key kodoku.KODOKU_HUNGER_CHANCE was corrected from null to its default, 0.15. 
[14Jul2025 20:09:56.987] [Server thread/WARN] [net.minecraftforge.common.ForgeConfigSpec/CORE]: Incorrect key kodoku.KODOKU_MISFORTUNE_LIGHTNING_CHANCE was corrected from null to its default, 2.0E-5. 
[14Jul2025 20:09:56.987] [Server thread/WARN] [net.minecraftforge.common.ForgeConfigSpec/CORE]: Incorrect key kodoku.KODOKU_MISFORTUNE_AGGRO_CHANCE was corrected from null to its default, 4.0E-4. 
[14Jul2025 20:09:56.987] [Server thread/WARN] [net.minecraftforge.common.ForgeConfigSpec/CORE]: Incorrect key kodoku.KODOKU_MISFORTUNE_DROP_CHANCE was corrected from null to its default, 7.142857142857143E-5. 
[14Jul2025 20:09:56.987] [Server thread/WARN] [net.minecraftforge.common.ForgeConfigSpec/CORE]: Incorrect key kodoku.KODOKU_MISFORTUNE_TRIP_CHANCE was corrected from null to its default, 4.0E-5. 
[14Jul2025 20:09:56.987] [Server thread/WARN] [net.minecraftforge.common.ForgeConfigSpec/CORE]: Incorrect key kodoku.KODOKU_LOOT_DIVISOR was corrected from null to its default, 10. 
[14Jul2025 20:09:56.988] [Server thread/WARN] [net.minecraftforge.common.ForgeConfigSpec/CORE]: Incorrect key kodoku.KODOKU_TOOL_BREAK_DIVISOR was corrected from null to its default, 10. 
[14Jul2025 20:09:56.988] [Server thread/WARN] [net.minecraftforge.common.ForgeConfigSpec/CORE]: Incorrect key kodoku.KODOKU_HEALTH_FACTOR was corrected from null to its default, 0.1. 
[14Jul2025 20:09:56.988] [Server thread/WARN] [net.minecraftforge.common.ForgeConfigSpec/CORE]: Incorrect key kodoku.KODOKU_ARMOR_FACTOR was corrected from null to its default, 0.0. 
[14Jul2025 20:09:56.988] [Server thread/WARN] [net.minecraftforge.common.ForgeConfigSpec/CORE]: Incorrect key kodoku.KODOKU_HEALTH_FACTOR_MOB was corrected from null to its default, 0.1. 
[14Jul2025 20:09:56.988] [Server thread/WARN] [net.minecraftforge.common.ForgeConfigSpec/CORE]: Incorrect key kodoku.KODOKU_ARMOR_FACTOR_MOB was corrected from null to its default, 0.0. 
[14Jul2025 20:09:56.990] [Server thread/WARN] [net.minecraftforge.common.ForgeConfigSpec/CORE]: Incorrect key mana was corrected from null to its default, SimpleCommentedConfig:{}. 
[14Jul2025 20:09:56.990] [Server thread/WARN] [net.minecraftforge.common.ForgeConfigSpec/CORE]: Incorrect key mana.MAX_MANA_CAP was corrected from null to its default, 200000. 
[14Jul2025 20:09:56.990] [Server thread/WARN] [net.minecraftforge.common.ForgeConfigSpec/CORE]: Incorrect key mana.MANA_UP_COUNTER was corrected from null to its default, 100. 
[14Jul2025 20:09:56.990] [Server thread/WARN] [net.minecraftforge.common.ForgeConfigSpec/CORE]: Incorrect key mana.MANA_UP_COUNTER_RATIO was corrected from null to its default, 0.0. 
[14Jul2025 20:09:56.990] [Server thread/WARN] [net.minecraftforge.common.ForgeConfigSpec/CORE]: Incorrect key mana.MANA_UP_COUNTER_MAX was corrected from null to its default, 100. 
[14Jul2025 20:09:56.991] [Server thread/WARN] [net.minecraftforge.common.ForgeConfigSpec/CORE]: Incorrect key mana.MANA_ADDED_SCALING_REGEN_PER_TICK was corrected from null to its default, 0.0. 
[14Jul2025 20:09:56.991] [Server thread/WARN] [net.minecraftforge.common.ForgeConfigSpec/CORE]: Incorrect key mana.MANA_INCREASE was corrected from null to its default, 1. 
[14Jul2025 20:09:56.991] [Server thread/WARN] [net.minecraftforge.common.ForgeConfigSpec/CORE]: Incorrect key mana.MANA_REGEN_PER_TICK was corrected from null to its default, 1. 
[14Jul2025 20:09:56.991] [Server thread/WARN] [net.minecraftforge.common.ForgeConfigSpec/CORE]: Incorrect key mana.MANA_RECOVERY_SLEEP was corrected from null to its default, 0.5. 
[14Jul2025 20:09:56.991] [Server thread/WARN] [net.minecraftforge.common.ForgeConfigSpec/CORE]: Incorrect key mana.MANA_REGEN_HUNGER_FACTOR was corrected from null to its default, 1.0. 
[14Jul2025 20:09:56.992] [Server thread/WARN] [net.minecraftforge.common.ForgeConfigSpec/CORE]: Incorrect key mana.CREATIVE_IGNORES_MANA_COSTS was corrected from null to its default, true. 
[14Jul2025 20:09:56.992] [Server thread/WARN] [net.minecraftforge.common.ForgeConfigSpec/CORE]: Incorrect key mana.MANA_INCREASE_LOG_PUNISHMENT was corrected from null to its default, false. 
[14Jul2025 20:09:56.992] [Server thread/WARN] [net.minecraftforge.common.ForgeConfigSpec/CORE]: Incorrect key mana.MANA_INCREASE_PUNISHMENT_FACTOR was corrected from null to its default, 0.0. 
[14Jul2025 20:09:56.993] [Server thread/WARN] [net.minecraftforge.common.ForgeConfigSpec/CORE]: Incorrect key mana storage was corrected from null to its default, SimpleCommentedConfig:{}. 
[14Jul2025 20:09:56.994] [Server thread/WARN] [net.minecraftforge.common.ForgeConfigSpec/CORE]: Incorrect key mana storage.MANA_CIRCUIT_MAGITECH_CAPACITY was corrected from null to its default, 100000. 
[14Jul2025 20:09:56.994] [Server thread/WARN] [net.minecraftforge.common.ForgeConfigSpec/CORE]: Incorrect key mana storage.MANA_CIRCUIT_CAPACITY was corrected from null to its default, 100000. 
[14Jul2025 20:09:56.994] [Server thread/WARN] [net.minecraftforge.common.ForgeConfigSpec/CORE]: Incorrect key mana storage.MANA_CIRCUIT_RANGE was corrected from null to its default, 10. 
[14Jul2025 20:09:56.994] [Server thread/WARN] [net.minecraftforge.common.ForgeConfigSpec/CORE]: Incorrect key mana storage.ATTUNED_DIAMOND_CAPACITY was corrected from null to its default, 10000. 
[14Jul2025 20:09:56.994] [Server thread/WARN] [net.minecraftforge.common.ForgeConfigSpec/CORE]: Incorrect key mana storage.ATTUNED_EMERALD_CAPACITY was corrected from null to its default, 5000. 
[14Jul2025 20:09:56.996] [Server thread/WARN] [net.minecraftforge.common.ForgeConfigSpec/CORE]: Incorrect key projector was corrected from null to its default, SimpleCommentedConfig:{}. 
[14Jul2025 20:09:56.996] [Server thread/WARN] [net.minecraftforge.common.ForgeConfigSpec/CORE]: Incorrect key projector.MAGIC_CIRCLES was corrected from null to its default, []. 
[14Jul2025 20:09:56.996] [Server thread/WARN] [net.minecraftforge.common.ForgeConfigSpec/CORE]: Incorrect key projector.MAGIC_RUNES was corrected from null to its default, []. 
[14Jul2025 20:09:56.996] [Server thread/WARN] [net.minecraftforge.common.ForgeConfigSpec/CORE]: Incorrect key projector.PROJECTOR_DEFAULT_ROTATION_SPEED was corrected from null to its default, 1.0. 
[14Jul2025 20:09:56.997] [Server thread/WARN] [net.minecraftforge.common.ForgeConfigSpec/CORE]: Incorrect key projector.PROJECTOR_CONTINUES_ROTATE_WHEN_OFF was corrected from null to its default, false. 
[14Jul2025 20:09:56.997] [Server thread/WARN] [net.minecraftforge.common.ForgeConfigSpec/CORE]: Incorrect key projector.PROJECTOR_OFFSET_CAP was corrected from null to its default, 60.0. 
[14Jul2025 20:09:56.998] [Server thread/WARN] [net.minecraftforge.common.ForgeConfigSpec/CORE]: Incorrect key fogprojector was corrected from null to its default, SimpleCommentedConfig:{}. 
[14Jul2025 20:09:56.999] [Server thread/WARN] [net.minecraftforge.common.ForgeConfigSpec/CORE]: Incorrect key fogprojector.FOG_PROJECTOR_MAX_RADIUS was corrected from null to its default, 30.0. 
[14Jul2025 20:09:57.000] [Server thread/WARN] [net.minecraftforge.common.ForgeConfigSpec/CORE]: Incorrect key mystic code was corrected from null to its default, SimpleCommentedConfig:{}. 
[14Jul2025 20:09:57.000] [Server thread/WARN] [net.minecraftforge.common.ForgeConfigSpec/CORE]: Incorrect key mystic code.FIRST_SORCERY_DURABILITY was corrected from null to its default, 50. 
[14Jul2025 20:09:57.000] [Server thread/WARN] [net.minecraftforge.common.ForgeConfigSpec/CORE]: Incorrect key mystic code.MYSTIC_CODE_FIRST_SORCERY_BLACKLIST was corrected from null to its default, [mahoutsukai:scroll_boundary_drain_life]. 
[14Jul2025 20:09:57.001] [Server thread/WARN] [net.minecraftforge.common.ForgeConfigSpec/CORE]: Incorrect key mystic code.MYSTIC_CODE_ENCHANT_BLACKLIST was corrected from null to its default, []. 
[14Jul2025 20:09:57.003] [Server thread/WARN] [net.minecraftforge.common.ForgeConfigSpec/CORE]: Incorrect key other was corrected from null to its default, SimpleCommentedConfig:{}. 
[14Jul2025 20:09:57.003] [Server thread/WARN] [net.minecraftforge.common.ForgeConfigSpec/CORE]: Incorrect key other.BLEEDING_FROM_DAGGER_ONLY was corrected from null to its default, false. 
[14Jul2025 20:09:57.003] [Server thread/WARN] [net.minecraftforge.common.ForgeConfigSpec/CORE]: Incorrect key other.GLOBAL_LOOK_RANGE was corrected from null to its default, 100. 
[14Jul2025 20:09:57.003] [Server thread/WARN] [net.minecraftforge.common.ForgeConfigSpec/CORE]: Incorrect key other.CREATIVE_MODE_SPELLS was corrected from null to its default, false. 
[14Jul2025 20:09:57.003] [Server thread/WARN] [net.minecraftforge.common.ForgeConfigSpec/CORE]: Incorrect key other.MAGIC_DAMAGES_PLAYER was corrected from null to its default, false. 
[14Jul2025 20:09:57.004] [Server thread/WARN] [net.minecraftforge.common.ForgeConfigSpec/CORE]: Incorrect key other.MAGIC_DAMAGE_FLAT was corrected from null to its default, true. 
[14Jul2025 20:09:57.004] [Server thread/WARN] [net.minecraftforge.common.ForgeConfigSpec/CORE]: Incorrect key other.MAGIC_DAMAGE_VALUE was corrected from null to its default, 1.0. 
[14Jul2025 20:09:57.004] [Server thread/WARN] [net.minecraftforge.common.ForgeConfigSpec/CORE]: Incorrect key other.MAGIC_DAMAGE_GENERIC was corrected from null to its default, true. 
[14Jul2025 20:09:57.004] [Server thread/WARN] [net.minecraftforge.common.ForgeConfigSpec/CORE]: Incorrect key other.BLOOD_CIRCLE_SOLID_ONLY was corrected from null to its default, true. 
[14Jul2025 20:09:57.004] [Server thread/WARN] [net.minecraftforge.common.ForgeConfigSpec/CORE]: Incorrect key other.SPELL_BLACKLIST was corrected from null to its default, []. 
[14Jul2025 20:09:57.004] [Server thread/WARN] [net.minecraftforge.common.ForgeConfigSpec/CORE]: Incorrect key other.CHUNK_PACKET_REPLIES_ENABLED was corrected from null to its default, true. 
[14Jul2025 20:09:57.005] [Server thread/WARN] [net.minecraftforge.common.ForgeConfigSpec/CORE]: Incorrect key other.BUFF_CLEAR_ITEMS was corrected from null to its default, [minecraft:milk_bucket]. 
[14Jul2025 20:09:57.005] [Server thread/WARN] [net.minecraftforge.common.ForgeConfigSpec/CORE]: Incorrect key other.GAMESTAGES_ENABLED was corrected from null to its default, false. 
[14Jul2025 20:09:57.005] [Server thread/WARN] [net.minecraftforge.common.ForgeConfigSpec/CORE]: Incorrect key other.ARMOR_STANDS_IMMUNE was corrected from null to its default, true. 
[14Jul2025 20:09:57.006] [Server thread/WARN] [net.minecraftforge.common.ForgeConfigSpec/CORE]: Incorrect key other.ONE_LIFE was corrected from null to its default, false. 
[14Jul2025 20:09:57.006] [Server thread/WARN] [net.minecraftforge.common.ForgeConfigSpec/CORE]: Incorrect key other.ACTIVE_MAGIC_CIRCLE_NAMES was corrected from null to its default, [mahoutsukai:mahoujin_drain_life_barrier]. 
[14Jul2025 20:09:57.006] [Server thread/WARN] [net.minecraftforge.common.ForgeConfigSpec/CORE]: Incorrect key other.ACTIVE_MAGIC_CIRCLE_LIMITS was corrected from null to its default, [10]. 
[14Jul2025 20:09:57.006] [Server thread/WARN] [net.minecraftforge.common.ForgeConfigSpec/CORE]: Incorrect key other.ACTIVE_MAGIC_CIRCLE_REPLACEMENT_TIME was corrected from null to its default, 201. 
[14Jul2025 20:09:57.012] [Server thread/WARN] [net.minecraftforge.common.ForgeConfigSpec/CORE]: Configuration file ./world/serverconfig/chiselsandbits-server.toml is not correct. Correcting
[14Jul2025 20:09:57.013] [Server thread/WARN] [net.minecraftforge.common.ForgeConfigSpec/CORE]: Incorrect key balancing was corrected from null to its default, SimpleCommentedConfig:{}. 
[14Jul2025 20:09:57.013] [Server thread/WARN] [net.minecraftforge.common.ForgeConfigSpec/CORE]: Incorrect key balancing.blacklist-random-ticking-blocks was corrected from null to its default, false. 
[14Jul2025 20:09:57.013] [Server thread/WARN] [net.minecraftforge.common.ForgeConfigSpec/CORE]: Incorrect key balancing.enable-compatibility-mode was corrected from null to its default, false. 
[14Jul2025 20:09:57.013] [Server thread/WARN] [net.minecraftforge.common.ForgeConfigSpec/CORE]: Incorrect key balancing.bit-bag-stack-size was corrected from null to its default, 512. 
[14Jul2025 20:09:57.014] [Server thread/WARN] [net.minecraftforge.common.ForgeConfigSpec/CORE]: Incorrect key balancing.change-tracker-size was corrected from null to its default, 20. 
[14Jul2025 20:09:57.014] [Server thread/WARN] [net.minecraftforge.common.ForgeConfigSpec/CORE]: Incorrect key balancing.delete-excess-bits was corrected from null to its default, true. 
[14Jul2025 20:09:57.014] [Server thread/WARN] [net.minecraftforge.common.ForgeConfigSpec/CORE]: Incorrect key balancing.light-factor-multiplier was corrected from null to its default, 1.0. 
[14Jul2025 20:09:57.015] [Server thread/WARN] [net.minecraftforge.common.ForgeConfigSpec/CORE]: Incorrect key style was corrected from null to its default, SimpleCommentedConfig:{}. 
[14Jul2025 20:09:57.015] [Server thread/WARN] [net.minecraftforge.common.ForgeConfigSpec/CORE]: Incorrect key style.bit-size was corrected from null to its default, ONE_SIXTEENTH. 
[14Jul2025 20:09:57.017] [Server thread/WARN] [net.minecraftforge.common.ForgeConfigSpec/CORE]: Configuration file ./world/serverconfig/epicfight-server.toml is not correct. Correcting
[14Jul2025 20:09:57.018] [Server thread/WARN] [net.minecraftforge.common.ForgeConfigSpec/CORE]: Incorrect key allow_custom_animations was corrected from null to its default, false. 
[14Jul2025 20:09:57.020] [Server thread/WARN] [net.minecraftforge.common.ForgeConfigSpec/CORE]: Configuration file ./world/serverconfig/irons_spellbooks-server.toml is not correct. Correcting
[14Jul2025 20:09:57.021] [Server thread/WARN] [net.minecraftforge.common.ForgeConfigSpec/CORE]: Incorrect key Misc was corrected from null to its default, SimpleCommentedConfig:{}. 
[14Jul2025 20:09:57.022] [Server thread/WARN] [net.minecraftforge.common.ForgeConfigSpec/CORE]: Incorrect key Misc.rarityConfig was corrected from null to its default, [0.3, 0.25, 0.2, 0.15, 0.1]. 
[14Jul2025 20:09:57.022] [Server thread/WARN] [net.minecraftforge.common.ForgeConfigSpec/CORE]: Incorrect key Misc.swordsConsumeMana was corrected from null to its default, true. 
[14Jul2025 20:09:57.022] [Server thread/WARN] [net.minecraftforge.common.ForgeConfigSpec/CORE]: Incorrect key Misc.swordsCooldownMultiplier was corrected from null to its default, 0.5. 
[14Jul2025 20:09:57.022] [Server thread/WARN] [net.minecraftforge.common.ForgeConfigSpec/CORE]: Incorrect key Misc.canAttackOwnSummons was corrected from null to its default, false. 
[14Jul2025 20:09:57.023] [Server thread/WARN] [net.minecraftforge.common.ForgeConfigSpec/CORE]: Incorrect key Misc.maxUpgrades was corrected from null to its default, 3. 
[14Jul2025 20:09:57.023] [Server thread/WARN] [net.minecraftforge.common.ForgeConfigSpec/CORE]: Incorrect key Misc.manaSpawnPercent was corrected from null to its default, 0.0. 
[14Jul2025 20:09:57.023] [Server thread/WARN] [net.minecraftforge.common.ForgeConfigSpec/CORE]: Incorrect key Misc.scrollRecycleChance was corrected from null to its default, 0.5. 
[14Jul2025 20:09:57.023] [Server thread/WARN] [net.minecraftforge.common.ForgeConfigSpec/CORE]: Incorrect key Misc.allowCauldronBrewing was corrected from null to its default, true. 
[14Jul2025 20:09:57.023] [Server thread/WARN] [net.minecraftforge.common.ForgeConfigSpec/CORE]: Incorrect key Misc.furledMapSkipsExistingChunks was corrected from null to its default, true. 
[14Jul2025 20:09:57.023] [Server thread/WARN] [net.minecraftforge.common.ForgeConfigSpec/CORE]: Incorrect key Misc.applyAllMultihandAttributes was corrected from null to its default, true. 
[14Jul2025 20:09:57.023] [Server thread/WARN] [net.minecraftforge.common.ForgeConfigSpec/CORE]: Incorrect key Misc.betterCreeperThunderHit was corrected from null to its default, true. 
[14Jul2025 20:09:57.023] [Server thread/WARN] [net.minecraftforge.common.ForgeConfigSpec/CORE]: Incorrect key Misc.spellGriefing was corrected from null to its default, false. 
[14Jul2025 20:09:57.023] [Server thread/WARN] [net.minecraftforge.common.ForgeConfigSpec/CORE]: Incorrect key Misc.additionalWanderingTraderTrades was corrected from null to its default, true. 
[14Jul2025 20:09:57.023] [Server thread/WARN] [net.minecraftforge.common.ForgeConfigSpec/CORE]: Incorrect key Misc.disableAdventureModeCasting was corrected from null to its default, false. 
[14Jul2025 20:09:57.024] [Server thread/WARN] [net.minecraftforge.common.ForgeConfigSpec/CORE]: Incorrect key Upgrade Overrides was corrected from null to its default, SimpleCommentedConfig:{}. 
[14Jul2025 20:09:57.024] [Server thread/WARN] [net.minecraftforge.common.ForgeConfigSpec/CORE]: Incorrect key Upgrade Overrides.scrollMerging was corrected from null to its default, true. 
[14Jul2025 20:09:57.024] [Server thread/WARN] [net.minecraftforge.common.ForgeConfigSpec/CORE]: Incorrect key Upgrade Overrides.upgradeWhitelist was corrected from null to its default, []. 
[14Jul2025 20:09:57.024] [Server thread/WARN] [net.minecraftforge.common.ForgeConfigSpec/CORE]: Incorrect key Upgrade Overrides.upgradeBlacklist was corrected from null to its default, []. 
[14Jul2025 20:09:57.024] [Server thread/WARN] [net.minecraftforge.common.ForgeConfigSpec/CORE]: Incorrect key Imbue Overrides was corrected from null to its default, SimpleCommentedConfig:{}. 
[14Jul2025 20:09:57.025] [Server thread/WARN] [net.minecraftforge.common.ForgeConfigSpec/CORE]: Incorrect key Imbue Overrides.imbueWhitelist was corrected from null to its default, []. 
[14Jul2025 20:09:57.025] [Server thread/WARN] [net.minecraftforge.common.ForgeConfigSpec/CORE]: Incorrect key Imbue Overrides.imbueBlacklist was corrected from null to its default, []. 
[14Jul2025 20:09:57.027] [Server thread/WARN] [net.minecraftforge.common.ForgeConfigSpec/CORE]: Incorrect key Worldgen was corrected from null to its default, SimpleCommentedConfig:{}. 
[14Jul2025 20:09:57.027] [Server thread/WARN] [net.minecraftforge.common.ForgeConfigSpec/CORE]: Incorrect key Worldgen.priestHouseWeight was corrected from null to its default, 4. 
[14Jul2025 20:09:57.028] [Server thread/WARN] [net.minecraftforge.common.ForgeConfigSpec/CORE]: Incorrect key Spells was corrected from null to its default, SimpleCommentedConfig:{}. 
[14Jul2025 20:09:57.028] [Server thread/WARN] [net.minecraftforge.common.ForgeConfigSpec/CORE]: Incorrect key Spells.irons_spellbooks:fireball was corrected from null to its default, SimpleCommentedConfig:{}. 
[14Jul2025 20:09:57.028] [Server thread/WARN] [net.minecraftforge.common.ForgeConfigSpec/CORE]: Incorrect key Spells.irons_spellbooks:fireball.Enabled was corrected from null to its default, true. 
[14Jul2025 20:09:57.028] [Server thread/WARN] [net.minecraftforge.common.ForgeConfigSpec/CORE]: Incorrect key Spells.irons_spellbooks:fireball.School was corrected from null to its default, irons_spellbooks:fire. 
[14Jul2025 20:09:57.029] [Server thread/WARN] [net.minecraftforge.common.ForgeConfigSpec/CORE]: Incorrect key Spells.irons_spellbooks:fireball.MaxLevel was corrected from null to its default, 5. 
[14Jul2025 20:09:57.029] [Server thread/WARN] [net.minecraftforge.common.ForgeConfigSpec/CORE]: Incorrect key Spells.irons_spellbooks:fireball.MinRarity was corrected from null to its default, RARE. 
[14Jul2025 20:09:57.029] [Server thread/WARN] [net.minecraftforge.common.ForgeConfigSpec/CORE]: Incorrect key Spells.irons_spellbooks:fireball.ManaCostMultiplier was corrected from null to its default, 1.0. 
[14Jul2025 20:09:57.029] [Server thread/WARN] [net.minecraftforge.common.ForgeConfigSpec/CORE]: Incorrect key Spells.irons_spellbooks:fireball.SpellPowerMultiplier was corrected from null to its default, 1.0. 
[14Jul2025 20:09:57.029] [Server thread/WARN] [net.minecraftforge.common.ForgeConfigSpec/CORE]: Incorrect key Spells.irons_spellbooks:fireball.CooldownInSeconds was corrected from null to its default, 25.0. 
[14Jul2025 20:09:57.030] [Server thread/WARN] [net.minecraftforge.common.ForgeConfigSpec/CORE]: Incorrect key Spells.irons_spellbooks:fireball.AllowCrafting was corrected from null to its default, true. 
[14Jul2025 20:09:57.030] [Server thread/WARN] [net.minecraftforge.common.ForgeConfigSpec/CORE]: Incorrect key Spells.irons_spellbooks:heat_surge was corrected from null to its default, SimpleCommentedConfig:{}. 
[14Jul2025 20:09:57.030] [Server thread/WARN] [net.minecraftforge.common.ForgeConfigSpec/CORE]: Incorrect key Spells.irons_spellbooks:heat_surge.Enabled was corrected from null to its default, true. 
[14Jul2025 20:09:57.030] [Server thread/WARN] [net.minecraftforge.common.ForgeConfigSpec/CORE]: Incorrect key Spells.irons_spellbooks:heat_surge.School was corrected from null to its default, irons_spellbooks:fire. 
[14Jul2025 20:09:57.031] [Server thread/WARN] [net.minecraftforge.common.ForgeConfigSpec/CORE]: Incorrect key Spells.irons_spellbooks:heat_surge.MaxLevel was corrected from null to its default, 8. 
[14Jul2025 20:09:57.031] [Server thread/WARN] [net.minecraftforge.common.ForgeConfigSpec/CORE]: Incorrect key Spells.irons_spellbooks:heat_surge.MinRarity was corrected from null to its default, COMMON. 
[14Jul2025 20:09:57.031] [Server thread/WARN] [net.minecraftforge.common.ForgeConfigSpec/CORE]: Incorrect key Spells.irons_spellbooks:heat_surge.ManaCostMultiplier was corrected from null to its default, 1.0. 
[14Jul2025 20:09:57.031] [Server thread/WARN] [net.minecraftforge.common.ForgeConfigSpec/CORE]: Incorrect key Spells.irons_spellbooks:heat_surge.SpellPowerMultiplier was corrected from null to its default, 1.0. 
[14Jul2025 20:09:57.032] [Server thread/WARN] [net.minecraftforge.common.ForgeConfigSpec/CORE]: Incorrect key Spells.irons_spellbooks:heat_surge.CooldownInSeconds was corrected from null to its default, 45.0. 
[14Jul2025 20:09:57.032] [Server thread/WARN] [net.minecraftforge.common.ForgeConfigSpec/CORE]: Incorrect key Spells.irons_spellbooks:heat_surge.AllowCrafting was corrected from null to its default, true. 
[14Jul2025 20:09:57.032] [Server thread/WARN] [net.minecraftforge.common.ForgeConfigSpec/CORE]: Incorrect key Spells.irons_spellbooks:wall_of_fire was corrected from null to its default, SimpleCommentedConfig:{}. 
[14Jul2025 20:09:57.032] [Server thread/WARN] [net.minecraftforge.common.ForgeConfigSpec/CORE]: Incorrect key Spells.irons_spellbooks:wall_of_fire.Enabled was corrected from null to its default, true. 
[14Jul2025 20:09:57.032] [Server thread/WARN] [net.minecraftforge.common.ForgeConfigSpec/CORE]: Incorrect key Spells.irons_spellbooks:wall_of_fire.School was corrected from null to its default, irons_spellbooks:fire. 
[14Jul2025 20:09:57.033] [Server thread/WARN] [net.minecraftforge.common.ForgeConfigSpec/CORE]: Incorrect key Spells.irons_spellbooks:wall_of_fire.MaxLevel was corrected from null to its default, 5. 
[14Jul2025 20:09:57.033] [Server thread/WARN] [net.minecraftforge.common.ForgeConfigSpec/CORE]: Incorrect key Spells.irons_spellbooks:wall_of_fire.MinRarity was corrected from null to its default, COMMON. 
[14Jul2025 20:09:57.033] [Server thread/WARN] [net.minecraftforge.common.ForgeConfigSpec/CORE]: Incorrect key Spells.irons_spellbooks:wall_of_fire.ManaCostMultiplier was corrected from null to its default, 1.0. 
[14Jul2025 20:09:57.033] [Server thread/WARN] [net.minecraftforge.common.ForgeConfigSpec/CORE]: Incorrect key Spells.irons_spellbooks:wall_of_fire.SpellPowerMultiplier was corrected from null to its default, 1.0. 
[14Jul2025 20:09:57.034] [Server thread/WARN] [net.minecraftforge.common.ForgeConfigSpec/CORE]: Incorrect key Spells.irons_spellbooks:wall_of_fire.CooldownInSeconds was corrected from null to its default, 30.0. 
[14Jul2025 20:09:57.034] [Server thread/WARN] [net.minecraftforge.common.ForgeConfigSpec/CORE]: Incorrect key Spells.irons_spellbooks:wall_of_fire.AllowCrafting was corrected from null to its default, true. 
[14Jul2025 20:09:57.034] [Server thread/WARN] [net.minecraftforge.common.ForgeConfigSpec/CORE]: Incorrect key Spells.irons_spellbooks:fire_breath was corrected from null to its default, SimpleCommentedConfig:{}. 
[14Jul2025 20:09:57.034] [Server thread/WARN] [net.minecraftforge.common.ForgeConfigSpec/CORE]: Incorrect key Spells.irons_spellbooks:fire_breath.Enabled was corrected from null to its default, true. 
[14Jul2025 20:09:57.034] [Server thread/WARN] [net.minecraftforge.common.ForgeConfigSpec/CORE]: Incorrect key Spells.irons_spellbooks:fire_breath.School was corrected from null to its default, irons_spellbooks:fire. 
[14Jul2025 20:09:57.035] [Server thread/WARN] [net.minecraftforge.common.ForgeConfigSpec/CORE]: Incorrect key Spells.irons_spellbooks:fire_breath.MaxLevel was corrected from null to its default, 10. 
[14Jul2025 20:09:57.035] [Server thread/WARN] [net.minecraftforge.common.ForgeConfigSpec/CORE]: Incorrect key Spells.irons_spellbooks:fire_breath.MinRarity was corrected from null to its default, COMMON. 
[14Jul2025 20:09:57.035] [Server thread/WARN] [net.minecraftforge.common.ForgeConfigSpec/CORE]: Incorrect key Spells.irons_spellbooks:fire_breath.ManaCostMultiplier was corrected from null to its default, 1.0. 
[14Jul2025 20:09:57.035] [Server thread/WARN] [net.minecraftforge.common.ForgeConfigSpec/CORE]: Incorrect key Spells.irons_spellbooks:fire_breath.SpellPowerMultiplier was corrected from null to its default, 1.0. 
[14Jul2025 20:09:57.035] [Server thread/WARN] [net.minecraftforge.common.ForgeConfigSpec/CORE]: Incorrect key Spells.irons_spellbooks:fire_breath.CooldownInSeconds was corrected from null to its default, 12.0. 
[14Jul2025 20:09:57.036] [Server thread/WARN] [net.minecraftforge.common.ForgeConfigSpec/CORE]: Incorrect key Spells.irons_spellbooks:fire_breath.AllowCrafting was corrected from null to its default, true. 
[14Jul2025 20:09:57.036] [Server thread/WARN] [net.minecraftforge.common.ForgeConfigSpec/CORE]: Incorrect key Spells.irons_spellbooks:magma_bomb was corrected from null to its default, SimpleCommentedConfig:{}. 
[14Jul2025 20:09:57.036] [Server thread/WARN] [net.minecraftforge.common.ForgeConfigSpec/CORE]: Incorrect key Spells.irons_spellbooks:magma_bomb.Enabled was corrected from null to its default, true. 
[14Jul2025 20:09:57.036] [Server thread/WARN] [net.minecraftforge.common.ForgeConfigSpec/CORE]: Incorrect key Spells.irons_spellbooks:magma_bomb.School was corrected from null to its default, irons_spellbooks:fire. 
[14Jul2025 20:09:57.037] [Server thread/WARN] [net.minecraftforge.common.ForgeConfigSpec/CORE]: Incorrect key Spells.irons_spellbooks:magma_bomb.MaxLevel was corrected from null to its default, 8. 
[14Jul2025 20:09:57.037] [Server thread/WARN] [net.minecraftforge.common.ForgeConfigSpec/CORE]: Incorrect key Spells.irons_spellbooks:magma_bomb.MinRarity was corrected from null to its default, UNCOMMON. 
[14Jul2025 20:09:57.037] [Server thread/WARN] [net.minecraftforge.common.ForgeConfigSpec/CORE]: Incorrect key Spells.irons_spellbooks:magma_bomb.ManaCostMultiplier was corrected from null to its default, 1.0. 
[14Jul2025 20:09:57.038] [Server thread/WARN] [net.minecraftforge.common.ForgeConfigSpec/CORE]: Incorrect key Spells.irons_spellbooks:magma_bomb.SpellPowerMultiplier was corrected from null to its default, 1.0. 
[14Jul2025 20:09:57.038] [Server thread/WARN] [net.minecraftforge.common.ForgeConfigSpec/CORE]: Incorrect key Spells.irons_spellbooks:magma_bomb.CooldownInSeconds was corrected from null to its default, 12.0. 
[14Jul2025 20:09:57.038] [Server thread/WARN] [net.minecraftforge.common.ForgeConfigSpec/CORE]: Incorrect key Spells.irons_spellbooks:magma_bomb.AllowCrafting was corrected from null to its default, true. 
[14Jul2025 20:09:57.038] [Server thread/WARN] [net.minecraftforge.common.ForgeConfigSpec/CORE]: Incorrect key Spells.irons_spellbooks:scorch was corrected from null to its default, SimpleCommentedConfig:{}. 
[14Jul2025 20:09:57.038] [Server thread/WARN] [net.minecraftforge.common.ForgeConfigSpec/CORE]: Incorrect key Spells.irons_spellbooks:scorch.Enabled was corrected from null to its default, true. 
[14Jul2025 20:09:57.039] [Server thread/WARN] [net.minecraftforge.common.ForgeConfigSpec/CORE]: Incorrect key Spells.irons_spellbooks:scorch.School was corrected from null to its default, irons_spellbooks:fire. 
[14Jul2025 20:09:57.039] [Server thread/WARN] [net.minecraftforge.common.ForgeConfigSpec/CORE]: Incorrect key Spells.irons_spellbooks:scorch.MaxLevel was corrected from null to its default, 10. 
[14Jul2025 20:09:57.039] [Server thread/WARN] [net.minecraftforge.common.ForgeConfigSpec/CORE]: Incorrect key Spells.irons_spellbooks:scorch.MinRarity was corrected from null to its default, UNCOMMON. 
[14Jul2025 20:09:57.039] [Server thread/WARN] [net.minecraftforge.common.ForgeConfigSpec/CORE]: Incorrect key Spells.irons_spellbooks:scorch.ManaCostMultiplier was corrected from null to its default, 1.0. 
[14Jul2025 20:09:57.039] [Server thread/WARN] [net.minecraftforge.common.ForgeConfigSpec/CORE]: Incorrect key Spells.irons_spellbooks:scorch.SpellPowerMultiplier was corrected from null to its default, 1.0. 
[14Jul2025 20:09:57.040] [Server thread/WARN] [net.minecraftforge.common.ForgeConfigSpec/CORE]: Incorrect key Spells.irons_spellbooks:scorch.CooldownInSeconds was corrected from null to its default, 12.0. 
[14Jul2025 20:09:57.040] [Server thread/WARN] [net.minecraftforge.common.ForgeConfigSpec/CORE]: Incorrect key Spells.irons_spellbooks:scorch.AllowCrafting was corrected from null to its default, true. 
[14Jul2025 20:09:57.040] [Server thread/WARN] [net.minecraftforge.common.ForgeConfigSpec/CORE]: Incorrect key Spells.irons_spellbooks:burning_dash was corrected from null to its default, SimpleCommentedConfig:{}. 
[14Jul2025 20:09:57.040] [Server thread/WARN] [net.minecraftforge.common.ForgeConfigSpec/CORE]: Incorrect key Spells.irons_spellbooks:burning_dash.Enabled was corrected from null to its default, true. 
[14Jul2025 20:09:57.040] [Server thread/WARN] [net.minecraftforge.common.ForgeConfigSpec/CORE]: Incorrect key Spells.irons_spellbooks:burning_dash.School was corrected from null to its default, irons_spellbooks:fire. 
[14Jul2025 20:09:57.041] [Server thread/WARN] [net.minecraftforge.common.ForgeConfigSpec/CORE]: Incorrect key Spells.irons_spellbooks:burning_dash.MaxLevel was corrected from null to its default, 10. 
[14Jul2025 20:09:57.041] [Server thread/WARN] [net.minecraftforge.common.ForgeConfigSpec/CORE]: Incorrect key Spells.irons_spellbooks:burning_dash.MinRarity was corrected from null to its default, COMMON. 
[14Jul2025 20:09:57.041] [Server thread/WARN] [net.minecraftforge.common.ForgeConfigSpec/CORE]: Incorrect key Spells.irons_spellbooks:burning_dash.ManaCostMultiplier was corrected from null to its default, 1.0. 
[14Jul2025 20:09:57.041] [Server thread/WARN] [net.minecraftforge.common.ForgeConfigSpec/CORE]: Incorrect key Spells.irons_spellbooks:burning_dash.SpellPowerMultiplier was corrected from null to its default, 1.0. 
[14Jul2025 20:09:57.042] [Server thread/WARN] [net.minecraftforge.common.ForgeConfigSpec/CORE]: Incorrect key Spells.irons_spellbooks:burning_dash.CooldownInSeconds was corrected from null to its default, 10.0. 
[14Jul2025 20:09:57.042] [Server thread/WARN] [net.minecraftforge.common.ForgeConfigSpec/CORE]: Incorrect key Spells.irons_spellbooks:burning_dash.AllowCrafting was corrected from null to its default, true. 
[14Jul2025 20:09:57.042] [Server thread/WARN] [net.minecraftforge.common.ForgeConfigSpec/CORE]: Incorrect key Spells.irons_spellbooks:blaze_storm was corrected from null to its default, SimpleCommentedConfig:{}. 
[14Jul2025 20:09:57.042] [Server thread/WARN] [net.minecraftforge.common.ForgeConfigSpec/CORE]: Incorrect key Spells.irons_spellbooks:blaze_storm.Enabled was corrected from null to its default, true. 
[14Jul2025 20:09:57.043] [Server thread/WARN] [net.minecraftforge.common.ForgeConfigSpec/CORE]: Incorrect key Spells.irons_spellbooks:blaze_storm.School was corrected from null to its default, irons_spellbooks:fire. 
[14Jul2025 20:09:57.043] [Server thread/WARN] [net.minecraftforge.common.ForgeConfigSpec/CORE]: Incorrect key Spells.irons_spellbooks:blaze_storm.MaxLevel was corrected from null to its default, 10. 
[14Jul2025 20:09:57.043] [Server thread/WARN] [net.minecraftforge.common.ForgeConfigSpec/CORE]: Incorrect key Spells.irons_spellbooks:blaze_storm.MinRarity was corrected from null to its default, COMMON. 
[14Jul2025 20:09:57.043] [Server thread/WARN] [net.minecraftforge.common.ForgeConfigSpec/CORE]: Incorrect key Spells.irons_spellbooks:blaze_storm.ManaCostMultiplier was corrected from null to its default, 1.0. 
[14Jul2025 20:09:57.044] [Server thread/WARN] [net.minecraftforge.common.ForgeConfigSpec/CORE]: Incorrect key Spells.irons_spellbooks:blaze_storm.SpellPowerMultiplier was corrected from null to its default, 1.0. 
[14Jul2025 20:09:57.044] [Server thread/WARN] [net.minecraftforge.common.ForgeConfigSpec/CORE]: Incorrect key Spells.irons_spellbooks:blaze_storm.CooldownInSeconds was corrected from null to its default, 20.0. 
[14Jul2025 20:09:57.044] [Server thread/WARN] [net.minecraftforge.common.ForgeConfigSpec/CORE]: Incorrect key Spells.irons_spellbooks:blaze_storm.AllowCrafting was corrected from null to its default, true. 
[14Jul2025 20:09:57.044] [Server thread/WARN] [net.minecraftforge.common.ForgeConfigSpec/CORE]: Incorrect key Spells.irons_spellbooks:firebolt was corrected from null to its default, SimpleCommentedConfig:{}. 
[14Jul2025 20:09:57.044] [Server thread/WARN] [net.minecraftforge.common.ForgeConfigSpec/CORE]: Incorrect key Spells.irons_spellbooks:firebolt.Enabled was corrected from null to its default, true. 
[14Jul2025 20:09:57.045] [Server thread/WARN] [net.minecraftforge.common.ForgeConfigSpec/CORE]: Incorrect key Spells.irons_spellbooks:firebolt.School was corrected from null to its default, irons_spellbooks:fire. 
[14Jul2025 20:09:57.045] [Server thread/WARN] [net.minecraftforge.common.ForgeConfigSpec/CORE]: Incorrect key Spells.irons_spellbooks:firebolt.MaxLevel was corrected from null to its default, 10. 
[14Jul2025 20:09:57.045] [Server thread/WARN] [net.minecraftforge.common.ForgeConfigSpec/CORE]: Incorrect key Spells.irons_spellbooks:firebolt.MinRarity was corrected from null to its default, COMMON. 
[14Jul2025 20:09:57.045] [Server thread/WARN] [net.minecraftforge.common.ForgeConfigSpec/CORE]: Incorrect key Spells.irons_spellbooks:firebolt.ManaCostMultiplier was corrected from null to its default, 1.0. 
[14Jul2025 20:09:57.045] [Server thread/WARN] [net.minecraftforge.common.ForgeConfigSpec/CORE]: Incorrect key Spells.irons_spellbooks:firebolt.SpellPowerMultiplier was corrected from null to its default, 1.0. 
[14Jul2025 20:09:57.046] [Server thread/WARN] [net.minecraftforge.common.ForgeConfigSpec/CORE]: Incorrect key Spells.irons_spellbooks:firebolt.CooldownInSeconds was corrected from null to its default, 1.0. 
[14Jul2025 20:09:57.046] [Server thread/WARN] [net.minecraftforge.common.ForgeConfigSpec/CORE]: Incorrect key Spells.irons_spellbooks:firebolt.AllowCrafting was corrected from null to its default, true. 
[14Jul2025 20:09:57.046] [Server thread/WARN] [net.minecraftforge.common.ForgeConfigSpec/CORE]: Incorrect key Spells.irons_spellbooks:flaming_barrage was corrected from null to its default, SimpleCommentedConfig:{}. 
[14Jul2025 20:09:57.046] [Server thread/WARN] [net.minecraftforge.common.ForgeConfigSpec/CORE]: Incorrect key Spells.irons_spellbooks:flaming_barrage.Enabled was corrected from null to its default, true. 
[14Jul2025 20:09:57.047] [Server thread/WARN] [net.minecraftforge.common.ForgeConfigSpec/CORE]: Incorrect key Spells.irons_spellbooks:flaming_barrage.School was corrected from null to its default, irons_spellbooks:fire. 
[14Jul2025 20:09:57.047] [Server thread/WARN] [net.minecraftforge.common.ForgeConfigSpec/CORE]: Incorrect key Spells.irons_spellbooks:flaming_barrage.MaxLevel was corrected from null to its default, 5. 
[14Jul2025 20:09:57.047] [Server thread/WARN] [net.minecraftforge.common.ForgeConfigSpec/CORE]: Incorrect key Spells.irons_spellbooks:flaming_barrage.MinRarity was corrected from null to its default, RARE. 
[14Jul2025 20:09:57.047] [Server thread/WARN] [net.minecraftforge.common.ForgeConfigSpec/CORE]: Incorrect key Spells.irons_spellbooks:flaming_barrage.ManaCostMultiplier was corrected from null to its default, 1.0. 
[14Jul2025 20:09:57.048] [Server thread/WARN] [net.minecraftforge.common.ForgeConfigSpec/CORE]: Incorrect key Spells.irons_spellbooks:flaming_barrage.SpellPowerMultiplier was corrected from null to its default, 1.0. 
[14Jul2025 20:09:57.048] [Server thread/WARN] [net.minecraftforge.common.ForgeConfigSpec/CORE]: Incorrect key Spells.irons_spellbooks:flaming_barrage.CooldownInSeconds was corrected from null to its default, 15.0. 
[14Jul2025 20:09:57.049] [Server thread/WARN] [net.minecraftforge.common.ForgeConfigSpec/CORE]: Incorrect key Spells.irons_spellbooks:flaming_barrage.AllowCrafting was corrected from null to its default, true. 
[14Jul2025 20:09:57.049] [Server thread/WARN] [net.minecraftforge.common.ForgeConfigSpec/CORE]: Incorrect key Spells.irons_spellbooks:flaming_strike was corrected from null to its default, SimpleCommentedConfig:{}. 
[14Jul2025 20:09:57.049] [Server thread/WARN] [net.minecraftforge.common.ForgeConfigSpec/CORE]: Incorrect key Spells.irons_spellbooks:flaming_strike.Enabled was corrected from null to its default, true. 
[14Jul2025 20:09:57.049] [Server thread/WARN] [net.minecraftforge.common.ForgeConfigSpec/CORE]: Incorrect key Spells.irons_spellbooks:flaming_strike.School was corrected from null to its default, irons_spellbooks:fire. 
[14Jul2025 20:09:57.049] [Server thread/WARN] [net.minecraftforge.common.ForgeConfigSpec/CORE]: Incorrect key Spells.irons_spellbooks:flaming_strike.MaxLevel was corrected from null to its default, 5. 
[14Jul2025 20:09:57.049] [Server thread/WARN] [net.minecraftforge.common.ForgeConfigSpec/CORE]: Incorrect key Spells.irons_spellbooks:flaming_strike.MinRarity was corrected from null to its default, COMMON. 
[14Jul2025 20:09:57.050] [Server thread/WARN] [net.minecraftforge.common.ForgeConfigSpec/CORE]: Incorrect key Spells.irons_spellbooks:flaming_strike.ManaCostMultiplier was corrected from null to its default, 1.0. 
[14Jul2025 20:09:57.050] [Server thread/WARN] [net.minecraftforge.common.ForgeConfigSpec/CORE]: Incorrect key Spells.irons_spellbooks:flaming_strike.SpellPowerMultiplier was corrected from null to its default, 1.0. 
[14Jul2025 20:09:57.050] [Server thread/WARN] [net.minecraftforge.common.ForgeConfigSpec/CORE]: Incorrect key Spells.irons_spellbooks:flaming_strike.CooldownInSeconds was corrected from null to its default, 15.0. 
[14Jul2025 20:09:57.050] [Server thread/WARN] [net.minecraftforge.common.ForgeConfigSpec/CORE]: Incorrect key Spells.irons_spellbooks:flaming_strike.AllowCrafting was corrected from null to its default, true. 
[14Jul2025 20:09:57.050] [Server thread/WARN] [net.minecraftforge.common.ForgeConfigSpec/CORE]: Incorrect key Spells.irons_spellbooks:poison_arrow was corrected from null to its default, SimpleCommentedConfig:{}. 
[14Jul2025 20:09:57.050] [Server thread/WARN] [net.minecraftforge.common.ForgeConfigSpec/CORE]: Incorrect key Spells.irons_spellbooks:poison_arrow.Enabled was corrected from null to its default, true. 
[14Jul2025 20:09:57.051] [Server thread/WARN] [net.minecraftforge.common.ForgeConfigSpec/CORE]: Incorrect key Spells.irons_spellbooks:poison_arrow.School was corrected from null to its default, irons_spellbooks:nature. 
[14Jul2025 20:09:57.051] [Server thread/WARN] [net.minecraftforge.common.ForgeConfigSpec/CORE]: Incorrect key Spells.irons_spellbooks:poison_arrow.MaxLevel was corrected from null to its default, 10. 
[14Jul2025 20:09:57.051] [Server thread/WARN] [net.minecraftforge.common.ForgeConfigSpec/CORE]: Incorrect key Spells.irons_spellbooks:poison_arrow.MinRarity was corrected from null to its default, COMMON. 
[14Jul2025 20:09:57.051] [Server thread/WARN] [net.minecraftforge.common.ForgeConfigSpec/CORE]: Incorrect key Spells.irons_spellbooks:poison_arrow.ManaCostMultiplier was corrected from null to its default, 1.0. 
[14Jul2025 20:09:57.052] [Server thread/WARN] [net.minecraftforge.common.ForgeConfigSpec/CORE]: Incorrect key Spells.irons_spellbooks:poison_arrow.SpellPowerMultiplier was corrected from null to its default, 1.0. 
[14Jul2025 20:09:57.052] [Server thread/WARN] [net.minecraftforge.common.ForgeConfigSpec/CORE]: Incorrect key Spells.irons_spellbooks:poison_arrow.CooldownInSeconds was corrected from null to its default, 15.0. 
[14Jul2025 20:09:57.052] [Server thread/WARN] [net.minecraftforge.common.ForgeConfigSpec/CORE]: Incorrect key Spells.irons_spellbooks:poison_arrow.AllowCrafting was corrected from null to its default, true. 
[14Jul2025 20:09:57.052] [Server thread/WARN] [net.minecraftforge.common.ForgeConfigSpec/CORE]: Incorrect key Spells.irons_spellbooks:earthquake was corrected from null to its default, SimpleCommentedConfig:{}. 
[14Jul2025 20:09:57.053] [Server thread/WARN] [net.minecraftforge.common.ForgeConfigSpec/CORE]: Incorrect key Spells.irons_spellbooks:earthquake.Enabled was corrected from null to its default, true. 
[14Jul2025 20:09:57.053] [Server thread/WARN] [net.minecraftforge.common.ForgeConfigSpec/CORE]: Incorrect key Spells.irons_spellbooks:earthquake.School was corrected from null to its default, irons_spellbooks:nature. 
[14Jul2025 20:09:57.053] [Server thread/WARN] [net.minecraftforge.common.ForgeConfigSpec/CORE]: Incorrect key Spells.irons_spellbooks:earthquake.MaxLevel was corrected from null to its default, 10. 
[14Jul2025 20:09:57.053] [Server thread/WARN] [net.minecraftforge.common.ForgeConfigSpec/CORE]: Incorrect key Spells.irons_spellbooks:earthquake.MinRarity was corrected from null to its default, UNCOMMON. 
[14Jul2025 20:09:57.054] [Server thread/WARN] [net.minecraftforge.common.ForgeConfigSpec/CORE]: Incorrect key Spells.irons_spellbooks:earthquake.ManaCostMultiplier was corrected from null to its default, 1.0. 
[14Jul2025 20:09:57.054] [Server thread/WARN] [net.minecraftforge.common.ForgeConfigSpec/CORE]: Incorrect key Spells.irons_spellbooks:earthquake.SpellPowerMultiplier was corrected from null to its default, 1.0. 
[14Jul2025 20:09:57.055] [Server thread/WARN] [net.minecraftforge.common.ForgeConfigSpec/CORE]: Incorrect key Spells.irons_spellbooks:earthquake.CooldownInSeconds was corrected from null to its default, 16.0. 
[14Jul2025 20:09:57.055] [Server thread/WARN] [net.minecraftforge.common.ForgeConfigSpec/CORE]: Incorrect key Spells.irons_spellbooks:earthquake.AllowCrafting was corrected from null to its default, true. 
[14Jul2025 20:09:57.055] [Server thread/WARN] [net.minecraftforge.common.ForgeConfigSpec/CORE]: Incorrect key Spells.irons_spellbooks:poison_splash was corrected from null to its default, SimpleCommentedConfig:{}. 
[14Jul2025 20:09:57.055] [Server thread/WARN] [net.minecraftforge.common.ForgeConfigSpec/CORE]: Incorrect key Spells.irons_spellbooks:poison_splash.Enabled was corrected from null to its default, true. 
[14Jul2025 20:09:57.057] [Server thread/WARN] [net.minecraftforge.common.ForgeConfigSpec/CORE]: Incorrect key Spells.irons_spellbooks:poison_splash.School was corrected from null to its default, irons_spellbooks:nature. 
[14Jul2025 20:09:57.057] [Server thread/WARN] [net.minecraftforge.common.ForgeConfigSpec/CORE]: Incorrect key Spells.irons_spellbooks:poison_splash.MaxLevel was corrected from null to its default, 10. 
[14Jul2025 20:09:57.057] [Server thread/WARN] [net.minecraftforge.common.ForgeConfigSpec/CORE]: Incorrect key Spells.irons_spellbooks:poison_splash.MinRarity was corrected from null to its default, UNCOMMON. 
[14Jul2025 20:09:57.058] [Server thread/WARN] [net.minecraftforge.common.ForgeConfigSpec/CORE]: Incorrect key Spells.irons_spellbooks:poison_splash.ManaCostMultiplier was corrected from null to its default, 1.0. 
[14Jul2025 20:09:57.058] [Server thread/WARN] [net.minecraftforge.common.ForgeConfigSpec/CORE]: Incorrect key Spells.irons_spellbooks:poison_splash.SpellPowerMultiplier was corrected from null to its default, 1.0. 
[14Jul2025 20:09:57.058] [Server thread/WARN] [net.minecraftforge.common.ForgeConfigSpec/CORE]: Incorrect key Spells.irons_spellbooks:poison_splash.CooldownInSeconds was corrected from null to its default, 20.0. 
[14Jul2025 20:09:57.058] [Server thread/WARN] [net.minecraftforge.common.ForgeConfigSpec/CORE]: Incorrect key Spells.irons_spellbooks:poison_splash.AllowCrafting was corrected from null to its default, true. 
[14Jul2025 20:09:57.058] [Server thread/WARN] [net.minecraftforge.common.ForgeConfigSpec/CORE]: Incorrect key Spells.irons_spellbooks:oakskin was corrected from null to its default, SimpleCommentedConfig:{}. 
[14Jul2025 20:09:57.059] [Server thread/WARN] [net.minecraftforge.common.ForgeConfigSpec/CORE]: Incorrect key Spells.irons_spellbooks:oakskin.Enabled was corrected from null to its default, true. 
[14Jul2025 20:09:57.059] [Server thread/WARN] [net.minecraftforge.common.ForgeConfigSpec/CORE]: Incorrect key Spells.irons_spellbooks:oakskin.School was corrected from null to its default, irons_spellbooks:nature. 
[14Jul2025 20:09:57.059] [Server thread/WARN] [net.minecraftforge.common.ForgeConfigSpec/CORE]: Incorrect key Spells.irons_spellbooks:oakskin.MaxLevel was corrected from null to its default, 8. 
[14Jul2025 20:09:57.059] [Server thread/WARN] [net.minecraftforge.common.ForgeConfigSpec/CORE]: Incorrect key Spells.irons_spellbooks:oakskin.MinRarity was corrected from null to its default, COMMON. 
[14Jul2025 20:09:57.059] [Server thread/WARN] [net.minecraftforge.common.ForgeConfigSpec/CORE]: Incorrect key Spells.irons_spellbooks:oakskin.ManaCostMultiplier was corrected from null to its default, 1.0. 
[14Jul2025 20:09:57.060] [Server thread/WARN] [net.minecraftforge.common.ForgeConfigSpec/CORE]: Incorrect key Spells.irons_spellbooks:oakskin.SpellPowerMultiplier was corrected from null to its default, 1.0. 
[14Jul2025 20:09:57.060] [Server thread/WARN] [net.minecraftforge.common.ForgeConfigSpec/CORE]: Incorrect key Spells.irons_spellbooks:oakskin.CooldownInSeconds was corrected from null to its default, 35.0. 
[14Jul2025 20:09:57.060] [Server thread/WARN] [net.minecraftforge.common.ForgeConfigSpec/CORE]: Incorrect key Spells.irons_spellbooks:oakskin.AllowCrafting was corrected from null to its default, true. 
[14Jul2025 20:09:57.060] [Server thread/WARN] [net.minecraftforge.common.ForgeConfigSpec/CORE]: Incorrect key Spells.irons_spellbooks:spider_aspect was corrected from null to its default, SimpleCommentedConfig:{}. 
[14Jul2025 20:09:57.060] [Server thread/WARN] [net.minecraftforge.common.ForgeConfigSpec/CORE]: Incorrect key Spells.irons_spellbooks:spider_aspect.Enabled was corrected from null to its default, true. 
[14Jul2025 20:09:57.060] [Server thread/WARN] [net.minecraftforge.common.ForgeConfigSpec/CORE]: Incorrect key Spells.irons_spellbooks:spider_aspect.School was corrected from null to its default, irons_spellbooks:nature. 
[14Jul2025 20:09:57.061] [Server thread/WARN] [net.minecraftforge.common.ForgeConfigSpec/CORE]: Incorrect key Spells.irons_spellbooks:spider_aspect.MaxLevel was corrected from null to its default, 8. 
[14Jul2025 20:09:57.061] [Server thread/WARN] [net.minecraftforge.common.ForgeConfigSpec/CORE]: Incorrect key Spells.irons_spellbooks:spider_aspect.MinRarity was corrected from null to its default, RARE. 
[14Jul2025 20:09:57.061] [Server thread/WARN] [net.minecraftforge.common.ForgeConfigSpec/CORE]: Incorrect key Spells.irons_spellbooks:spider_aspect.ManaCostMultiplier was corrected from null to its default, 1.0. 
[14Jul2025 20:09:57.061] [Server thread/WARN] [net.minecraftforge.common.ForgeConfigSpec/CORE]: Incorrect key Spells.irons_spellbooks:spider_aspect.SpellPowerMultiplier was corrected from null to its default, 1.0. 
[14Jul2025 20:09:57.061] [Server thread/WARN] [net.minecraftforge.common.ForgeConfigSpec/CORE]: Incorrect key Spells.irons_spellbooks:spider_aspect.CooldownInSeconds was corrected from null to its default, 90.0. 
[14Jul2025 20:09:57.061] [Server thread/WARN] [net.minecraftforge.common.ForgeConfigSpec/CORE]: Incorrect key Spells.irons_spellbooks:spider_aspect.AllowCrafting was corrected from null to its default, true. 
[14Jul2025 20:09:57.061] [Server thread/WARN] [net.minecraftforge.common.ForgeConfigSpec/CORE]: Incorrect key Spells.irons_spellbooks:firefly_swarm was corrected from null to its default, SimpleCommentedConfig:{}. 
[14Jul2025 20:09:57.061] [Server thread/WARN] [net.minecraftforge.common.ForgeConfigSpec/CORE]: Incorrect key Spells.irons_spellbooks:firefly_swarm.Enabled was corrected from null to its default, true. 
[14Jul2025 20:09:57.061] [Server thread/WARN] [net.minecraftforge.common.ForgeConfigSpec/CORE]: Incorrect key Spells.irons_spellbooks:firefly_swarm.School was corrected from null to its default, irons_spellbooks:nature. 
[14Jul2025 20:09:57.061] [Server thread/WARN] [net.minecraftforge.common.ForgeConfigSpec/CORE]: Incorrect key Spells.irons_spellbooks:firefly_swarm.MaxLevel was corrected from null to its default, 10. 
[14Jul2025 20:09:57.061] [Server thread/WARN] [net.minecraftforge.common.ForgeConfigSpec/CORE]: Incorrect key Spells.irons_spellbooks:firefly_swarm.MinRarity was corrected from null to its default, UNCOMMON. 
[14Jul2025 20:09:57.062] [Server thread/WARN] [net.minecraftforge.common.ForgeConfigSpec/CORE]: Incorrect key Spells.irons_spellbooks:firefly_swarm.ManaCostMultiplier was corrected from null to its default, 1.0. 
[14Jul2025 20:09:57.062] [Server thread/WARN] [net.minecraftforge.common.ForgeConfigSpec/CORE]: Incorrect key Spells.irons_spellbooks:firefly_swarm.SpellPowerMultiplier was corrected from null to its default, 1.0. 
[14Jul2025 20:09:57.062] [Server thread/WARN] [net.minecraftforge.common.ForgeConfigSpec/CORE]: Incorrect key Spells.irons_spellbooks:firefly_swarm.CooldownInSeconds was corrected from null to its default, 20.0. 
[14Jul2025 20:09:57.065] [Server thread/WARN] [net.minecraftforge.common.ForgeConfigSpec/CORE]: Incorrect key Spells.irons_spellbooks:firefly_swarm.AllowCrafting was corrected from null to its default, true. 
[14Jul2025 20:09:57.065] [Server thread/WARN] [net.minecraftforge.common.ForgeConfigSpec/CORE]: Incorrect key Spells.irons_spellbooks:root was corrected from null to its default, SimpleCommentedConfig:{}. 
[14Jul2025 20:09:57.065] [Server thread/WARN] [net.minecraftforge.common.ForgeConfigSpec/CORE]: Incorrect key Spells.irons_spellbooks:root.Enabled was corrected from null to its default, true. 
[14Jul2025 20:09:57.065] [Server thread/WARN] [net.minecraftforge.common.ForgeConfigSpec/CORE]: Incorrect key Spells.irons_spellbooks:root.School was corrected from null to its default, irons_spellbooks:nature. 
[14Jul2025 20:09:57.065] [Server thread/WARN] [net.minecraftforge.common.ForgeConfigSpec/CORE]: Incorrect key Spells.irons_spellbooks:root.MaxLevel was corrected from null to its default, 10. 
[14Jul2025 20:09:57.065] [Server thread/WARN] [net.minecraftforge.common.ForgeConfigSpec/CORE]: Incorrect key Spells.irons_spellbooks:root.MinRarity was corrected from null to its default, UNCOMMON. 
[14Jul2025 20:09:57.066] [Server thread/WARN] [net.minecraftforge.common.ForgeConfigSpec/CORE]: Incorrect key Spells.irons_spellbooks:root.ManaCostMultiplier was corrected from null to its default, 1.0. 
[14Jul2025 20:09:57.066] [Server thread/WARN] [net.minecraftforge.common.ForgeConfigSpec/CORE]: Incorrect key Spells.irons_spellbooks:root.SpellPowerMultiplier was corrected from null to its default, 1.0. 
[14Jul2025 20:09:57.066] [Server thread/WARN] [net.minecraftforge.common.ForgeConfigSpec/CORE]: Incorrect key Spells.irons_spellbooks:root.CooldownInSeconds was corrected from null to its default, 35.0. 
[14Jul2025 20:09:57.066] [Server thread/WARN] [net.minecraftforge.common.ForgeConfigSpec/CORE]: Incorrect key Spells.irons_spellbooks:root.AllowCrafting was corrected from null to its default, true. 
[14Jul2025 20:09:57.066] [Server thread/WARN] [net.minecraftforge.common.ForgeConfigSpec/CORE]: Incorrect key Spells.irons_spellbooks:blight was corrected from null to its default, SimpleCommentedConfig:{}. 
[14Jul2025 20:09:57.066] [Server thread/WARN] [net.minecraftforge.common.ForgeConfigSpec/CORE]: Incorrect key Spells.irons_spellbooks:blight.Enabled was corrected from null to its default, true. 
[14Jul2025 20:09:57.067] [Server thread/WARN] [net.minecraftforge.common.ForgeConfigSpec/CORE]: Incorrect key Spells.irons_spellbooks:blight.School was corrected from null to its default, irons_spellbooks:nature. 
[14Jul2025 20:09:57.067] [Server thread/WARN] [net.minecraftforge.common.ForgeConfigSpec/CORE]: Incorrect key Spells.irons_spellbooks:blight.MaxLevel was corrected from null to its default, 8. 
[14Jul2025 20:09:57.067] [Server thread/WARN] [net.minecraftforge.common.ForgeConfigSpec/CORE]: Incorrect key Spells.irons_spellbooks:blight.MinRarity was corrected from null to its default, RARE. 
[14Jul2025 20:09:57.067] [Server thread/WARN] [net.minecraftforge.common.ForgeConfigSpec/CORE]: Incorrect key Spells.irons_spellbooks:blight.ManaCostMultiplier was corrected from null to its default, 1.0. 
[14Jul2025 20:09:57.067] [Server thread/WARN] [net.minecraftforge.common.ForgeConfigSpec/CORE]: Incorrect key Spells.irons_spellbooks:blight.SpellPowerMultiplier was corrected from null to its default, 1.0. 
[14Jul2025 20:09:57.068] [Server thread/WARN] [net.minecraftforge.common.ForgeConfigSpec/CORE]: Incorrect key Spells.irons_spellbooks:blight.CooldownInSeconds was corrected from null to its default, 35.0. 
[14Jul2025 20:09:57.068] [Server thread/WARN] [net.minecraftforge.common.ForgeConfigSpec/CORE]: Incorrect key Spells.irons_spellbooks:blight.AllowCrafting was corrected from null to its default, true. 
[14Jul2025 20:09:57.068] [Server thread/WARN] [net.minecraftforge.common.ForgeConfigSpec/CORE]: Incorrect key Spells.irons_spellbooks:stomp was corrected from null to its default, SimpleCommentedConfig:{}. 
[14Jul2025 20:09:57.068] [Server thread/WARN] [net.minecraftforge.common.ForgeConfigSpec/CORE]: Incorrect key Spells.irons_spellbooks:stomp.Enabled was corrected from null to its default, true. 
[14Jul2025 20:09:57.068] [Server thread/WARN] [net.minecraftforge.common.ForgeConfigSpec/CORE]: Incorrect key Spells.irons_spellbooks:stomp.School was corrected from null to its default, irons_spellbooks:nature. 
[14Jul2025 20:09:57.068] [Server thread/WARN] [net.minecraftforge.common.ForgeConfigSpec/CORE]: Incorrect key Spells.irons_spellbooks:stomp.MaxLevel was corrected from null to its default, 5. 
[14Jul2025 20:09:57.068] [Server thread/WARN] [net.minecraftforge.common.ForgeConfigSpec/CORE]: Incorrect key Spells.irons_spellbooks:stomp.MinRarity was corrected from null to its default, UNCOMMON. 
[14Jul2025 20:09:57.069] [Server thread/WARN] [net.minecraftforge.common.ForgeConfigSpec/CORE]: Incorrect key Spells.irons_spellbooks:stomp.ManaCostMultiplier was corrected from null to its default, 1.0. 
[14Jul2025 20:09:57.069] [Server thread/WARN] [net.minecraftforge.common.ForgeConfigSpec/CORE]: Incorrect key Spells.irons_spellbooks:stomp.SpellPowerMultiplier was corrected from null to its default, 1.0. 
[14Jul2025 20:09:57.070] [Server thread/WARN] [net.minecraftforge.common.ForgeConfigSpec/CORE]: Incorrect key Spells.irons_spellbooks:stomp.CooldownInSeconds was corrected from null to its default, 16.0. 
[14Jul2025 20:09:57.070] [Server thread/WARN] [net.minecraftforge.common.ForgeConfigSpec/CORE]: Incorrect key Spells.irons_spellbooks:stomp.AllowCrafting was corrected from null to its default, true. 
[14Jul2025 20:09:57.070] [Server thread/WARN] [net.minecraftforge.common.ForgeConfigSpec/CORE]: Incorrect key Spells.irons_spellbooks:acid_orb was corrected from null to its default, SimpleCommentedConfig:{}. 
[14Jul2025 20:09:57.071] [Server thread/WARN] [net.minecraftforge.common.ForgeConfigSpec/CORE]: Incorrect key Spells.irons_spellbooks:acid_orb.Enabled was corrected from null to its default, true. 
[14Jul2025 20:09:57.071] [Server thread/WARN] [net.minecraftforge.common.ForgeConfigSpec/CORE]: Incorrect key Spells.irons_spellbooks:acid_orb.School was corrected from null to its default, irons_spellbooks:nature. 
[14Jul2025 20:09:57.071] [Server thread/WARN] [net.minecraftforge.common.ForgeConfigSpec/CORE]: Incorrect key Spells.irons_spellbooks:acid_orb.MaxLevel was corrected from null to its default, 10. 
[14Jul2025 20:09:57.071] [Server thread/WARN] [net.minecraftforge.common.ForgeConfigSpec/CORE]: Incorrect key Spells.irons_spellbooks:acid_orb.MinRarity was corrected from null to its default, COMMON. 
[14Jul2025 20:09:57.071] [Server thread/WARN] [net.minecraftforge.common.ForgeConfigSpec/CORE]: Incorrect key Spells.irons_spellbooks:acid_orb.ManaCostMultiplier was corrected from null to its default, 1.0. 
[14Jul2025 20:09:57.071] [Server thread/WARN] [net.minecraftforge.common.ForgeConfigSpec/CORE]: Incorrect key Spells.irons_spellbooks:acid_orb.SpellPowerMultiplier was corrected from null to its default, 1.0. 
[14Jul2025 20:09:57.072] [Server thread/WARN] [net.minecraftforge.common.ForgeConfigSpec/CORE]: Incorrect key Spells.irons_spellbooks:acid_orb.CooldownInSeconds was corrected from null to its default, 15.0. 
[14Jul2025 20:09:57.072] [Server thread/WARN] [net.minecraftforge.common.ForgeConfigSpec/CORE]: Incorrect key Spells.irons_spellbooks:acid_orb.AllowCrafting was corrected from null to its default, true. 
[14Jul2025 20:09:57.072] [Server thread/WARN] [net.minecraftforge.common.ForgeConfigSpec/CORE]: Incorrect key Spells.irons_spellbooks:poison_breath was corrected from null to its default, SimpleCommentedConfig:{}. 
[14Jul2025 20:09:57.072] [Server thread/WARN] [net.minecraftforge.common.ForgeConfigSpec/CORE]: Incorrect key Spells.irons_spellbooks:poison_breath.Enabled was corrected from null to its default, true. 
[14Jul2025 20:09:57.072] [Server thread/WARN] [net.minecraftforge.common.ForgeConfigSpec/CORE]: Incorrect key Spells.irons_spellbooks:poison_breath.School was corrected from null to its default, irons_spellbooks:nature. 
[14Jul2025 20:09:57.072] [Server thread/WARN] [net.minecraftforge.common.ForgeConfigSpec/CORE]: Incorrect key Spells.irons_spellbooks:poison_breath.MaxLevel was corrected from null to its default, 10. 
[14Jul2025 20:09:57.073] [Server thread/WARN] [net.minecraftforge.common.ForgeConfigSpec/CORE]: Incorrect key Spells.irons_spellbooks:poison_breath.MinRarity was corrected from null to its default, COMMON. 
[14Jul2025 20:09:57.073] [Server thread/WARN] [net.minecraftforge.common.ForgeConfigSpec/CORE]: Incorrect key Spells.irons_spellbooks:poison_breath.ManaCostMultiplier was corrected from null to its default, 1.0. 
[14Jul2025 20:09:57.073] [Server thread/WARN] [net.minecraftforge.common.ForgeConfigSpec/CORE]: Incorrect key Spells.irons_spellbooks:poison_breath.SpellPowerMultiplier was corrected from null to its default, 1.0. 
[14Jul2025 20:09:57.073] [Server thread/WARN] [net.minecraftforge.common.ForgeConfigSpec/CORE]: Incorrect key Spells.irons_spellbooks:poison_breath.CooldownInSeconds was corrected from null to its default, 12.0. 
[14Jul2025 20:09:57.077] [Server thread/WARN] [net.minecraftforge.common.ForgeConfigSpec/CORE]: Incorrect key Spells.irons_spellbooks:poison_breath.AllowCrafting was corrected from null to its default, true. 
[14Jul2025 20:09:57.077] [Server thread/WARN] [net.minecraftforge.common.ForgeConfigSpec/CORE]: Incorrect key Spells.irons_spellbooks:gluttony was corrected from null to its default, SimpleCommentedConfig:{}. 
[14Jul2025 20:09:57.077] [Server thread/WARN] [net.minecraftforge.common.ForgeConfigSpec/CORE]: Incorrect key Spells.irons_spellbooks:gluttony.Enabled was corrected from null to its default, true. 
[14Jul2025 20:09:57.077] [Server thread/WARN] [net.minecraftforge.common.ForgeConfigSpec/CORE]: Incorrect key Spells.irons_spellbooks:gluttony.School was corrected from null to its default, irons_spellbooks:nature. 
[14Jul2025 20:09:57.077] [Server thread/WARN] [net.minecraftforge.common.ForgeConfigSpec/CORE]: Incorrect key Spells.irons_spellbooks:gluttony.MaxLevel was corrected from null to its default, 5. 
[14Jul2025 20:09:57.077] [Server thread/WARN] [net.minecraftforge.common.ForgeConfigSpec/CORE]: Incorrect key Spells.irons_spellbooks:gluttony.MinRarity was corrected from null to its default, COMMON. 
[14Jul2025 20:09:57.077] [Server thread/WARN] [net.minecraftforge.common.ForgeConfigSpec/CORE]: Incorrect key Spells.irons_spellbooks:gluttony.ManaCostMultiplier was corrected from null to its default, 1.0. 
[14Jul2025 20:09:57.077] [Server thread/WARN] [net.minecraftforge.common.ForgeConfigSpec/CORE]: Incorrect key Spells.irons_spellbooks:gluttony.SpellPowerMultiplier was corrected from null to its default, 1.0. 
[14Jul2025 20:09:57.078] [Server thread/WARN] [net.minecraftforge.common.ForgeConfigSpec/CORE]: Incorrect key Spells.irons_spellbooks:gluttony.CooldownInSeconds was corrected from null to its default, 90.0. 
[14Jul2025 20:09:57.078] [Server thread/WARN] [net.minecraftforge.common.ForgeConfigSpec/CORE]: Incorrect key Spells.irons_spellbooks:gluttony.AllowCrafting was corrected from null to its default, true. 
[14Jul2025 20:09:57.078] [Server thread/WARN] [net.minecraftforge.common.ForgeConfigSpec/CORE]: Incorrect key Spells.irons_spellbooks:frostbite was corrected from null to its default, SimpleCommentedConfig:{}. 
[14Jul2025 20:09:57.078] [Server thread/WARN] [net.minecraftforge.common.ForgeConfigSpec/CORE]: Incorrect key Spells.irons_spellbooks:frostbite.Enabled was corrected from null to its default, true. 
[14Jul2025 20:09:57.078] [Server thread/WARN] [net.minecraftforge.common.ForgeConfigSpec/CORE]: Incorrect key Spells.irons_spellbooks:frostbite.School was corrected from null to its default, irons_spellbooks:ice. 
[14Jul2025 20:09:57.078] [Server thread/WARN] [net.minecraftforge.common.ForgeConfigSpec/CORE]: Incorrect key Spells.irons_spellbooks:frostbite.MaxLevel was corrected from null to its default, 5. 
[14Jul2025 20:09:57.078] [Server thread/WARN] [net.minecraftforge.common.ForgeConfigSpec/CORE]: Incorrect key Spells.irons_spellbooks:frostbite.MinRarity was corrected from null to its default, COMMON. 
[14Jul2025 20:09:57.078] [Server thread/WARN] [net.minecraftforge.common.ForgeConfigSpec/CORE]: Incorrect key Spells.irons_spellbooks:frostbite.ManaCostMultiplier was corrected from null to its default, 1.0. 
[14Jul2025 20:09:57.079] [Server thread/WARN] [net.minecraftforge.common.ForgeConfigSpec/CORE]: Incorrect key Spells.irons_spellbooks:frostbite.SpellPowerMultiplier was corrected from null to its default, 1.0. 
[14Jul2025 20:09:57.079] [Server thread/WARN] [net.minecraftforge.common.ForgeConfigSpec/CORE]: Incorrect key Spells.irons_spellbooks:frostbite.CooldownInSeconds was corrected from null to its default, 0.0. 
[14Jul2025 20:09:57.079] [Server thread/WARN] [net.minecraftforge.common.ForgeConfigSpec/CORE]: Incorrect key Spells.irons_spellbooks:frostbite.AllowCrafting was corrected from null to its default, true. 
[14Jul2025 20:09:57.079] [Server thread/WARN] [net.minecraftforge.common.ForgeConfigSpec/CORE]: Incorrect key Spells.irons_spellbooks:ice_block was corrected from null to its default, SimpleCommentedConfig:{}. 
[14Jul2025 20:09:57.079] [Server thread/WARN] [net.minecraftforge.common.ForgeConfigSpec/CORE]: Incorrect key Spells.irons_spellbooks:ice_block.Enabled was corrected from null to its default, true. 
[14Jul2025 20:09:57.079] [Server thread/WARN] [net.minecraftforge.common.ForgeConfigSpec/CORE]: Incorrect key Spells.irons_spellbooks:ice_block.School was corrected from null to its default, irons_spellbooks:ice. 
[14Jul2025 20:09:57.079] [Server thread/WARN] [net.minecraftforge.common.ForgeConfigSpec/CORE]: Incorrect key Spells.irons_spellbooks:ice_block.MaxLevel was corrected from null to its default, 6. 
[14Jul2025 20:09:57.079] [Server thread/WARN] [net.minecraftforge.common.ForgeConfigSpec/CORE]: Incorrect key Spells.irons_spellbooks:ice_block.MinRarity was corrected from null to its default, RARE. 
[14Jul2025 20:09:57.080] [Server thread/WARN] [net.minecraftforge.common.ForgeConfigSpec/CORE]: Incorrect key Spells.irons_spellbooks:ice_block.ManaCostMultiplier was corrected from null to its default, 1.0. 
[14Jul2025 20:09:57.080] [Server thread/WARN] [net.minecraftforge.common.ForgeConfigSpec/CORE]: Incorrect key Spells.irons_spellbooks:ice_block.SpellPowerMultiplier was corrected from null to its default, 1.0. 
[14Jul2025 20:09:57.080] [Server thread/WARN] [net.minecraftforge.common.ForgeConfigSpec/CORE]: Incorrect key Spells.irons_spellbooks:ice_block.CooldownInSeconds was corrected from null to its default, 15.0. 
[14Jul2025 20:09:57.080] [Server thread/WARN] [net.minecraftforge.common.ForgeConfigSpec/CORE]: Incorrect key Spells.irons_spellbooks:ice_block.AllowCrafting was corrected from null to its default, true. 
[14Jul2025 20:09:57.080] [Server thread/WARN] [net.minecraftforge.common.ForgeConfigSpec/CORE]: Incorrect key Spells.irons_spellbooks:ray_of_frost was corrected from null to its default, SimpleCommentedConfig:{}. 
[14Jul2025 20:09:57.080] [Server thread/WARN] [net.minecraftforge.common.ForgeConfigSpec/CORE]: Incorrect key Spells.irons_spellbooks:ray_of_frost.Enabled was corrected from null to its default, true. 
[14Jul2025 20:09:57.080] [Server thread/WARN] [net.minecraftforge.common.ForgeConfigSpec/CORE]: Incorrect key Spells.irons_spellbooks:ray_of_frost.School was corrected from null to its default, irons_spellbooks:ice. 
[14Jul2025 20:09:57.080] [Server thread/WARN] [net.minecraftforge.common.ForgeConfigSpec/CORE]: Incorrect key Spells.irons_spellbooks:ray_of_frost.MaxLevel was corrected from null to its default, 5. 
[14Jul2025 20:09:57.081] [Server thread/WARN] [net.minecraftforge.common.ForgeConfigSpec/CORE]: Incorrect key Spells.irons_spellbooks:ray_of_frost.MinRarity was corrected from null to its default, COMMON. 
[14Jul2025 20:09:57.081] [Server thread/WARN] [net.minecraftforge.common.ForgeConfigSpec/CORE]: Incorrect key Spells.irons_spellbooks:ray_of_frost.ManaCostMultiplier was corrected from null to its default, 1.0. 
[14Jul2025 20:09:57.081] [Server thread/WARN] [net.minecraftforge.common.ForgeConfigSpec/CORE]: Incorrect key Spells.irons_spellbooks:ray_of_frost.SpellPowerMultiplier was corrected from null to its default, 1.0. 
[14Jul2025 20:09:57.081] [Server thread/WARN] [net.minecraftforge.common.ForgeConfigSpec/CORE]: Incorrect key Spells.irons_spellbooks:ray_of_frost.CooldownInSeconds was corrected from null to its default, 15.0. 
[14Jul2025 20:09:57.081] [Server thread/WARN] [net.minecraftforge.common.ForgeConfigSpec/CORE]: Incorrect key Spells.irons_spellbooks:ray_of_frost.AllowCrafting was corrected from null to its default, true. 
[14Jul2025 20:09:57.081] [Server thread/WARN] [net.minecraftforge.common.ForgeConfigSpec/CORE]: Incorrect key Spells.irons_spellbooks:cone_of_cold was corrected from null to its default, SimpleCommentedConfig:{}. 
[14Jul2025 20:09:57.081] [Server thread/WARN] [net.minecraftforge.common.ForgeConfigSpec/CORE]: Incorrect key Spells.irons_spellbooks:cone_of_cold.Enabled was corrected from null to its default, true. 
[14Jul2025 20:09:57.081] [Server thread/WARN] [net.minecraftforge.common.ForgeConfigSpec/CORE]: Incorrect key Spells.irons_spellbooks:cone_of_cold.School was corrected from null to its default, irons_spellbooks:ice. 
[14Jul2025 20:09:57.082] [Server thread/WARN] [net.minecraftforge.common.ForgeConfigSpec/CORE]: Incorrect key Spells.irons_spellbooks:cone_of_cold.MaxLevel was corrected from null to its default, 10. 
[14Jul2025 20:09:57.082] [Server thread/WARN] [net.minecraftforge.common.ForgeConfigSpec/CORE]: Incorrect key Spells.irons_spellbooks:cone_of_cold.MinRarity was corrected from null to its default, COMMON. 
[14Jul2025 20:09:57.082] [Server thread/WARN] [net.minecraftforge.common.ForgeConfigSpec/CORE]: Incorrect key Spells.irons_spellbooks:cone_of_cold.ManaCostMultiplier was corrected from null to its default, 1.0. 
[14Jul2025 20:09:57.082] [Server thread/WARN] [net.minecraftforge.common.ForgeConfigSpec/CORE]: Incorrect key Spells.irons_spellbooks:cone_of_cold.SpellPowerMultiplier was corrected from null to its default, 1.0. 
[14Jul2025 20:09:57.082] [Server thread/WARN] [net.minecraftforge.common.ForgeConfigSpec/CORE]: Incorrect key Spells.irons_spellbooks:cone_of_cold.CooldownInSeconds was corrected from null to its default, 12.0. 
[14Jul2025 20:09:57.082] [Server thread/WARN] [net.minecraftforge.common.ForgeConfigSpec/CORE]: Incorrect key Spells.irons_spellbooks:cone_of_cold.AllowCrafting was corrected from null to its default, true. 
[14Jul2025 20:09:57.082] [Server thread/WARN] [net.minecraftforge.common.ForgeConfigSpec/CORE]: Incorrect key Spells.irons_spellbooks:frost_step was corrected from null to its default, SimpleCommentedConfig:{}. 
[14Jul2025 20:09:57.082] [Server thread/WARN] [net.minecraftforge.common.ForgeConfigSpec/CORE]: Incorrect key Spells.irons_spellbooks:frost_step.Enabled was corrected from null to its default, true. 
[14Jul2025 20:09:57.082] [Server thread/WARN] [net.minecraftforge.common.ForgeConfigSpec/CORE]: Incorrect key Spells.irons_spellbooks:frost_step.School was corrected from null to its default, irons_spellbooks:ice. 
[14Jul2025 20:09:57.083] [Server thread/WARN] [net.minecraftforge.common.ForgeConfigSpec/CORE]: Incorrect key Spells.irons_spellbooks:frost_step.MaxLevel was corrected from null to its default, 8. 
[14Jul2025 20:09:57.083] [Server thread/WARN] [net.minecraftforge.common.ForgeConfigSpec/CORE]: Incorrect key Spells.irons_spellbooks:frost_step.MinRarity was corrected from null to its default, RARE. 
[14Jul2025 20:09:57.083] [Server thread/WARN] [net.minecraftforge.common.ForgeConfigSpec/CORE]: Incorrect key Spells.irons_spellbooks:frost_step.ManaCostMultiplier was corrected from null to its default, 1.0. 
[14Jul2025 20:09:57.083] [Server thread/WARN] [net.minecraftforge.common.ForgeConfigSpec/CORE]: Incorrect key Spells.irons_spellbooks:frost_step.SpellPowerMultiplier was corrected from null to its default, 1.0. 
[14Jul2025 20:09:57.083] [Server thread/WARN] [net.minecraftforge.common.ForgeConfigSpec/CORE]: Incorrect key Spells.irons_spellbooks:frost_step.CooldownInSeconds was corrected from null to its default, 10.0. 
[14Jul2025 20:09:57.083] [Server thread/WARN] [net.minecraftforge.common.ForgeConfigSpec/CORE]: Incorrect key Spells.irons_spellbooks:frost_step.AllowCrafting was corrected from null to its default, true. 
[14Jul2025 20:09:57.083] [Server thread/WARN] [net.minecraftforge.common.ForgeConfigSpec/CORE]: Incorrect key Spells.irons_spellbooks:frostwave was corrected from null to its default, SimpleCommentedConfig:{}. 
[14Jul2025 20:09:57.084] [Server thread/WARN] [net.minecraftforge.common.ForgeConfigSpec/CORE]: Incorrect key Spells.irons_spellbooks:frostwave.Enabled was corrected from null to its default, true. 
[14Jul2025 20:09:57.084] [Server thread/WARN] [net.minecraftforge.common.ForgeConfigSpec/CORE]: Incorrect key Spells.irons_spellbooks:frostwave.School was corrected from null to its default, irons_spellbooks:ice. 
[14Jul2025 20:09:57.084] [Server thread/WARN] [net.minecraftforge.common.ForgeConfigSpec/CORE]: Incorrect key Spells.irons_spellbooks:frostwave.MaxLevel was corrected from null to its default, 8. 
[14Jul2025 20:09:57.084] [Server thread/WARN] [net.minecraftforge.common.ForgeConfigSpec/CORE]: Incorrect key Spells.irons_spellbooks:frostwave.MinRarity was corrected from null to its default, COMMON. 
[14Jul2025 20:09:57.087] [Server thread/WARN] [net.minecraftforge.common.ForgeConfigSpec/CORE]: Incorrect key Spells.irons_spellbooks:frostwave.ManaCostMultiplier was corrected from null to its default, 1.0. 
[14Jul2025 20:09:57.087] [Server thread/WARN] [net.minecraftforge.common.ForgeConfigSpec/CORE]: Incorrect key Spells.irons_spellbooks:frostwave.SpellPowerMultiplier was corrected from null to its default, 1.0. 
[14Jul2025 20:09:57.087] [Server thread/WARN] [net.minecraftforge.common.ForgeConfigSpec/CORE]: Incorrect key Spells.irons_spellbooks:frostwave.CooldownInSeconds was corrected from null to its default, 45.0. 
[14Jul2025 20:09:57.087] [Server thread/WARN] [net.minecraftforge.common.ForgeConfigSpec/CORE]: Incorrect key Spells.irons_spellbooks:frostwave.AllowCrafting was corrected from null to its default, true. 
[14Jul2025 20:09:57.087] [Server thread/WARN] [net.minecraftforge.common.ForgeConfigSpec/CORE]: Incorrect key Spells.irons_spellbooks:summon_polar_bear was corrected from null to its default, SimpleCommentedConfig:{}. 
[14Jul2025 20:09:57.088] [Server thread/WARN] [net.minecraftforge.common.ForgeConfigSpec/CORE]: Incorrect key Spells.irons_spellbooks:summon_polar_bear.Enabled was corrected from null to its default, true. 
[14Jul2025 20:09:57.088] [Server thread/WARN] [net.minecraftforge.common.ForgeConfigSpec/CORE]: Incorrect key Spells.irons_spellbooks:summon_polar_bear.School was corrected from null to its default, irons_spellbooks:ice. 
[14Jul2025 20:09:57.088] [Server thread/WARN] [net.minecraftforge.common.ForgeConfigSpec/CORE]: Incorrect key Spells.irons_spellbooks:summon_polar_bear.MaxLevel was corrected from null to its default, 10. 
[14Jul2025 20:09:57.088] [Server thread/WARN] [net.minecraftforge.common.ForgeConfigSpec/CORE]: Incorrect key Spells.irons_spellbooks:summon_polar_bear.MinRarity was corrected from null to its default, RARE. 
[14Jul2025 20:09:57.088] [Server thread/WARN] [net.minecraftforge.common.ForgeConfigSpec/CORE]: Incorrect key Spells.irons_spellbooks:summon_polar_bear.ManaCostMultiplier was corrected from null to its default, 1.0. 
[14Jul2025 20:09:57.088] [Server thread/WARN] [net.minecraftforge.common.ForgeConfigSpec/CORE]: Incorrect key Spells.irons_spellbooks:summon_polar_bear.SpellPowerMultiplier was corrected from null to its default, 1.0. 
[14Jul2025 20:09:57.088] [Server thread/WARN] [net.minecraftforge.common.ForgeConfigSpec/CORE]: Incorrect key Spells.irons_spellbooks:summon_polar_bear.CooldownInSeconds was corrected from null to its default, 180.0. 
[14Jul2025 20:09:57.088] [Server thread/WARN] [net.minecraftforge.common.ForgeConfigSpec/CORE]: Incorrect key Spells.irons_spellbooks:summon_polar_bear.AllowCrafting was corrected from null to its default, true. 
[14Jul2025 20:09:57.089] [Server thread/WARN] [net.minecraftforge.common.ForgeConfigSpec/CORE]: Incorrect key Spells.irons_spellbooks:icicle was corrected from null to its default, SimpleCommentedConfig:{}. 
[14Jul2025 20:09:57.089] [Server thread/WARN] [net.minecraftforge.common.ForgeConfigSpec/CORE]: Incorrect key Spells.irons_spellbooks:icicle.Enabled was corrected from null to its default, true. 
[14Jul2025 20:09:57.089] [Server thread/WARN] [net.minecraftforge.common.ForgeConfigSpec/CORE]: Incorrect key Spells.irons_spellbooks:icicle.School was corrected from null to its default, irons_spellbooks:ice. 
[14Jul2025 20:09:57.089] [Server thread/WARN] [net.minecraftforge.common.ForgeConfigSpec/CORE]: Incorrect key Spells.irons_spellbooks:icicle.MaxLevel was corrected from null to its default, 10. 
[14Jul2025 20:09:57.089] [Server thread/WARN] [net.minecraftforge.common.ForgeConfigSpec/CORE]: Incorrect key Spells.irons_spellbooks:icicle.MinRarity was corrected from null to its default, COMMON. 
[14Jul2025 20:09:57.089] [Server thread/WARN] [net.minecraftforge.common.ForgeConfigSpec/CORE]: Incorrect key Spells.irons_spellbooks:icicle.ManaCostMultiplier was corrected from null to its default, 1.0. 
[14Jul2025 20:09:57.089] [Server thread/WARN] [net.minecraftforge.common.ForgeConfigSpec/CORE]: Incorrect key Spells.irons_spellbooks:icicle.SpellPowerMultiplier was corrected from null to its default, 1.0. 
[14Jul2025 20:09:57.089] [Server thread/WARN] [net.minecraftforge.common.ForgeConfigSpec/CORE]: Incorrect key Spells.irons_spellbooks:icicle.CooldownInSeconds was corrected from null to its default, 1.0. 
[14Jul2025 20:09:57.089] [Server thread/WARN] [net.minecraftforge.common.ForgeConfigSpec/CORE]: Incorrect key Spells.irons_spellbooks:icicle.AllowCrafting was corrected from null to its default, true. 
[14Jul2025 20:09:57.089] [Server thread/WARN] [net.minecraftforge.common.ForgeConfigSpec/CORE]: Incorrect key Spells.irons_spellbooks:arrow_volley was corrected from null to its default, SimpleCommentedConfig:{}. 
[14Jul2025 20:09:57.089] [Server thread/WARN] [net.minecraftforge.common.ForgeConfigSpec/CORE]: Incorrect key Spells.irons_spellbooks:arrow_volley.Enabled was corrected from null to its default, true. 
[14Jul2025 20:09:57.089] [Server thread/WARN] [net.minecraftforge.common.ForgeConfigSpec/CORE]: Incorrect key Spells.irons_spellbooks:arrow_volley.School was corrected from null to its default, irons_spellbooks:evocation. 
[14Jul2025 20:09:57.090] [Server thread/WARN] [net.minecraftforge.common.ForgeConfigSpec/CORE]: Incorrect key Spells.irons_spellbooks:arrow_volley.MaxLevel was corrected from null to its default, 6. 
[14Jul2025 20:09:57.090] [Server thread/WARN] [net.minecraftforge.common.ForgeConfigSpec/CORE]: Incorrect key Spells.irons_spellbooks:arrow_volley.MinRarity was corrected from null to its default, UNCOMMON. 
[14Jul2025 20:09:57.090] [Server thread/WARN] [net.minecraftforge.common.ForgeConfigSpec/CORE]: Incorrect key Spells.irons_spellbooks:arrow_volley.ManaCostMultiplier was corrected from null to its default, 1.0. 
[14Jul2025 20:09:57.090] [Server thread/WARN] [net.minecraftforge.common.ForgeConfigSpec/CORE]: Incorrect key Spells.irons_spellbooks:arrow_volley.SpellPowerMultiplier was corrected from null to its default, 1.0. 
[14Jul2025 20:09:57.091] [Server thread/WARN] [net.minecraftforge.common.ForgeConfigSpec/CORE]: Incorrect key Spells.irons_spellbooks:arrow_volley.CooldownInSeconds was corrected from null to its default, 15.0. 
[14Jul2025 20:09:57.093] [Server thread/WARN] [net.minecraftforge.common.ForgeConfigSpec/CORE]: Incorrect key Spells.irons_spellbooks:arrow_volley.AllowCrafting was corrected from null to its default, true. 
[14Jul2025 20:09:57.093] [Server thread/WARN] [net.minecraftforge.common.ForgeConfigSpec/CORE]: Incorrect key Spells.irons_spellbooks:fang_ward was corrected from null to its default, SimpleCommentedConfig:{}. 
[14Jul2025 20:09:57.093] [Server thread/WARN] [net.minecraftforge.common.ForgeConfigSpec/CORE]: Incorrect key Spells.irons_spellbooks:fang_ward.Enabled was corrected from null to its default, true. 
[14Jul2025 20:09:57.093] [Server thread/WARN] [net.minecraftforge.common.ForgeConfigSpec/CORE]: Incorrect key Spells.irons_spellbooks:fang_ward.School was corrected from null to its default, irons_spellbooks:evocation. 
[14Jul2025 20:09:57.094] [Server thread/WARN] [net.minecraftforge.common.ForgeConfigSpec/CORE]: Incorrect key Spells.irons_spellbooks:fang_ward.MaxLevel was corrected from null to its default, 8. 
[14Jul2025 20:09:57.094] [Server thread/WARN] [net.minecraftforge.common.ForgeConfigSpec/CORE]: Incorrect key Spells.irons_spellbooks:fang_ward.MinRarity was corrected from null to its default, COMMON. 
[14Jul2025 20:09:57.094] [Server thread/WARN] [net.minecraftforge.common.ForgeConfigSpec/CORE]: Incorrect key Spells.irons_spellbooks:fang_ward.ManaCostMultiplier was corrected from null to its default, 1.0. 
[14Jul2025 20:09:57.094] [Server thread/WARN] [net.minecraftforge.common.ForgeConfigSpec/CORE]: Incorrect key Spells.irons_spellbooks:fang_ward.SpellPowerMultiplier was corrected from null to its default, 1.0. 
[14Jul2025 20:09:57.094] [Server thread/WARN] [net.minecraftforge.common.ForgeConfigSpec/CORE]: Incorrect key Spells.irons_spellbooks:fang_ward.CooldownInSeconds was corrected from null to its default, 15.0. 
[14Jul2025 20:09:57.094] [Server thread/WARN] [net.minecraftforge.common.ForgeConfigSpec/CORE]: Incorrect key Spells.irons_spellbooks:fang_ward.AllowCrafting was corrected from null to its default, true. 
[14Jul2025 20:09:57.094] [Server thread/WARN] [net.minecraftforge.common.ForgeConfigSpec/CORE]: Incorrect key Spells.irons_spellbooks:fang_strike was corrected from null to its default, SimpleCommentedConfig:{}. 
[14Jul2025 20:09:57.094] [Server thread/WARN] [net.minecraftforge.common.ForgeConfigSpec/CORE]: Incorrect key Spells.irons_spellbooks:fang_strike.Enabled was corrected from null to its default, true. 
[14Jul2025 20:09:57.095] [Server thread/WARN] [net.minecraftforge.common.ForgeConfigSpec/CORE]: Incorrect key Spells.irons_spellbooks:fang_strike.School was corrected from null to its default, irons_spellbooks:evocation. 
[14Jul2025 20:09:57.095] [Server thread/WARN] [net.minecraftforge.common.ForgeConfigSpec/CORE]: Incorrect key Spells.irons_spellbooks:fang_strike.MaxLevel was corrected from null to its default, 10. 
[14Jul2025 20:09:57.095] [Server thread/WARN] [net.minecraftforge.common.ForgeConfigSpec/CORE]: Incorrect key Spells.irons_spellbooks:fang_strike.MinRarity was corrected from null to its default, COMMON. 
[14Jul2025 20:09:57.095] [Server thread/WARN] [net.minecraftforge.common.ForgeConfigSpec/CORE]: Incorrect key Spells.irons_spellbooks:fang_strike.ManaCostMultiplier was corrected from null to its default, 1.0. 
[14Jul2025 20:09:57.095] [Server thread/WARN] [net.minecraftforge.common.ForgeConfigSpec/CORE]: Incorrect key Spells.irons_spellbooks:fang_strike.SpellPowerMultiplier was corrected from null to its default, 1.0. 
[14Jul2025 20:09:57.095] [Server thread/WARN] [net.minecraftforge.common.ForgeConfigSpec/CORE]: Incorrect key Spells.irons_spellbooks:fang_strike.CooldownInSeconds was corrected from null to its default, 5.0. 
[14Jul2025 20:09:57.096] [Server thread/WARN] [net.minecraftforge.common.ForgeConfigSpec/CORE]: Incorrect key Spells.irons_spellbooks:fang_strike.AllowCrafting was corrected from null to its default, true. 
[14Jul2025 20:09:57.096] [Server thread/WARN] [net.minecraftforge.common.ForgeConfigSpec/CORE]: Incorrect key Spells.irons_spellbooks:chain_creeper was corrected from null to its default, SimpleCommentedConfig:{}. 
[14Jul2025 20:09:57.096] [Server thread/WARN] [net.minecraftforge.common.ForgeConfigSpec/CORE]: Incorrect key Spells.irons_spellbooks:chain_creeper.Enabled was corrected from null to its default, true. 
[14Jul2025 20:09:57.096] [Server thread/WARN] [net.minecraftforge.common.ForgeConfigSpec/CORE]: Incorrect key Spells.irons_spellbooks:chain_creeper.School was corrected from null to its default, irons_spellbooks:evocation. 
[14Jul2025 20:09:57.096] [Server thread/WARN] [net.minecraftforge.common.ForgeConfigSpec/CORE]: Incorrect key Spells.irons_spellbooks:chain_creeper.MaxLevel was corrected from null to its default, 6. 
[14Jul2025 20:09:57.096] [Server thread/WARN] [net.minecraftforge.common.ForgeConfigSpec/CORE]: Incorrect key Spells.irons_spellbooks:chain_creeper.MinRarity was corrected from null to its default, UNCOMMON. 
[14Jul2025 20:09:57.096] [Server thread/WARN] [net.minecraftforge.common.ForgeConfigSpec/CORE]: Incorrect key Spells.irons_spellbooks:chain_creeper.ManaCostMultiplier was corrected from null to its default, 1.0. 
[14Jul2025 20:09:57.097] [Server thread/WARN] [net.minecraftforge.common.ForgeConfigSpec/CORE]: Incorrect key Spells.irons_spellbooks:chain_creeper.SpellPowerMultiplier was corrected from null to its default, 1.0. 
[14Jul2025 20:09:57.097] [Server thread/WARN] [net.minecraftforge.common.ForgeConfigSpec/CORE]: Incorrect key Spells.irons_spellbooks:chain_creeper.CooldownInSeconds was corrected from null to its default, 15.0. 
[14Jul2025 20:09:57.097] [Server thread/WARN] [net.minecraftforge.common.ForgeConfigSpec/CORE]: Incorrect key Spells.irons_spellbooks:chain_creeper.AllowCrafting was corrected from null to its default, true. 
[14Jul2025 20:09:57.097] [Server thread/WARN] [net.minecraftforge.common.ForgeConfigSpec/CORE]: Incorrect key Spells.irons_spellbooks:gust was corrected from null to its default, SimpleCommentedConfig:{}. 
[14Jul2025 20:09:57.097] [Server thread/WARN] [net.minecraftforge.common.ForgeConfigSpec/CORE]: Incorrect key Spells.irons_spellbooks:gust.Enabled was corrected from null to its default, true. 
[14Jul2025 20:09:57.097] [Server thread/WARN] [net.minecraftforge.common.ForgeConfigSpec/CORE]: Incorrect key Spells.irons_spellbooks:gust.School was corrected from null to its default, irons_spellbooks:evocation. 
[14Jul2025 20:09:57.097] [Server thread/WARN] [net.minecraftforge.common.ForgeConfigSpec/CORE]: Incorrect key Spells.irons_spellbooks:gust.MaxLevel was corrected from null to its default, 10. 
[14Jul2025 20:09:57.097] [Server thread/WARN] [net.minecraftforge.common.ForgeConfigSpec/CORE]: Incorrect key Spells.irons_spellbooks:gust.MinRarity was corrected from null to its default, UNCOMMON. 
[14Jul2025 20:09:57.098] [Server thread/WARN] [net.minecraftforge.common.ForgeConfigSpec/CORE]: Incorrect key Spells.irons_spellbooks:gust.ManaCostMultiplier was corrected from null to its default, 1.0. 
[14Jul2025 20:09:57.098] [Server thread/WARN] [net.minecraftforge.common.ForgeConfigSpec/CORE]: Incorrect key Spells.irons_spellbooks:gust.SpellPowerMultiplier was corrected from null to its default, 1.0. 
[14Jul2025 20:09:57.098] [Server thread/WARN] [net.minecraftforge.common.ForgeConfigSpec/CORE]: Incorrect key Spells.irons_spellbooks:gust.CooldownInSeconds was corrected from null to its default, 12.0. 
[14Jul2025 20:09:57.098] [Server thread/WARN] [net.minecraftforge.common.ForgeConfigSpec/CORE]: Incorrect key Spells.irons_spellbooks:gust.AllowCrafting was corrected from null to its default, true. 
[14Jul2025 20:09:57.098] [Server thread/WARN] [net.minecraftforge.common.ForgeConfigSpec/CORE]: Incorrect key Spells.irons_spellbooks:invisibility was corrected from null to its default, SimpleCommentedConfig:{}. 
[14Jul2025 20:09:57.098] [Server thread/WARN] [net.minecraftforge.common.ForgeConfigSpec/CORE]: Incorrect key Spells.irons_spellbooks:invisibility.Enabled was corrected from null to its default, true. 
[14Jul2025 20:09:57.098] [Server thread/WARN] [net.minecraftforge.common.ForgeConfigSpec/CORE]: Incorrect key Spells.irons_spellbooks:invisibility.School was corrected from null to its default, irons_spellbooks:evocation. 
[14Jul2025 20:09:57.098] [Server thread/WARN] [net.minecraftforge.common.ForgeConfigSpec/CORE]: Incorrect key Spells.irons_spellbooks:invisibility.MaxLevel was corrected from null to its default, 6. 
[14Jul2025 20:09:57.098] [Server thread/WARN] [net.minecraftforge.common.ForgeConfigSpec/CORE]: Incorrect key Spells.irons_spellbooks:invisibility.MinRarity was corrected from null to its default, RARE. 
[14Jul2025 20:09:57.099] [Server thread/WARN] [net.minecraftforge.common.ForgeConfigSpec/CORE]: Incorrect key Spells.irons_spellbooks:invisibility.ManaCostMultiplier was corrected from null to its default, 1.0. 
[14Jul2025 20:09:57.099] [Server thread/WARN] [net.minecraftforge.common.ForgeConfigSpec/CORE]: Incorrect key Spells.irons_spellbooks:invisibility.SpellPowerMultiplier was corrected from null to its default, 1.0. 
[14Jul2025 20:09:57.099] [Server thread/WARN] [net.minecraftforge.common.ForgeConfigSpec/CORE]: Incorrect key Spells.irons_spellbooks:invisibility.CooldownInSeconds was corrected from null to its default, 45.0. 
[14Jul2025 20:09:57.099] [Server thread/WARN] [net.minecraftforge.common.ForgeConfigSpec/CORE]: Incorrect key Spells.irons_spellbooks:invisibility.AllowCrafting was corrected from null to its default, true. 
[14Jul2025 20:09:57.099] [Server thread/WARN] [net.minecraftforge.common.ForgeConfigSpec/CORE]: Incorrect key Spells.irons_spellbooks:summon_vex was corrected from null to its default, SimpleCommentedConfig:{}. 
[14Jul2025 20:09:57.099] [Server thread/WARN] [net.minecraftforge.common.ForgeConfigSpec/CORE]: Incorrect key Spells.irons_spellbooks:summon_vex.Enabled was corrected from null to its default, true. 
[14Jul2025 20:09:57.099] [Server thread/WARN] [net.minecraftforge.common.ForgeConfigSpec/CORE]: Incorrect key Spells.irons_spellbooks:summon_vex.School was corrected from null to its default, irons_spellbooks:evocation. 
[14Jul2025 20:09:57.100] [Server thread/WARN] [net.minecraftforge.common.ForgeConfigSpec/CORE]: Incorrect key Spells.irons_spellbooks:summon_vex.MaxLevel was corrected from null to its default, 5. 
[14Jul2025 20:09:57.100] [Server thread/WARN] [net.minecraftforge.common.ForgeConfigSpec/CORE]: Incorrect key Spells.irons_spellbooks:summon_vex.MinRarity was corrected from null to its default, RARE. 
[14Jul2025 20:09:57.100] [Server thread/WARN] [net.minecraftforge.common.ForgeConfigSpec/CORE]: Incorrect key Spells.irons_spellbooks:summon_vex.ManaCostMultiplier was corrected from null to its default, 1.0. 
[14Jul2025 20:09:57.100] [Server thread/WARN] [net.minecraftforge.common.ForgeConfigSpec/CORE]: Incorrect key Spells.irons_spellbooks:summon_vex.SpellPowerMultiplier was corrected from null to its default, 1.0. 
[14Jul2025 20:09:57.100] [Server thread/WARN] [net.minecraftforge.common.ForgeConfigSpec/CORE]: Incorrect key Spells.irons_spellbooks:summon_vex.CooldownInSeconds was corrected from null to its default, 150.0. 
[14Jul2025 20:09:57.100] [Server thread/WARN] [net.minecraftforge.common.ForgeConfigSpec/CORE]: Incorrect key Spells.irons_spellbooks:summon_vex.AllowCrafting was corrected from null to its default, true. 
[14Jul2025 20:09:57.100] [Server thread/WARN] [net.minecraftforge.common.ForgeConfigSpec/CORE]: Incorrect key Spells.irons_spellbooks:lob_creeper was corrected from null to its default, SimpleCommentedConfig:{}. 
[14Jul2025 20:09:57.100] [Server thread/WARN] [net.minecraftforge.common.ForgeConfigSpec/CORE]: Incorrect key Spells.irons_spellbooks:lob_creeper.Enabled was corrected from null to its default, true. 
[14Jul2025 20:09:57.101] [Server thread/WARN] [net.minecraftforge.common.ForgeConfigSpec/CORE]: Incorrect key Spells.irons_spellbooks:lob_creeper.School was corrected from null to its default, irons_spellbooks:evocation. 
[14Jul2025 20:09:57.101] [Server thread/WARN] [net.minecraftforge.common.ForgeConfigSpec/CORE]: Incorrect key Spells.irons_spellbooks:lob_creeper.MaxLevel was corrected from null to its default, 10. 
[14Jul2025 20:09:57.101] [Server thread/WARN] [net.minecraftforge.common.ForgeConfigSpec/CORE]: Incorrect key Spells.irons_spellbooks:lob_creeper.MinRarity was corrected from null to its default, UNCOMMON. 
[14Jul2025 20:09:57.101] [Server thread/WARN] [net.minecraftforge.common.ForgeConfigSpec/CORE]: Incorrect key Spells.irons_spellbooks:lob_creeper.ManaCostMultiplier was corrected from null to its default, 1.0. 
[14Jul2025 20:09:57.101] [Server thread/WARN] [net.minecraftforge.common.ForgeConfigSpec/CORE]: Incorrect key Spells.irons_spellbooks:lob_creeper.SpellPowerMultiplier was corrected from null to its default, 1.0. 
[14Jul2025 20:09:57.101] [Server thread/WARN] [net.minecraftforge.common.ForgeConfigSpec/CORE]: Incorrect key Spells.irons_spellbooks:lob_creeper.CooldownInSeconds was corrected from null to its default, 2.0. 
[14Jul2025 20:09:57.101] [Server thread/WARN] [net.minecraftforge.common.ForgeConfigSpec/CORE]: Incorrect key Spells.irons_spellbooks:lob_creeper.AllowCrafting was corrected from null to its default, true. 
[14Jul2025 20:09:57.101] [Server thread/WARN] [net.minecraftforge.common.ForgeConfigSpec/CORE]: Incorrect key Spells.irons_spellbooks:wololo was corrected from null to its default, SimpleCommentedConfig:{}. 
[14Jul2025 20:09:57.102] [Server thread/WARN] [net.minecraftforge.common.ForgeConfigSpec/CORE]: Incorrect key Spells.irons_spellbooks:wololo.Enabled was corrected from null to its default, true. 
[14Jul2025 20:09:57.102] [Server thread/WARN] [net.minecraftforge.common.ForgeConfigSpec/CORE]: Incorrect key Spells.irons_spellbooks:wololo.School was corrected from null to its default, irons_spellbooks:evocation. 
[14Jul2025 20:09:57.102] [Server thread/WARN] [net.minecraftforge.common.ForgeConfigSpec/CORE]: Incorrect key Spells.irons_spellbooks:wololo.MaxLevel was corrected from null to its default, 1. 
[14Jul2025 20:09:57.102] [Server thread/WARN] [net.minecraftforge.common.ForgeConfigSpec/CORE]: Incorrect key Spells.irons_spellbooks:wololo.MinRarity was corrected from null to its default, LEGENDARY. 
[14Jul2025 20:09:57.102] [Server thread/WARN] [net.minecraftforge.common.ForgeConfigSpec/CORE]: Incorrect key Spells.irons_spellbooks:wololo.ManaCostMultiplier was corrected from null to its default, 1.0. 
[14Jul2025 20:09:57.102] [Server thread/WARN] [net.minecraftforge.common.ForgeConfigSpec/CORE]: Incorrect key Spells.irons_spellbooks:wololo.SpellPowerMultiplier was corrected from null to its default, 1.0. 
[14Jul2025 20:09:57.102] [Server thread/WARN] [net.minecraftforge.common.ForgeConfigSpec/CORE]: Incorrect key Spells.irons_spellbooks:wololo.CooldownInSeconds was corrected from null to its default, 10.0. 
[14Jul2025 20:09:57.102] [Server thread/WARN] [net.minecraftforge.common.ForgeConfigSpec/CORE]: Incorrect key Spells.irons_spellbooks:wololo.AllowCrafting was corrected from null to its default, true. 
[14Jul2025 20:09:57.102] [Server thread/WARN] [net.minecraftforge.common.ForgeConfigSpec/CORE]: Incorrect key Spells.irons_spellbooks:shield was corrected from null to its default, SimpleCommentedConfig:{}. 
[14Jul2025 20:09:57.102] [Server thread/WARN] [net.minecraftforge.common.ForgeConfigSpec/CORE]: Incorrect key Spells.irons_spellbooks:shield.Enabled was corrected from null to its default, true. 
[14Jul2025 20:09:57.103] [Server thread/WARN] [net.minecraftforge.common.ForgeConfigSpec/CORE]: Incorrect key Spells.irons_spellbooks:shield.School was corrected from null to its default, irons_spellbooks:evocation. 
[14Jul2025 20:09:57.103] [Server thread/WARN] [net.minecraftforge.common.ForgeConfigSpec/CORE]: Incorrect key Spells.irons_spellbooks:shield.MaxLevel was corrected from null to its default, 10. 
[14Jul2025 20:09:57.103] [Server thread/WARN] [net.minecraftforge.common.ForgeConfigSpec/CORE]: Incorrect key Spells.irons_spellbooks:shield.MinRarity was corrected from null to its default, COMMON. 
[14Jul2025 20:09:57.103] [Server thread/WARN] [net.minecraftforge.common.ForgeConfigSpec/CORE]: Incorrect key Spells.irons_spellbooks:shield.ManaCostMultiplier was corrected from null to its default, 1.0. 
[14Jul2025 20:09:57.103] [Server thread/WARN] [net.minecraftforge.common.ForgeConfigSpec/CORE]: Incorrect key Spells.irons_spellbooks:shield.SpellPowerMultiplier was corrected from null to its default, 1.0. 
[14Jul2025 20:09:57.103] [Server thread/WARN] [net.minecraftforge.common.ForgeConfigSpec/CORE]: Incorrect key Spells.irons_spellbooks:shield.CooldownInSeconds was corrected from null to its default, 8.0. 
[14Jul2025 20:09:57.103] [Server thread/WARN] [net.minecraftforge.common.ForgeConfigSpec/CORE]: Incorrect key Spells.irons_spellbooks:shield.AllowCrafting was corrected from null to its default, true. 
[14Jul2025 20:09:57.103] [Server thread/WARN] [net.minecraftforge.common.ForgeConfigSpec/CORE]: Incorrect key Spells.irons_spellbooks:summon_horse was corrected from null to its default, SimpleCommentedConfig:{}. 
[14Jul2025 20:09:57.103] [Server thread/WARN] [net.minecraftforge.common.ForgeConfigSpec/CORE]: Incorrect key Spells.irons_spellbooks:summon_horse.Enabled was corrected from null to its default, true. 
[14Jul2025 20:09:57.103] [Server thread/WARN] [net.minecraftforge.common.ForgeConfigSpec/CORE]: Incorrect key Spells.irons_spellbooks:summon_horse.School was corrected from null to its default, irons_spellbooks:evocation. 
[14Jul2025 20:09:57.103] [Server thread/WARN] [net.minecraftforge.common.ForgeConfigSpec/CORE]: Incorrect key Spells.irons_spellbooks:summon_horse.MaxLevel was corrected from null to its default, 5. 
[14Jul2025 20:09:57.104] [Server thread/WARN] [net.minecraftforge.common.ForgeConfigSpec/CORE]: Incorrect key Spells.irons_spellbooks:summon_horse.MinRarity was corrected from null to its default, COMMON. 
[14Jul2025 20:09:57.104] [Server thread/WARN] [net.minecraftforge.common.ForgeConfigSpec/CORE]: Incorrect key Spells.irons_spellbooks:summon_horse.ManaCostMultiplier was corrected from null to its default, 1.0. 
[14Jul2025 20:09:57.104] [Server thread/WARN] [net.minecraftforge.common.ForgeConfigSpec/CORE]: Incorrect key Spells.irons_spellbooks:summon_horse.SpellPowerMultiplier was corrected from null to its default, 1.0. 
[14Jul2025 20:09:57.104] [Server thread/WARN] [net.minecraftforge.common.ForgeConfigSpec/CORE]: Incorrect key Spells.irons_spellbooks:summon_horse.CooldownInSeconds was corrected from null to its default, 20.0. 
[14Jul2025 20:09:57.104] [Server thread/WARN] [net.minecraftforge.common.ForgeConfigSpec/CORE]: Incorrect key Spells.irons_spellbooks:summon_horse.AllowCrafting was corrected from null to its default, true. 
[14Jul2025 20:09:57.104] [Server thread/WARN] [net.minecraftforge.common.ForgeConfigSpec/CORE]: Incorrect key Spells.irons_spellbooks:spectral_hammer was corrected from null to its default, SimpleCommentedConfig:{}. 
[14Jul2025 20:09:57.104] [Server thread/WARN] [net.minecraftforge.common.ForgeConfigSpec/CORE]: Incorrect key Spells.irons_spellbooks:spectral_hammer.Enabled was corrected from null to its default, true. 
[14Jul2025 20:09:57.104] [Server thread/WARN] [net.minecraftforge.common.ForgeConfigSpec/CORE]: Incorrect key Spells.irons_spellbooks:spectral_hammer.School was corrected from null to its default, irons_spellbooks:evocation. 
[14Jul2025 20:09:57.104] [Server thread/WARN] [net.minecraftforge.common.ForgeConfigSpec/CORE]: Incorrect key Spells.irons_spellbooks:spectral_hammer.MaxLevel was corrected from null to its default, 5. 
[14Jul2025 20:09:57.105] [Server thread/WARN] [net.minecraftforge.common.ForgeConfigSpec/CORE]: Incorrect key Spells.irons_spellbooks:spectral_hammer.MinRarity was corrected from null to its default, UNCOMMON. 
[14Jul2025 20:09:57.105] [Server thread/WARN] [net.minecraftforge.common.ForgeConfigSpec/CORE]: Incorrect key Spells.irons_spellbooks:spectral_hammer.ManaCostMultiplier was corrected from null to its default, 1.0. 
[14Jul2025 20:09:57.105] [Server thread/WARN] [net.minecraftforge.common.ForgeConfigSpec/CORE]: Incorrect key Spells.irons_spellbooks:spectral_hammer.SpellPowerMultiplier was corrected from null to its default, 1.0. 
[14Jul2025 20:09:57.105] [Server thread/WARN] [net.minecraftforge.common.ForgeConfigSpec/CORE]: Incorrect key Spells.irons_spellbooks:spectral_hammer.CooldownInSeconds was corrected from null to its default, 2.0. 
[14Jul2025 20:09:57.105] [Server thread/WARN] [net.minecraftforge.common.ForgeConfigSpec/CORE]: Incorrect key Spells.irons_spellbooks:spectral_hammer.AllowCrafting was corrected from null to its default, true. 
[14Jul2025 20:09:57.105] [Server thread/WARN] [net.minecraftforge.common.ForgeConfigSpec/CORE]: Incorrect key Spells.irons_spellbooks:slow was corrected from null to its default, SimpleCommentedConfig:{}. 
[14Jul2025 20:09:57.105] [Server thread/WARN] [net.minecraftforge.common.ForgeConfigSpec/CORE]: Incorrect key Spells.irons_spellbooks:slow.Enabled was corrected from null to its default, true. 
[14Jul2025 20:09:57.105] [Server thread/WARN] [net.minecraftforge.common.ForgeConfigSpec/CORE]: Incorrect key Spells.irons_spellbooks:slow.School was corrected from null to its default, irons_spellbooks:evocation. 
[14Jul2025 20:09:57.106] [Server thread/WARN] [net.minecraftforge.common.ForgeConfigSpec/CORE]: Incorrect key Spells.irons_spellbooks:slow.MaxLevel was corrected from null to its default, 4. 
[14Jul2025 20:09:57.106] [Server thread/WARN] [net.minecraftforge.common.ForgeConfigSpec/CORE]: Incorrect key Spells.irons_spellbooks:slow.MinRarity was corrected from null to its default, EPIC. 
[14Jul2025 20:09:57.106] [Server thread/WARN] [net.minecraftforge.common.ForgeConfigSpec/CORE]: Incorrect key Spells.irons_spellbooks:slow.ManaCostMultiplier was corrected from null to its default, 1.0. 
[14Jul2025 20:09:57.106] [Server thread/WARN] [net.minecraftforge.common.ForgeConfigSpec/CORE]: Incorrect key Spells.irons_spellbooks:slow.SpellPowerMultiplier was corrected from null to its default, 1.0. 
[14Jul2025 20:09:57.106] [Server thread/WARN] [net.minecraftforge.common.ForgeConfigSpec/CORE]: Incorrect key Spells.irons_spellbooks:slow.CooldownInSeconds was corrected from null to its default, 80.0. 
[14Jul2025 20:09:57.106] [Server thread/WARN] [net.minecraftforge.common.ForgeConfigSpec/CORE]: Incorrect key Spells.irons_spellbooks:slow.AllowCrafting was corrected from null to its default, true. 
[14Jul2025 20:09:57.106] [Server thread/WARN] [net.minecraftforge.common.ForgeConfigSpec/CORE]: Incorrect key Spells.irons_spellbooks:firecracker was corrected from null to its default, SimpleCommentedConfig:{}. 
[14Jul2025 20:09:57.107] [Server thread/WARN] [net.minecraftforge.common.ForgeConfigSpec/CORE]: Incorrect key Spells.irons_spellbooks:firecracker.Enabled was corrected from null to its default, true. 
[14Jul2025 20:09:57.107] [Server thread/WARN] [net.minecraftforge.common.ForgeConfigSpec/CORE]: Incorrect key Spells.irons_spellbooks:firecracker.School was corrected from null to its default, irons_spellbooks:evocation. 
[14Jul2025 20:09:57.107] [Server thread/WARN] [net.minecraftforge.common.ForgeConfigSpec/CORE]: Incorrect key Spells.irons_spellbooks:firecracker.MaxLevel was corrected from null to its default, 10. 
[14Jul2025 20:09:57.107] [Server thread/WARN] [net.minecraftforge.common.ForgeConfigSpec/CORE]: Incorrect key Spells.irons_spellbooks:firecracker.MinRarity was corrected from null to its default, COMMON. 
[14Jul2025 20:09:57.107] [Server thread/WARN] [net.minecraftforge.common.ForgeConfigSpec/CORE]: Incorrect key Spells.irons_spellbooks:firecracker.ManaCostMultiplier was corrected from null to its default, 1.0. 
[14Jul2025 20:09:57.107] [Server thread/WARN] [net.minecraftforge.common.ForgeConfigSpec/CORE]: Incorrect key Spells.irons_spellbooks:firecracker.SpellPowerMultiplier was corrected from null to its default, 1.0. 
[14Jul2025 20:09:57.107] [Server thread/WARN] [net.minecraftforge.common.ForgeConfigSpec/CORE]: Incorrect key Spells.irons_spellbooks:firecracker.CooldownInSeconds was corrected from null to its default, 1.5. 
[14Jul2025 20:09:57.108] [Server thread/WARN] [net.minecraftforge.common.ForgeConfigSpec/CORE]: Incorrect key Spells.irons_spellbooks:firecracker.AllowCrafting was corrected from null to its default, true. 
[14Jul2025 20:09:57.108] [Server thread/WARN] [net.minecraftforge.common.ForgeConfigSpec/CORE]: Incorrect key Spells.irons_spellbooks:portal was corrected from null to its default, SimpleCommentedConfig:{}. 
[14Jul2025 20:09:57.108] [Server thread/WARN] [net.minecraftforge.common.ForgeConfigSpec/CORE]: Incorrect key Spells.irons_spellbooks:portal.Enabled was corrected from null to its default, true. 
[14Jul2025 20:09:57.108] [Server thread/WARN] [net.minecraftforge.common.ForgeConfigSpec/CORE]: Incorrect key Spells.irons_spellbooks:portal.School was corrected from null to its default, irons_spellbooks:ender. 
[14Jul2025 20:09:57.108] [Server thread/WARN] [net.minecraftforge.common.ForgeConfigSpec/CORE]: Incorrect key Spells.irons_spellbooks:portal.MaxLevel was corrected from null to its default, 3. 
[14Jul2025 20:09:57.108] [Server thread/WARN] [net.minecraftforge.common.ForgeConfigSpec/CORE]: Incorrect key Spells.irons_spellbooks:portal.MinRarity was corrected from null to its default, UNCOMMON. 
[14Jul2025 20:09:57.108] [Server thread/WARN] [net.minecraftforge.common.ForgeConfigSpec/CORE]: Incorrect key Spells.irons_spellbooks:portal.ManaCostMultiplier was corrected from null to its default, 1.0. 
[14Jul2025 20:09:57.109] [Server thread/WARN] [net.minecraftforge.common.ForgeConfigSpec/CORE]: Incorrect key Spells.irons_spellbooks:portal.SpellPowerMultiplier was corrected from null to its default, 1.0. 
[14Jul2025 20:09:57.109] [Server thread/WARN] [net.minecraftforge.common.ForgeConfigSpec/CORE]: Incorrect key Spells.irons_spellbooks:portal.CooldownInSeconds was corrected from null to its default, 180.0. 
[14Jul2025 20:09:57.109] [Server thread/WARN] [net.minecraftforge.common.ForgeConfigSpec/CORE]: Incorrect key Spells.irons_spellbooks:portal.AllowCrafting was corrected from null to its default, true. 
[14Jul2025 20:09:57.109] [Server thread/WARN] [net.minecraftforge.common.ForgeConfigSpec/CORE]: Incorrect key Spells.irons_spellbooks:black_hole was corrected from null to its default, SimpleCommentedConfig:{}. 
[14Jul2025 20:09:57.109] [Server thread/WARN] [net.minecraftforge.common.ForgeConfigSpec/CORE]: Incorrect key Spells.irons_spellbooks:black_hole.Enabled was corrected from null to its default, true. 
[14Jul2025 20:09:57.109] [Server thread/WARN] [net.minecraftforge.common.ForgeConfigSpec/CORE]: Incorrect key Spells.irons_spellbooks:black_hole.School was corrected from null to its default, irons_spellbooks:ender. 
[14Jul2025 20:09:57.109] [Server thread/WARN] [net.minecraftforge.common.ForgeConfigSpec/CORE]: Incorrect key Spells.irons_spellbooks:black_hole.MaxLevel was corrected from null to its default, 6. 
[14Jul2025 20:09:57.109] [Server thread/WARN] [net.minecraftforge.common.ForgeConfigSpec/CORE]: Incorrect key Spells.irons_spellbooks:black_hole.MinRarity was corrected from null to its default, LEGENDARY. 
[14Jul2025 20:09:57.110] [Server thread/WARN] [net.minecraftforge.common.ForgeConfigSpec/CORE]: Incorrect key Spells.irons_spellbooks:black_hole.ManaCostMultiplier was corrected from null to its default, 1.0. 
[14Jul2025 20:09:57.110] [Server thread/WARN] [net.minecraftforge.common.ForgeConfigSpec/CORE]: Incorrect key Spells.irons_spellbooks:black_hole.SpellPowerMultiplier was corrected from null to its default, 1.0. 
[14Jul2025 20:09:57.110] [Server thread/WARN] [net.minecraftforge.common.ForgeConfigSpec/CORE]: Incorrect key Spells.irons_spellbooks:black_hole.CooldownInSeconds was corrected from null to its default, 120.0. 
[14Jul2025 20:09:57.110] [Server thread/WARN] [net.minecraftforge.common.ForgeConfigSpec/CORE]: Incorrect key Spells.irons_spellbooks:black_hole.AllowCrafting was corrected from null to its default, true. 
[14Jul2025 20:09:57.110] [Server thread/WARN] [net.minecraftforge.common.ForgeConfigSpec/CORE]: Incorrect key Spells.irons_spellbooks:evasion was corrected from null to its default, SimpleCommentedConfig:{}. 
[14Jul2025 20:09:57.110] [Server thread/WARN] [net.minecraftforge.common.ForgeConfigSpec/CORE]: Incorrect key Spells.irons_spellbooks:evasion.Enabled was corrected from null to its default, true. 
[14Jul2025 20:09:57.110] [Server thread/WARN] [net.minecraftforge.common.ForgeConfigSpec/CORE]: Incorrect key Spells.irons_spellbooks:evasion.School was corrected from null to its default, irons_spellbooks:ender. 
[14Jul2025 20:09:57.110] [Server thread/WARN] [net.minecraftforge.common.ForgeConfigSpec/CORE]: Incorrect key Spells.irons_spellbooks:evasion.MaxLevel was corrected from null to its default, 5. 
[14Jul2025 20:09:57.111] [Server thread/WARN] [net.minecraftforge.common.ForgeConfigSpec/CORE]: Incorrect key Spells.irons_spellbooks:evasion.MinRarity was corrected from null to its default, EPIC. 
[14Jul2025 20:09:57.111] [Server thread/WARN] [net.minecraftforge.common.ForgeConfigSpec/CORE]: Incorrect key Spells.irons_spellbooks:evasion.ManaCostMultiplier was corrected from null to its default, 1.0. 
[14Jul2025 20:09:57.111] [Server thread/WARN] [net.minecraftforge.common.ForgeConfigSpec/CORE]: Incorrect key Spells.irons_spellbooks:evasion.SpellPowerMultiplier was corrected from null to its default, 1.0. 
[14Jul2025 20:09:57.111] [Server thread/WARN] [net.minecraftforge.common.ForgeConfigSpec/CORE]: Incorrect key Spells.irons_spellbooks:evasion.CooldownInSeconds was corrected from null to its default, 180.0. 
[14Jul2025 20:09:57.111] [Server thread/WARN] [net.minecraftforge.common.ForgeConfigSpec/CORE]: Incorrect key Spells.irons_spellbooks:evasion.AllowCrafting was corrected from null to its default, true. 
[14Jul2025 20:09:57.111] [Server thread/WARN] [net.minecraftforge.common.ForgeConfigSpec/CORE]: Incorrect key Spells.irons_spellbooks:recall was corrected from null to its default, SimpleCommentedConfig:{}. 
[14Jul2025 20:09:57.111] [Server thread/WARN] [net.minecraftforge.common.ForgeConfigSpec/CORE]: Incorrect key Spells.irons_spellbooks:recall.Enabled was corrected from null to its default, true. 
[14Jul2025 20:09:57.111] [Server thread/WARN] [net.minecraftforge.common.ForgeConfigSpec/CORE]: Incorrect key Spells.irons_spellbooks:recall.School was corrected from null to its default, irons_spellbooks:ender. 
[14Jul2025 20:09:57.111] [Server thread/WARN] [net.minecraftforge.common.ForgeConfigSpec/CORE]: Incorrect key Spells.irons_spellbooks:recall.MaxLevel was corrected from null to its default, 1. 
[14Jul2025 20:09:57.112] [Server thread/WARN] [net.minecraftforge.common.ForgeConfigSpec/CORE]: Incorrect key Spells.irons_spellbooks:recall.MinRarity was corrected from null to its default, UNCOMMON. 
[14Jul2025 20:09:57.112] [Server thread/WARN] [net.minecraftforge.common.ForgeConfigSpec/CORE]: Incorrect key Spells.irons_spellbooks:recall.ManaCostMultiplier was corrected from null to its default, 1.0. 
[14Jul2025 20:09:57.112] [Server thread/WARN] [net.minecraftforge.common.ForgeConfigSpec/CORE]: Incorrect key Spells.irons_spellbooks:recall.SpellPowerMultiplier was corrected from null to its default, 1.0. 
[14Jul2025 20:09:57.112] [Server thread/WARN] [net.minecraftforge.common.ForgeConfigSpec/CORE]: Incorrect key Spells.irons_spellbooks:recall.CooldownInSeconds was corrected from null to its default, 300.0. 
[14Jul2025 20:09:57.113] [Server thread/WARN] [net.minecraftforge.common.ForgeConfigSpec/CORE]: Incorrect key Spells.irons_spellbooks:recall.AllowCrafting was corrected from null to its default, true. 
[14Jul2025 20:09:57.113] [Server thread/WARN] [net.minecraftforge.common.ForgeConfigSpec/CORE]: Incorrect key Spells.irons_spellbooks:magic_missile was corrected from null to its default, SimpleCommentedConfig:{}. 
[14Jul2025 20:09:57.113] [Server thread/WARN] [net.minecraftforge.common.ForgeConfigSpec/CORE]: Incorrect key Spells.irons_spellbooks:magic_missile.Enabled was corrected from null to its default, true. 
[14Jul2025 20:09:57.114] [Server thread/WARN] [net.minecraftforge.common.ForgeConfigSpec/CORE]: Incorrect key Spells.irons_spellbooks:magic_missile.School was corrected from null to its default, irons_spellbooks:ender. 
[14Jul2025 20:09:57.114] [Server thread/WARN] [net.minecraftforge.common.ForgeConfigSpec/CORE]: Incorrect key Spells.irons_spellbooks:magic_missile.MaxLevel was corrected from null to its default, 10. 
[14Jul2025 20:09:57.114] [Server thread/WARN] [net.minecraftforge.common.ForgeConfigSpec/CORE]: Incorrect key Spells.irons_spellbooks:magic_missile.MinRarity was corrected from null to its default, COMMON. 
[14Jul2025 20:09:57.115] [Server thread/WARN] [net.minecraftforge.common.ForgeConfigSpec/CORE]: Incorrect key Spells.irons_spellbooks:magic_missile.ManaCostMultiplier was corrected from null to its default, 1.0. 
[14Jul2025 20:09:57.115] [Server thread/WARN] [net.minecraftforge.common.ForgeConfigSpec/CORE]: Incorrect key Spells.irons_spellbooks:magic_missile.SpellPowerMultiplier was corrected from null to its default, 1.0. 
[14Jul2025 20:09:57.115] [Server thread/WARN] [net.minecraftforge.common.ForgeConfigSpec/CORE]: Incorrect key Spells.irons_spellbooks:magic_missile.CooldownInSeconds was corrected from null to its default, 1.0. 
[14Jul2025 20:09:57.115] [Server thread/WARN] [net.minecraftforge.common.ForgeConfigSpec/CORE]: Incorrect key Spells.irons_spellbooks:magic_missile.AllowCrafting was corrected from null to its default, true. 
[14Jul2025 20:09:57.115] [Server thread/WARN] [net.minecraftforge.common.ForgeConfigSpec/CORE]: Incorrect key Spells.irons_spellbooks:summon_ender_chest was corrected from null to its default, SimpleCommentedConfig:{}. 
[14Jul2025 20:09:57.115] [Server thread/WARN] [net.minecraftforge.common.ForgeConfigSpec/CORE]: Incorrect key Spells.irons_spellbooks:summon_ender_chest.Enabled was corrected from null to its default, true. 
[14Jul2025 20:09:57.115] [Server thread/WARN] [net.minecraftforge.common.ForgeConfigSpec/CORE]: Incorrect key Spells.irons_spellbooks:summon_ender_chest.School was corrected from null to its default, irons_spellbooks:ender. 
[14Jul2025 20:09:57.116] [Server thread/WARN] [net.minecraftforge.common.ForgeConfigSpec/CORE]: Incorrect key Spells.irons_spellbooks:summon_ender_chest.MaxLevel was corrected from null to its default, 1. 
[14Jul2025 20:09:57.116] [Server thread/WARN] [net.minecraftforge.common.ForgeConfigSpec/CORE]: Incorrect key Spells.irons_spellbooks:summon_ender_chest.MinRarity was corrected from null to its default, RARE. 
[14Jul2025 20:09:57.116] [Server thread/WARN] [net.minecraftforge.common.ForgeConfigSpec/CORE]: Incorrect key Spells.irons_spellbooks:summon_ender_chest.ManaCostMultiplier was corrected from null to its default, 1.0. 
[14Jul2025 20:09:57.116] [Server thread/WARN] [net.minecraftforge.common.ForgeConfigSpec/CORE]: Incorrect key Spells.irons_spellbooks:summon_ender_chest.SpellPowerMultiplier was corrected from null to its default, 1.0. 
[14Jul2025 20:09:57.116] [Server thread/WARN] [net.minecraftforge.common.ForgeConfigSpec/CORE]: Incorrect key Spells.irons_spellbooks:summon_ender_chest.CooldownInSeconds was corrected from null to its default, 5.0. 
[14Jul2025 20:09:57.117] [Server thread/WARN] [net.minecraftforge.common.ForgeConfigSpec/CORE]: Incorrect key Spells.irons_spellbooks:summon_ender_chest.AllowCrafting was corrected from null to its default, true. 
[14Jul2025 20:09:57.117] [Server thread/WARN] [net.minecraftforge.common.ForgeConfigSpec/CORE]: Incorrect key Spells.irons_spellbooks:magic_arrow was corrected from null to its default, SimpleCommentedConfig:{}. 
[14Jul2025 20:09:57.117] [Server thread/WARN] [net.minecraftforge.common.ForgeConfigSpec/CORE]: Incorrect key Spells.irons_spellbooks:magic_arrow.Enabled was corrected from null to its default, true. 
[14Jul2025 20:09:57.117] [Server thread/WARN] [net.minecraftforge.common.ForgeConfigSpec/CORE]: Incorrect key Spells.irons_spellbooks:magic_arrow.School was corrected from null to its default, irons_spellbooks:ender. 
[14Jul2025 20:09:57.117] [Server thread/WARN] [net.minecraftforge.common.ForgeConfigSpec/CORE]: Incorrect key Spells.irons_spellbooks:magic_arrow.MaxLevel was corrected from null to its default, 10. 
[14Jul2025 20:09:57.117] [Server thread/WARN] [net.minecraftforge.common.ForgeConfigSpec/CORE]: Incorrect key Spells.irons_spellbooks:magic_arrow.MinRarity was corrected from null to its default, RARE. 
[14Jul2025 20:09:57.117] [Server thread/WARN] [net.minecraftforge.common.ForgeConfigSpec/CORE]: Incorrect key Spells.irons_spellbooks:magic_arrow.ManaCostMultiplier was corrected from null to its default, 1.0. 
[14Jul2025 20:09:57.118] [Server thread/WARN] [net.minecraftforge.common.ForgeConfigSpec/CORE]: Incorrect key Spells.irons_spellbooks:magic_arrow.SpellPowerMultiplier was corrected from null to its default, 1.0. 
[14Jul2025 20:09:57.118] [Server thread/WARN] [net.minecraftforge.common.ForgeConfigSpec/CORE]: Incorrect key Spells.irons_spellbooks:magic_arrow.CooldownInSeconds was corrected from null to its default, 8.0. 
[14Jul2025 20:09:57.118] [Server thread/WARN] [net.minecraftforge.common.ForgeConfigSpec/CORE]: Incorrect key Spells.irons_spellbooks:magic_arrow.AllowCrafting was corrected from null to its default, true. 
[14Jul2025 20:09:57.118] [Server thread/WARN] [net.minecraftforge.common.ForgeConfigSpec/CORE]: Incorrect key Spells.irons_spellbooks:teleport was corrected from null to its default, SimpleCommentedConfig:{}. 
[14Jul2025 20:09:57.118] [Server thread/WARN] [net.minecraftforge.common.ForgeConfigSpec/CORE]: Incorrect key Spells.irons_spellbooks:teleport.Enabled was corrected from null to its default, true. 
[14Jul2025 20:09:57.118] [Server thread/WARN] [net.minecraftforge.common.ForgeConfigSpec/CORE]: Incorrect key Spells.irons_spellbooks:teleport.School was corrected from null to its default, irons_spellbooks:ender. 
[14Jul2025 20:09:57.118] [Server thread/WARN] [net.minecraftforge.common.ForgeConfigSpec/CORE]: Incorrect key Spells.irons_spellbooks:teleport.MaxLevel was corrected from null to its default, 5. 
[14Jul2025 20:09:57.119] [Server thread/WARN] [net.minecraftforge.common.ForgeConfigSpec/CORE]: Incorrect key Spells.irons_spellbooks:teleport.MinRarity was corrected from null to its default, UNCOMMON. 
[14Jul2025 20:09:57.119] [Server thread/WARN] [net.minecraftforge.common.ForgeConfigSpec/CORE]: Incorrect key Spells.irons_spellbooks:teleport.ManaCostMultiplier was corrected from null to its default, 1.0. 
[14Jul2025 20:09:57.119] [Server thread/WARN] [net.minecraftforge.common.ForgeConfigSpec/CORE]: Incorrect key Spells.irons_spellbooks:teleport.SpellPowerMultiplier was corrected from null to its default, 1.0. 
[14Jul2025 20:09:57.119] [Server thread/WARN] [net.minecraftforge.common.ForgeConfigSpec/CORE]: Incorrect key Spells.irons_spellbooks:teleport.CooldownInSeconds was corrected from null to its default, 3.0. 
[14Jul2025 20:09:57.119] [Server thread/WARN] [net.minecraftforge.common.ForgeConfigSpec/CORE]: Incorrect key Spells.irons_spellbooks:teleport.AllowCrafting was corrected from null to its default, true. 
[14Jul2025 20:09:57.119] [Server thread/WARN] [net.minecraftforge.common.ForgeConfigSpec/CORE]: Incorrect key Spells.irons_spellbooks:dragon_breath was corrected from null to its default, SimpleCommentedConfig:{}. 
[14Jul2025 20:09:57.119] [Server thread/WARN] [net.minecraftforge.common.ForgeConfigSpec/CORE]: Incorrect key Spells.irons_spellbooks:dragon_breath.Enabled was corrected from null to its default, true. 
[14Jul2025 20:09:57.119] [Server thread/WARN] [net.minecraftforge.common.ForgeConfigSpec/CORE]: Incorrect key Spells.irons_spellbooks:dragon_breath.School was corrected from null to its default, irons_spellbooks:ender. 
[14Jul2025 20:09:57.119] [Server thread/WARN] [net.minecraftforge.common.ForgeConfigSpec/CORE]: Incorrect key Spells.irons_spellbooks:dragon_breath.MaxLevel was corrected from null to its default, 10. 
[14Jul2025 20:09:57.119] [Server thread/WARN] [net.minecraftforge.common.ForgeConfigSpec/CORE]: Incorrect key Spells.irons_spellbooks:dragon_breath.MinRarity was corrected from null to its default, COMMON. 
[14Jul2025 20:09:57.119] [Server thread/WARN] [net.minecraftforge.common.ForgeConfigSpec/CORE]: Incorrect key Spells.irons_spellbooks:dragon_breath.ManaCostMultiplier was corrected from null to its default, 1.0. 
[14Jul2025 20:09:57.119] [Server thread/WARN] [net.minecraftforge.common.ForgeConfigSpec/CORE]: Incorrect key Spells.irons_spellbooks:dragon_breath.SpellPowerMultiplier was corrected from null to its default, 1.0. 
[14Jul2025 20:09:57.119] [Server thread/WARN] [net.minecraftforge.common.ForgeConfigSpec/CORE]: Incorrect key Spells.irons_spellbooks:dragon_breath.CooldownInSeconds was corrected from null to its default, 12.0. 
[14Jul2025 20:09:57.120] [Server thread/WARN] [net.minecraftforge.common.ForgeConfigSpec/CORE]: Incorrect key Spells.irons_spellbooks:dragon_breath.AllowCrafting was corrected from null to its default, true. 
[14Jul2025 20:09:57.120] [Server thread/WARN] [net.minecraftforge.common.ForgeConfigSpec/CORE]: Incorrect key Spells.irons_spellbooks:counterspell was corrected from null to its default, SimpleCommentedConfig:{}. 
[14Jul2025 20:09:57.120] [Server thread/WARN] [net.minecraftforge.common.ForgeConfigSpec/CORE]: Incorrect key Spells.irons_spellbooks:counterspell.Enabled was corrected from null to its default, true. 
[14Jul2025 20:09:57.120] [Server thread/WARN] [net.minecraftforge.common.ForgeConfigSpec/CORE]: Incorrect key Spells.irons_spellbooks:counterspell.School was corrected from null to its default, irons_spellbooks:ender. 
[14Jul2025 20:09:57.121] [Server thread/WARN] [net.minecraftforge.common.ForgeConfigSpec/CORE]: Incorrect key Spells.irons_spellbooks:counterspell.MaxLevel was corrected from null to its default, 1. 
[14Jul2025 20:09:57.121] [Server thread/WARN] [net.minecraftforge.common.ForgeConfigSpec/CORE]: Incorrect key Spells.irons_spellbooks:counterspell.MinRarity was corrected from null to its default, RARE. 
[14Jul2025 20:09:57.121] [Server thread/WARN] [net.minecraftforge.common.ForgeConfigSpec/CORE]: Incorrect key Spells.irons_spellbooks:counterspell.ManaCostMultiplier was corrected from null to its default, 1.0. 
[14Jul2025 20:09:57.121] [Server thread/WARN] [net.minecraftforge.common.ForgeConfigSpec/CORE]: Incorrect key Spells.irons_spellbooks:counterspell.SpellPowerMultiplier was corrected from null to its default, 1.0. 
[14Jul2025 20:09:57.121] [Server thread/WARN] [net.minecraftforge.common.ForgeConfigSpec/CORE]: Incorrect key Spells.irons_spellbooks:counterspell.CooldownInSeconds was corrected from null to its default, 10.0. 
[14Jul2025 20:09:57.121] [Server thread/WARN] [net.minecraftforge.common.ForgeConfigSpec/CORE]: Incorrect key Spells.irons_spellbooks:counterspell.AllowCrafting was corrected from null to its default, true. 
[14Jul2025 20:09:57.121] [Server thread/WARN] [net.minecraftforge.common.ForgeConfigSpec/CORE]: Incorrect key Spells.irons_spellbooks:echoing_strikes was corrected from null to its default, SimpleCommentedConfig:{}. 
[14Jul2025 20:09:57.122] [Server thread/WARN] [net.minecraftforge.common.ForgeConfigSpec/CORE]: Incorrect key Spells.irons_spellbooks:echoing_strikes.Enabled was corrected from null to its default, true. 
[14Jul2025 20:09:57.122] [Server thread/WARN] [net.minecraftforge.common.ForgeConfigSpec/CORE]: Incorrect key Spells.irons_spellbooks:echoing_strikes.School was corrected from null to its default, irons_spellbooks:ender. 
[14Jul2025 20:09:57.122] [Server thread/WARN] [net.minecraftforge.common.ForgeConfigSpec/CORE]: Incorrect key Spells.irons_spellbooks:echoing_strikes.MaxLevel was corrected from null to its default, 5. 
[14Jul2025 20:09:57.122] [Server thread/WARN] [net.minecraftforge.common.ForgeConfigSpec/CORE]: Incorrect key Spells.irons_spellbooks:echoing_strikes.MinRarity was corrected from null to its default, RARE. 
[14Jul2025 20:09:57.122] [Server thread/WARN] [net.minecraftforge.common.ForgeConfigSpec/CORE]: Incorrect key Spells.irons_spellbooks:echoing_strikes.ManaCostMultiplier was corrected from null to its default, 1.0. 
[14Jul2025 20:09:57.122] [Server thread/WARN] [net.minecraftforge.common.ForgeConfigSpec/CORE]: Incorrect key Spells.irons_spellbooks:echoing_strikes.SpellPowerMultiplier was corrected from null to its default, 1.0. 
[14Jul2025 20:09:57.122] [Server thread/WARN] [net.minecraftforge.common.ForgeConfigSpec/CORE]: Incorrect key Spells.irons_spellbooks:echoing_strikes.CooldownInSeconds was corrected from null to its default, 60.0. 
[14Jul2025 20:09:57.122] [Server thread/WARN] [net.minecraftforge.common.ForgeConfigSpec/CORE]: Incorrect key Spells.irons_spellbooks:echoing_strikes.AllowCrafting was corrected from null to its default, true. 
[14Jul2025 20:09:57.122] [Server thread/WARN] [net.minecraftforge.common.ForgeConfigSpec/CORE]: Incorrect key Spells.irons_spellbooks:starfall was corrected from null to its default, SimpleCommentedConfig:{}. 
[14Jul2025 20:09:57.123] [Server thread/WARN] [net.minecraftforge.common.ForgeConfigSpec/CORE]: Incorrect key Spells.irons_spellbooks:starfall.Enabled was corrected from null to its default, true. 
[14Jul2025 20:09:57.123] [Server thread/WARN] [net.minecraftforge.common.ForgeConfigSpec/CORE]: Incorrect key Spells.irons_spellbooks:starfall.School was corrected from null to its default, irons_spellbooks:ender. 
[14Jul2025 20:09:57.123] [Server thread/WARN] [net.minecraftforge.common.ForgeConfigSpec/CORE]: Incorrect key Spells.irons_spellbooks:starfall.MaxLevel was corrected from null to its default, 10. 
[14Jul2025 20:09:57.123] [Server thread/WARN] [net.minecraftforge.common.ForgeConfigSpec/CORE]: Incorrect key Spells.irons_spellbooks:starfall.MinRarity was corrected from null to its default, UNCOMMON. 
[14Jul2025 20:09:57.123] [Server thread/WARN] [net.minecraftforge.common.ForgeConfigSpec/CORE]: Incorrect key Spells.irons_spellbooks:starfall.ManaCostMultiplier was corrected from null to its default, 1.0. 
[14Jul2025 20:09:57.123] [Server thread/WARN] [net.minecraftforge.common.ForgeConfigSpec/CORE]: Incorrect key Spells.irons_spellbooks:starfall.SpellPowerMultiplier was corrected from null to its default, 1.0. 
[14Jul2025 20:09:57.123] [Server thread/WARN] [net.minecraftforge.common.ForgeConfigSpec/CORE]: Incorrect key Spells.irons_spellbooks:starfall.CooldownInSeconds was corrected from null to its default, 16.0. 
[14Jul2025 20:09:57.123] [Server thread/WARN] [net.minecraftforge.common.ForgeConfigSpec/CORE]: Incorrect key Spells.irons_spellbooks:starfall.AllowCrafting was corrected from null to its default, true. 
[14Jul2025 20:09:57.123] [Server thread/WARN] [net.minecraftforge.common.ForgeConfigSpec/CORE]: Incorrect key Spells.irons_spellbooks:sculk_tentacles was corrected from null to its default, SimpleCommentedConfig:{}. 
[14Jul2025 20:09:57.124] [Server thread/WARN] [net.minecraftforge.common.ForgeConfigSpec/CORE]: Incorrect key Spells.irons_spellbooks:sculk_tentacles.Enabled was corrected from null to its default, true. 
[14Jul2025 20:09:57.124] [Server thread/WARN] [net.minecraftforge.common.ForgeConfigSpec/CORE]: Incorrect key Spells.irons_spellbooks:sculk_tentacles.School was corrected from null to its default, irons_spellbooks:eldritch. 
[14Jul2025 20:09:57.124] [Server thread/WARN] [net.minecraftforge.common.ForgeConfigSpec/CORE]: Incorrect key Spells.irons_spellbooks:sculk_tentacles.MaxLevel was corrected from null to its default, 4. 
[14Jul2025 20:09:57.124] [Server thread/WARN] [net.minecraftforge.common.ForgeConfigSpec/CORE]: Incorrect key Spells.irons_spellbooks:sculk_tentacles.MinRarity was corrected from null to its default, LEGENDARY. 
[14Jul2025 20:09:57.124] [Server thread/WARN] [net.minecraftforge.common.ForgeConfigSpec/CORE]: Incorrect key Spells.irons_spellbooks:sculk_tentacles.ManaCostMultiplier was corrected from null to its default, 1.0. 
[14Jul2025 20:09:57.124] [Server thread/WARN] [net.minecraftforge.common.ForgeConfigSpec/CORE]: Incorrect key Spells.irons_spellbooks:sculk_tentacles.SpellPowerMultiplier was corrected from null to its default, 1.0. 
[14Jul2025 20:09:57.124] [Server thread/WARN] [net.minecraftforge.common.ForgeConfigSpec/CORE]: Incorrect key Spells.irons_spellbooks:sculk_tentacles.CooldownInSeconds was corrected from null to its default, 30.0. 
[14Jul2025 20:09:57.124] [Server thread/WARN] [net.minecraftforge.common.ForgeConfigSpec/CORE]: Incorrect key Spells.irons_spellbooks:sculk_tentacles.AllowCrafting was corrected from null to its default, true. 
[14Jul2025 20:09:57.125] [Server thread/WARN] [net.minecraftforge.common.ForgeConfigSpec/CORE]: Incorrect key Spells.irons_spellbooks:telekinesis was corrected from null to its default, SimpleCommentedConfig:{}. 
[14Jul2025 20:09:57.125] [Server thread/WARN] [net.minecraftforge.common.ForgeConfigSpec/CORE]: Incorrect key Spells.irons_spellbooks:telekinesis.Enabled was corrected from null to its default, true. 
[14Jul2025 20:09:57.125] [Server thread/WARN] [net.minecraftforge.common.ForgeConfigSpec/CORE]: Incorrect key Spells.irons_spellbooks:telekinesis.School was corrected from null to its default, irons_spellbooks:eldritch. 
[14Jul2025 20:09:57.125] [Server thread/WARN] [net.minecraftforge.common.ForgeConfigSpec/CORE]: Incorrect key Spells.irons_spellbooks:telekinesis.MaxLevel was corrected from null to its default, 5. 
[14Jul2025 20:09:57.125] [Server thread/WARN] [net.minecraftforge.common.ForgeConfigSpec/CORE]: Incorrect key Spells.irons_spellbooks:telekinesis.MinRarity was corrected from null to its default, LEGENDARY. 
[14Jul2025 20:09:57.125] [Server thread/WARN] [net.minecraftforge.common.ForgeConfigSpec/CORE]: Incorrect key Spells.irons_spellbooks:telekinesis.ManaCostMultiplier was corrected from null to its default, 1.0. 
[14Jul2025 20:09:57.125] [Server thread/WARN] [net.minecraftforge.common.ForgeConfigSpec/CORE]: Incorrect key Spells.irons_spellbooks:telekinesis.SpellPowerMultiplier was corrected from null to its default, 1.0. 
[14Jul2025 20:09:57.125] [Server thread/WARN] [net.minecraftforge.common.ForgeConfigSpec/CORE]: Incorrect key Spells.irons_spellbooks:telekinesis.CooldownInSeconds was corrected from null to its default, 35.0. 
[14Jul2025 20:09:57.125] [Server thread/WARN] [net.minecraftforge.common.ForgeConfigSpec/CORE]: Incorrect key Spells.irons_spellbooks:telekinesis.AllowCrafting was corrected from null to its default, true. 
[14Jul2025 20:09:57.125] [Server thread/WARN] [net.minecraftforge.common.ForgeConfigSpec/CORE]: Incorrect key Spells.irons_spellbooks:planar_sight was corrected from null to its default, SimpleCommentedConfig:{}. 
[14Jul2025 20:09:57.125] [Server thread/WARN] [net.minecraftforge.common.ForgeConfigSpec/CORE]: Incorrect key Spells.irons_spellbooks:planar_sight.Enabled was corrected from null to its default, true. 
[14Jul2025 20:09:57.126] [Server thread/WARN] [net.minecraftforge.common.ForgeConfigSpec/CORE]: Incorrect key Spells.irons_spellbooks:planar_sight.School was corrected from null to its default, irons_spellbooks:eldritch. 
[14Jul2025 20:09:57.126] [Server thread/WARN] [net.minecraftforge.common.ForgeConfigSpec/CORE]: Incorrect key Spells.irons_spellbooks:planar_sight.MaxLevel was corrected from null to its default, 3. 
[14Jul2025 20:09:57.126] [Server thread/WARN] [net.minecraftforge.common.ForgeConfigSpec/CORE]: Incorrect key Spells.irons_spellbooks:planar_sight.MinRarity was corrected from null to its default, LEGENDARY. 
[14Jul2025 20:09:57.126] [Server thread/WARN] [net.minecraftforge.common.ForgeConfigSpec/CORE]: Incorrect key Spells.irons_spellbooks:planar_sight.ManaCostMultiplier was corrected from null to its default, 1.0. 
[14Jul2025 20:09:57.126] [Server thread/WARN] [net.minecraftforge.common.ForgeConfigSpec/CORE]: Incorrect key Spells.irons_spellbooks:planar_sight.SpellPowerMultiplier was corrected from null to its default, 1.0. 
[14Jul2025 20:09:57.126] [Server thread/WARN] [net.minecraftforge.common.ForgeConfigSpec/CORE]: Incorrect key Spells.irons_spellbooks:planar_sight.CooldownInSeconds was corrected from null to its default, 200.0. 
[14Jul2025 20:09:57.126] [Server thread/WARN] [net.minecraftforge.common.ForgeConfigSpec/CORE]: Incorrect key Spells.irons_spellbooks:planar_sight.AllowCrafting was corrected from null to its default, true. 
[14Jul2025 20:09:57.126] [Server thread/WARN] [net.minecraftforge.common.ForgeConfigSpec/CORE]: Incorrect key Spells.irons_spellbooks:eldritch_blast was corrected from null to its default, SimpleCommentedConfig:{}. 
[14Jul2025 20:09:57.126] [Server thread/WARN] [net.minecraftforge.common.ForgeConfigSpec/CORE]: Incorrect key Spells.irons_spellbooks:eldritch_blast.Enabled was corrected from null to its default, true. 
[14Jul2025 20:09:57.127] [Server thread/WARN] [net.minecraftforge.common.ForgeConfigSpec/CORE]: Incorrect key Spells.irons_spellbooks:eldritch_blast.School was corrected from null to its default, irons_spellbooks:eldritch. 
[14Jul2025 20:09:57.127] [Server thread/WARN] [net.minecraftforge.common.ForgeConfigSpec/CORE]: Incorrect key Spells.irons_spellbooks:eldritch_blast.MaxLevel was corrected from null to its default, 5. 
[14Jul2025 20:09:57.127] [Server thread/WARN] [net.minecraftforge.common.ForgeConfigSpec/CORE]: Incorrect key Spells.irons_spellbooks:eldritch_blast.MinRarity was corrected from null to its default, LEGENDARY. 
[14Jul2025 20:09:57.127] [Server thread/WARN] [net.minecraftforge.common.ForgeConfigSpec/CORE]: Incorrect key Spells.irons_spellbooks:eldritch_blast.ManaCostMultiplier was corrected from null to its default, 1.0. 
[14Jul2025 20:09:57.127] [Server thread/WARN] [net.minecraftforge.common.ForgeConfigSpec/CORE]: Incorrect key Spells.irons_spellbooks:eldritch_blast.SpellPowerMultiplier was corrected from null to its default, 1.0. 
[14Jul2025 20:09:57.127] [Server thread/WARN] [net.minecraftforge.common.ForgeConfigSpec/CORE]: Incorrect key Spells.irons_spellbooks:eldritch_blast.CooldownInSeconds was corrected from null to its default, 15.0. 
[14Jul2025 20:09:57.128] [Server thread/WARN] [net.minecraftforge.common.ForgeConfigSpec/CORE]: Incorrect key Spells.irons_spellbooks:eldritch_blast.AllowCrafting was corrected from null to its default, true. 
[14Jul2025 20:09:57.128] [Server thread/WARN] [net.minecraftforge.common.ForgeConfigSpec/CORE]: Incorrect key Spells.irons_spellbooks:abyssal_shroud was corrected from null to its default, SimpleCommentedConfig:{}. 
[14Jul2025 20:09:57.128] [Server thread/WARN] [net.minecraftforge.common.ForgeConfigSpec/CORE]: Incorrect key Spells.irons_spellbooks:abyssal_shroud.Enabled was corrected from null to its default, true. 
[14Jul2025 20:09:57.128] [Server thread/WARN] [net.minecraftforge.common.ForgeConfigSpec/CORE]: Incorrect key Spells.irons_spellbooks:abyssal_shroud.School was corrected from null to its default, irons_spellbooks:eldritch. 
[14Jul2025 20:09:57.128] [Server thread/WARN] [net.minecraftforge.common.ForgeConfigSpec/CORE]: Incorrect key Spells.irons_spellbooks:abyssal_shroud.MaxLevel was corrected from null to its default, 3. 
[14Jul2025 20:09:57.128] [Server thread/WARN] [net.minecraftforge.common.ForgeConfigSpec/CORE]: Incorrect key Spells.irons_spellbooks:abyssal_shroud.MinRarity was corrected from null to its default, LEGENDARY. 
[14Jul2025 20:09:57.128] [Server thread/WARN] [net.minecraftforge.common.ForgeConfigSpec/CORE]: Incorrect key Spells.irons_spellbooks:abyssal_shroud.ManaCostMultiplier was corrected from null to its default, 1.0. 
[14Jul2025 20:09:57.128] [Server thread/WARN] [net.minecraftforge.common.ForgeConfigSpec/CORE]: Incorrect key Spells.irons_spellbooks:abyssal_shroud.SpellPowerMultiplier was corrected from null to its default, 1.0. 
[14Jul2025 20:09:57.128] [Server thread/WARN] [net.minecraftforge.common.ForgeConfigSpec/CORE]: Incorrect key Spells.irons_spellbooks:abyssal_shroud.CooldownInSeconds was corrected from null to its default, 200.0. 
[14Jul2025 20:09:57.129] [Server thread/WARN] [net.minecraftforge.common.ForgeConfigSpec/CORE]: Incorrect key Spells.irons_spellbooks:abyssal_shroud.AllowCrafting was corrected from null to its default, true. 
[14Jul2025 20:09:57.129] [Server thread/WARN] [net.minecraftforge.common.ForgeConfigSpec/CORE]: Incorrect key Spells.irons_spellbooks:sonic_boom was corrected from null to its default, SimpleCommentedConfig:{}. 
[14Jul2025 20:09:57.129] [Server thread/WARN] [net.minecraftforge.common.ForgeConfigSpec/CORE]: Incorrect key Spells.irons_spellbooks:sonic_boom.Enabled was corrected from null to its default, true. 
[14Jul2025 20:09:57.129] [Server thread/WARN] [net.minecraftforge.common.ForgeConfigSpec/CORE]: Incorrect key Spells.irons_spellbooks:sonic_boom.School was corrected from null to its default, irons_spellbooks:eldritch. 
[14Jul2025 20:09:57.129] [Server thread/WARN] [net.minecraftforge.common.ForgeConfigSpec/CORE]: Incorrect key Spells.irons_spellbooks:sonic_boom.MaxLevel was corrected from null to its default, 3. 
[14Jul2025 20:09:57.129] [Server thread/WARN] [net.minecraftforge.common.ForgeConfigSpec/CORE]: Incorrect key Spells.irons_spellbooks:sonic_boom.MinRarity was corrected from null to its default, LEGENDARY. 
[14Jul2025 20:09:57.129] [Server thread/WARN] [net.minecraftforge.common.ForgeConfigSpec/CORE]: Incorrect key Spells.irons_spellbooks:sonic_boom.ManaCostMultiplier was corrected from null to its default, 1.0. 
[14Jul2025 20:09:57.129] [Server thread/WARN] [net.minecraftforge.common.ForgeConfigSpec/CORE]: Incorrect key Spells.irons_spellbooks:sonic_boom.SpellPowerMultiplier was corrected from null to its default, 1.0. 
[14Jul2025 20:09:57.129] [Server thread/WARN] [net.minecraftforge.common.ForgeConfigSpec/CORE]: Incorrect key Spells.irons_spellbooks:sonic_boom.CooldownInSeconds was corrected from null to its default, 25.0. 
[14Jul2025 20:09:57.130] [Server thread/WARN] [net.minecraftforge.common.ForgeConfigSpec/CORE]: Incorrect key Spells.irons_spellbooks:sonic_boom.AllowCrafting was corrected from null to its default, true. 
[14Jul2025 20:09:57.130] [Server thread/WARN] [net.minecraftforge.common.ForgeConfigSpec/CORE]: Incorrect key Spells.irons_spellbooks:healing_circle was corrected from null to its default, SimpleCommentedConfig:{}. 
[14Jul2025 20:09:57.130] [Server thread/WARN] [net.minecraftforge.common.ForgeConfigSpec/CORE]: Incorrect key Spells.irons_spellbooks:healing_circle.Enabled was corrected from null to its default, true. 
[14Jul2025 20:09:57.130] [Server thread/WARN] [net.minecraftforge.common.ForgeConfigSpec/CORE]: Incorrect key Spells.irons_spellbooks:healing_circle.School was corrected from null to its default, irons_spellbooks:holy. 
[14Jul2025 20:09:57.130] [Server thread/WARN] [net.minecraftforge.common.ForgeConfigSpec/CORE]: Incorrect key Spells.irons_spellbooks:healing_circle.MaxLevel was corrected from null to its default, 10. 
[14Jul2025 20:09:57.130] [Server thread/WARN] [net.minecraftforge.common.ForgeConfigSpec/CORE]: Incorrect key Spells.irons_spellbooks:healing_circle.MinRarity was corrected from null to its default, COMMON. 
[14Jul2025 20:09:57.130] [Server thread/WARN] [net.minecraftforge.common.ForgeConfigSpec/CORE]: Incorrect key Spells.irons_spellbooks:healing_circle.ManaCostMultiplier was corrected from null to its default, 1.0. 
[14Jul2025 20:09:57.228] [Server thread/WARN] [net.minecraftforge.common.ForgeConfigSpec/CORE]: Incorrect key Spells.irons_spellbooks:healing_circle.SpellPowerMultiplier was corrected from null to its default, 1.0. 
[14Jul2025 20:09:57.228] [Server thread/WARN] [net.minecraftforge.common.ForgeConfigSpec/CORE]: Incorrect key Spells.irons_spellbooks:healing_circle.CooldownInSeconds was corrected from null to its default, 25.0. 
[14Jul2025 20:09:57.228] [Server thread/WARN] [net.minecraftforge.common.ForgeConfigSpec/CORE]: Incorrect key Spells.irons_spellbooks:healing_circle.AllowCrafting was corrected from null to its default, true. 
[14Jul2025 20:09:57.228] [Server thread/WARN] [net.minecraftforge.common.ForgeConfigSpec/CORE]: Incorrect key Spells.irons_spellbooks:blessing_of_life was corrected from null to its default, SimpleCommentedConfig:{}. 
[14Jul2025 20:09:57.228] [Server thread/WARN] [net.minecraftforge.common.ForgeConfigSpec/CORE]: Incorrect key Spells.irons_spellbooks:blessing_of_life.Enabled was corrected from null to its default, true. 
[14Jul2025 20:09:57.228] [Server thread/WARN] [net.minecraftforge.common.ForgeConfigSpec/CORE]: Incorrect key Spells.irons_spellbooks:blessing_of_life.School was corrected from null to its default, irons_spellbooks:holy. 
[14Jul2025 20:09:57.228] [Server thread/WARN] [net.minecraftforge.common.ForgeConfigSpec/CORE]: Incorrect key Spells.irons_spellbooks:blessing_of_life.MaxLevel was corrected from null to its default, 10. 
[14Jul2025 20:09:57.228] [Server thread/WARN] [net.minecraftforge.common.ForgeConfigSpec/CORE]: Incorrect key Spells.irons_spellbooks:blessing_of_life.MinRarity was corrected from null to its default, COMMON. 
[14Jul2025 20:09:57.229] [Server thread/WARN] [net.minecraftforge.common.ForgeConfigSpec/CORE]: Incorrect key Spells.irons_spellbooks:blessing_of_life.ManaCostMultiplier was corrected from null to its default, 1.0. 
[14Jul2025 20:09:57.229] [Server thread/WARN] [net.minecraftforge.common.ForgeConfigSpec/CORE]: Incorrect key Spells.irons_spellbooks:blessing_of_life.SpellPowerMultiplier was corrected from null to its default, 1.0. 
[14Jul2025 20:09:57.229] [Server thread/WARN] [net.minecraftforge.common.ForgeConfigSpec/CORE]: Incorrect key Spells.irons_spellbooks:blessing_of_life.CooldownInSeconds was corrected from null to its default, 10.0. 
[14Jul2025 20:09:57.229] [Server thread/WARN] [net.minecraftforge.common.ForgeConfigSpec/CORE]: Incorrect key Spells.irons_spellbooks:blessing_of_life.AllowCrafting was corrected from null to its default, true. 
[14Jul2025 20:09:57.229] [Server thread/WARN] [net.minecraftforge.common.ForgeConfigSpec/CORE]: Incorrect key Spells.irons_spellbooks:cleanse was corrected from null to its default, SimpleCommentedConfig:{}. 
[14Jul2025 20:09:57.229] [Server thread/WARN] [net.minecraftforge.common.ForgeConfigSpec/CORE]: Incorrect key Spells.irons_spellbooks:cleanse.Enabled was corrected from null to its default, true. 
[14Jul2025 20:09:57.229] [Server thread/WARN] [net.minecraftforge.common.ForgeConfigSpec/CORE]: Incorrect key Spells.irons_spellbooks:cleanse.School was corrected from null to its default, irons_spellbooks:holy. 
[14Jul2025 20:09:57.229] [Server thread/WARN] [net.minecraftforge.common.ForgeConfigSpec/CORE]: Incorrect key Spells.irons_spellbooks:cleanse.MaxLevel was corrected from null to its default, 1. 
[14Jul2025 20:09:57.230] [Server thread/WARN] [net.minecraftforge.common.ForgeConfigSpec/CORE]: Incorrect key Spells.irons_spellbooks:cleanse.MinRarity was corrected from null to its default, EPIC. 
[14Jul2025 20:09:57.230] [Server thread/WARN] [net.minecraftforge.common.ForgeConfigSpec/CORE]: Incorrect key Spells.irons_spellbooks:cleanse.ManaCostMultiplier was corrected from null to its default, 1.0. 
[14Jul2025 20:09:57.230] [Server thread/WARN] [net.minecraftforge.common.ForgeConfigSpec/CORE]: Incorrect key Spells.irons_spellbooks:cleanse.SpellPowerMultiplier was corrected from null to its default, 1.0. 
[14Jul2025 20:09:57.230] [Server thread/WARN] [net.minecraftforge.common.ForgeConfigSpec/CORE]: Incorrect key Spells.irons_spellbooks:cleanse.CooldownInSeconds was corrected from null to its default, 60.0. 
[14Jul2025 20:09:57.230] [Server thread/WARN] [net.minecraftforge.common.ForgeConfigSpec/CORE]: Incorrect key Spells.irons_spellbooks:cleanse.AllowCrafting was corrected from null to its default, true. 
[14Jul2025 20:09:57.230] [Server thread/WARN] [net.minecraftforge.common.ForgeConfigSpec/CORE]: Incorrect key Spells.irons_spellbooks:angel_wing was corrected from null to its default, SimpleCommentedConfig:{}. 
[14Jul2025 20:09:57.230] [Server thread/WARN] [net.minecraftforge.common.ForgeConfigSpec/CORE]: Incorrect key Spells.irons_spellbooks:angel_wing.Enabled was corrected from null to its default, true. 
[14Jul2025 20:09:57.231] [Server thread/WARN] [net.minecraftforge.common.ForgeConfigSpec/CORE]: Incorrect key Spells.irons_spellbooks:angel_wing.School was corrected from null to its default, irons_spellbooks:holy. 
[14Jul2025 20:09:57.231] [Server thread/WARN] [net.minecraftforge.common.ForgeConfigSpec/CORE]: Incorrect key Spells.irons_spellbooks:angel_wing.MaxLevel was corrected from null to its default, 5. 
[14Jul2025 20:09:57.231] [Server thread/WARN] [net.minecraftforge.common.ForgeConfigSpec/CORE]: Incorrect key Spells.irons_spellbooks:angel_wing.MinRarity was corrected from null to its default, EPIC. 
[14Jul2025 20:09:57.231] [Server thread/WARN] [net.minecraftforge.common.ForgeConfigSpec/CORE]: Incorrect key Spells.irons_spellbooks:angel_wing.ManaCostMultiplier was corrected from null to its default, 1.0. 
[14Jul2025 20:09:57.231] [Server thread/WARN] [net.minecraftforge.common.ForgeConfigSpec/CORE]: Incorrect key Spells.irons_spellbooks:angel_wing.SpellPowerMultiplier was corrected from null to its default, 1.0. 
[14Jul2025 20:09:57.231] [Server thread/WARN] [net.minecraftforge.common.ForgeConfigSpec/CORE]: Incorrect key Spells.irons_spellbooks:angel_wing.CooldownInSeconds was corrected from null to its default, 120.0. 
[14Jul2025 20:09:57.231] [Server thread/WARN] [net.minecraftforge.common.ForgeConfigSpec/CORE]: Incorrect key Spells.irons_spellbooks:angel_wing.AllowCrafting was corrected from null to its default, true. 
[14Jul2025 20:09:57.231] [Server thread/WARN] [net.minecraftforge.common.ForgeConfigSpec/CORE]: Incorrect key Spells.irons_spellbooks:sunbeam was corrected from null to its default, SimpleCommentedConfig:{}. 
[14Jul2025 20:09:57.232] [Server thread/WARN] [net.minecraftforge.common.ForgeConfigSpec/CORE]: Incorrect key Spells.irons_spellbooks:sunbeam.Enabled was corrected from null to its default, true. 
[14Jul2025 20:09:57.232] [Server thread/WARN] [net.minecraftforge.common.ForgeConfigSpec/CORE]: Incorrect key Spells.irons_spellbooks:sunbeam.School was corrected from null to its default, irons_spellbooks:holy. 
[14Jul2025 20:09:57.232] [Server thread/WARN] [net.minecraftforge.common.ForgeConfigSpec/CORE]: Incorrect key Spells.irons_spellbooks:sunbeam.MaxLevel was corrected from null to its default, 10. 
[14Jul2025 20:09:57.232] [Server thread/WARN] [net.minecraftforge.common.ForgeConfigSpec/CORE]: Incorrect key Spells.irons_spellbooks:sunbeam.MinRarity was corrected from null to its default, UNCOMMON. 
[14Jul2025 20:09:57.232] [Server thread/WARN] [net.minecraftforge.common.ForgeConfigSpec/CORE]: Incorrect key Spells.irons_spellbooks:sunbeam.ManaCostMultiplier was corrected from null to its default, 1.0. 
[14Jul2025 20:09:57.232] [Server thread/WARN] [net.minecraftforge.common.ForgeConfigSpec/CORE]: Incorrect key Spells.irons_spellbooks:sunbeam.SpellPowerMultiplier was corrected from null to its default, 1.0. 
[14Jul2025 20:09:57.232] [Server thread/WARN] [net.minecraftforge.common.ForgeConfigSpec/CORE]: Incorrect key Spells.irons_spellbooks:sunbeam.CooldownInSeconds was corrected from null to its default, 20.0. 
[14Jul2025 20:09:57.233] [Server thread/WARN] [net.minecraftforge.common.ForgeConfigSpec/CORE]: Incorrect key Spells.irons_spellbooks:sunbeam.AllowCrafting was corrected from null to its default, true. 
[14Jul2025 20:09:57.233] [Server thread/WARN] [net.minecraftforge.common.ForgeConfigSpec/CORE]: Incorrect key Spells.irons_spellbooks:fortify was corrected from null to its default, SimpleCommentedConfig:{}. 
[14Jul2025 20:09:57.233] [Server thread/WARN] [net.minecraftforge.common.ForgeConfigSpec/CORE]: Incorrect key Spells.irons_spellbooks:fortify.Enabled was corrected from null to its default, true. 
[14Jul2025 20:09:57.233] [Server thread/WARN] [net.minecraftforge.common.ForgeConfigSpec/CORE]: Incorrect key Spells.irons_spellbooks:fortify.School was corrected from null to its default, irons_spellbooks:holy. 
[14Jul2025 20:09:57.233] [Server thread/WARN] [net.minecraftforge.common.ForgeConfigSpec/CORE]: Incorrect key Spells.irons_spellbooks:fortify.MaxLevel was corrected from null to its default, 10. 
[14Jul2025 20:09:57.233] [Server thread/WARN] [net.minecraftforge.common.ForgeConfigSpec/CORE]: Incorrect key Spells.irons_spellbooks:fortify.MinRarity was corrected from null to its default, COMMON. 
[14Jul2025 20:09:57.233] [Server thread/WARN] [net.minecraftforge.common.ForgeConfigSpec/CORE]: Incorrect key Spells.irons_spellbooks:fortify.ManaCostMultiplier was corrected from null to its default, 1.0. 
[14Jul2025 20:09:57.234] [Server thread/WARN] [net.minecraftforge.common.ForgeConfigSpec/CORE]: Incorrect key Spells.irons_spellbooks:fortify.SpellPowerMultiplier was corrected from null to its default, 1.0. 
[14Jul2025 20:09:57.234] [Server thread/WARN] [net.minecraftforge.common.ForgeConfigSpec/CORE]: Incorrect key Spells.irons_spellbooks:fortify.CooldownInSeconds was corrected from null to its default, 35.0. 
[14Jul2025 20:09:57.234] [Server thread/WARN] [net.minecraftforge.common.ForgeConfigSpec/CORE]: Incorrect key Spells.irons_spellbooks:fortify.AllowCrafting was corrected from null to its default, true. 
[14Jul2025 20:09:57.234] [Server thread/WARN] [net.minecraftforge.common.ForgeConfigSpec/CORE]: Incorrect key Spells.irons_spellbooks:guiding_bolt was corrected from null to its default, SimpleCommentedConfig:{}. 
[14Jul2025 20:09:57.234] [Server thread/WARN] [net.minecraftforge.common.ForgeConfigSpec/CORE]: Incorrect key Spells.irons_spellbooks:guiding_bolt.Enabled was corrected from null to its default, true. 
[14Jul2025 20:09:57.234] [Server thread/WARN] [net.minecraftforge.common.ForgeConfigSpec/CORE]: Incorrect key Spells.irons_spellbooks:guiding_bolt.School was corrected from null to its default, irons_spellbooks:holy. 
[14Jul2025 20:09:57.234] [Server thread/WARN] [net.minecraftforge.common.ForgeConfigSpec/CORE]: Incorrect key Spells.irons_spellbooks:guiding_bolt.MaxLevel was corrected from null to its default, 10. 
[14Jul2025 20:09:57.234] [Server thread/WARN] [net.minecraftforge.common.ForgeConfigSpec/CORE]: Incorrect key Spells.irons_spellbooks:guiding_bolt.MinRarity was corrected from null to its default, COMMON. 
[14Jul2025 20:09:57.234] [Server thread/WARN] [net.minecraftforge.common.ForgeConfigSpec/CORE]: Incorrect key Spells.irons_spellbooks:guiding_bolt.ManaCostMultiplier was corrected from null to its default, 1.0. 
[14Jul2025 20:09:57.234] [Server thread/WARN] [net.minecraftforge.common.ForgeConfigSpec/CORE]: Incorrect key Spells.irons_spellbooks:guiding_bolt.SpellPowerMultiplier was corrected from null to its default, 1.0. 
[14Jul2025 20:09:57.234] [Server thread/WARN] [net.minecraftforge.common.ForgeConfigSpec/CORE]: Incorrect key Spells.irons_spellbooks:guiding_bolt.CooldownInSeconds was corrected from null to its default, 8.0. 
[14Jul2025 20:09:57.235] [Server thread/WARN] [net.minecraftforge.common.ForgeConfigSpec/CORE]: Incorrect key Spells.irons_spellbooks:guiding_bolt.AllowCrafting was corrected from null to its default, true. 
[14Jul2025 20:09:57.235] [Server thread/WARN] [net.minecraftforge.common.ForgeConfigSpec/CORE]: Incorrect key Spells.irons_spellbooks:heal was corrected from null to its default, SimpleCommentedConfig:{}. 
[14Jul2025 20:09:57.235] [Server thread/WARN] [net.minecraftforge.common.ForgeConfigSpec/CORE]: Incorrect key Spells.irons_spellbooks:heal.Enabled was corrected from null to its default, true. 
[14Jul2025 20:09:57.235] [Server thread/WARN] [net.minecraftforge.common.ForgeConfigSpec/CORE]: Incorrect key Spells.irons_spellbooks:heal.School was corrected from null to its default, irons_spellbooks:holy. 
[14Jul2025 20:09:57.235] [Server thread/WARN] [net.minecraftforge.common.ForgeConfigSpec/CORE]: Incorrect key Spells.irons_spellbooks:heal.MaxLevel was corrected from null to its default, 8. 
[14Jul2025 20:09:57.235] [Server thread/WARN] [net.minecraftforge.common.ForgeConfigSpec/CORE]: Incorrect key Spells.irons_spellbooks:heal.MinRarity was corrected from null to its default, UNCOMMON. 
[14Jul2025 20:09:57.235] [Server thread/WARN] [net.minecraftforge.common.ForgeConfigSpec/CORE]: Incorrect key Spells.irons_spellbooks:heal.ManaCostMultiplier was corrected from null to its default, 1.0. 
[14Jul2025 20:09:57.235] [Server thread/WARN] [net.minecraftforge.common.ForgeConfigSpec/CORE]: Incorrect key Spells.irons_spellbooks:heal.SpellPowerMultiplier was corrected from null to its default, 1.0. 
[14Jul2025 20:09:57.235] [Server thread/WARN] [net.minecraftforge.common.ForgeConfigSpec/CORE]: Incorrect key Spells.irons_spellbooks:heal.CooldownInSeconds was corrected from null to its default, 30.0. 
[14Jul2025 20:09:57.235] [Server thread/WARN] [net.minecraftforge.common.ForgeConfigSpec/CORE]: Incorrect key Spells.irons_spellbooks:heal.AllowCrafting was corrected from null to its default, true. 
[14Jul2025 20:09:57.235] [Server thread/WARN] [net.minecraftforge.common.ForgeConfigSpec/CORE]: Incorrect key Spells.irons_spellbooks:haste was corrected from null to its default, SimpleCommentedConfig:{}. 
[14Jul2025 20:09:57.235] [Server thread/WARN] [net.minecraftforge.common.ForgeConfigSpec/CORE]: Incorrect key Spells.irons_spellbooks:haste.Enabled was corrected from null to its default, true. 
[14Jul2025 20:09:57.236] [Server thread/WARN] [net.minecraftforge.common.ForgeConfigSpec/CORE]: Incorrect key Spells.irons_spellbooks:haste.School was corrected from null to its default, irons_spellbooks:holy. 
[14Jul2025 20:09:57.236] [Server thread/WARN] [net.minecraftforge.common.ForgeConfigSpec/CORE]: Incorrect key Spells.irons_spellbooks:haste.MaxLevel was corrected from null to its default, 4. 
[14Jul2025 20:09:57.236] [Server thread/WARN] [net.minecraftforge.common.ForgeConfigSpec/CORE]: Incorrect key Spells.irons_spellbooks:haste.MinRarity was corrected from null to its default, EPIC. 
[14Jul2025 20:09:57.236] [Server thread/WARN] [net.minecraftforge.common.ForgeConfigSpec/CORE]: Incorrect key Spells.irons_spellbooks:haste.ManaCostMultiplier was corrected from null to its default, 1.0. 
[14Jul2025 20:09:57.236] [Server thread/WARN] [net.minecraftforge.common.ForgeConfigSpec/CORE]: Incorrect key Spells.irons_spellbooks:haste.SpellPowerMultiplier was corrected from null to its default, 1.0. 
[14Jul2025 20:09:57.236] [Server thread/WARN] [net.minecraftforge.common.ForgeConfigSpec/CORE]: Incorrect key Spells.irons_spellbooks:haste.CooldownInSeconds was corrected from null to its default, 80.0. 
[14Jul2025 20:09:57.236] [Server thread/WARN] [net.minecraftforge.common.ForgeConfigSpec/CORE]: Incorrect key Spells.irons_spellbooks:haste.AllowCrafting was corrected from null to its default, true. 
[14Jul2025 20:09:57.236] [Server thread/WARN] [net.minecraftforge.common.ForgeConfigSpec/CORE]: Incorrect key Spells.irons_spellbooks:wisp was corrected from null to its default, SimpleCommentedConfig:{}. 
[14Jul2025 20:09:57.236] [Server thread/WARN] [net.minecraftforge.common.ForgeConfigSpec/CORE]: Incorrect key Spells.irons_spellbooks:wisp.Enabled was corrected from null to its default, true. 
[14Jul2025 20:09:57.236] [Server thread/WARN] [net.minecraftforge.common.ForgeConfigSpec/CORE]: Incorrect key Spells.irons_spellbooks:wisp.School was corrected from null to its default, irons_spellbooks:holy. 
[14Jul2025 20:09:57.236] [Server thread/WARN] [net.minecraftforge.common.ForgeConfigSpec/CORE]: Incorrect key Spells.irons_spellbooks:wisp.MaxLevel was corrected from null to its default, 10. 
[14Jul2025 20:09:57.237] [Server thread/WARN] [net.minecraftforge.common.ForgeConfigSpec/CORE]: Incorrect key Spells.irons_spellbooks:wisp.MinRarity was corrected from null to its default, COMMON. 
[14Jul2025 20:09:57.237] [Server thread/WARN] [net.minecraftforge.common.ForgeConfigSpec/CORE]: Incorrect key Spells.irons_spellbooks:wisp.ManaCostMultiplier was corrected from null to its default, 1.0. 
[14Jul2025 20:09:57.237] [Server thread/WARN] [net.minecraftforge.common.ForgeConfigSpec/CORE]: Incorrect key Spells.irons_spellbooks:wisp.SpellPowerMultiplier was corrected from null to its default, 1.0. 
[14Jul2025 20:09:57.237] [Server thread/WARN] [net.minecraftforge.common.ForgeConfigSpec/CORE]: Incorrect key Spells.irons_spellbooks:wisp.CooldownInSeconds was corrected from null to its default, 3.0. 
[14Jul2025 20:09:57.237] [Server thread/WARN] [net.minecraftforge.common.ForgeConfigSpec/CORE]: Incorrect key Spells.irons_spellbooks:wisp.AllowCrafting was corrected from null to its default, true. 
[14Jul2025 20:09:57.237] [Server thread/WARN] [net.minecraftforge.common.ForgeConfigSpec/CORE]: Incorrect key Spells.irons_spellbooks:divine_smite was corrected from null to its default, SimpleCommentedConfig:{}. 
[14Jul2025 20:09:57.237] [Server thread/WARN] [net.minecraftforge.common.ForgeConfigSpec/CORE]: Incorrect key Spells.irons_spellbooks:divine_smite.Enabled was corrected from null to its default, true. 
[14Jul2025 20:09:57.237] [Server thread/WARN] [net.minecraftforge.common.ForgeConfigSpec/CORE]: Incorrect key Spells.irons_spellbooks:divine_smite.School was corrected from null to its default, irons_spellbooks:holy. 
[14Jul2025 20:09:57.237] [Server thread/WARN] [net.minecraftforge.common.ForgeConfigSpec/CORE]: Incorrect key Spells.irons_spellbooks:divine_smite.MaxLevel was corrected from null to its default, 5. 
[14Jul2025 20:09:57.237] [Server thread/WARN] [net.minecraftforge.common.ForgeConfigSpec/CORE]: Incorrect key Spells.irons_spellbooks:divine_smite.MinRarity was corrected from null to its default, COMMON. 
[14Jul2025 20:09:57.238] [Server thread/WARN] [net.minecraftforge.common.ForgeConfigSpec/CORE]: Incorrect key Spells.irons_spellbooks:divine_smite.ManaCostMultiplier was corrected from null to its default, 1.0. 
[14Jul2025 20:09:57.238] [Server thread/WARN] [net.minecraftforge.common.ForgeConfigSpec/CORE]: Incorrect key Spells.irons_spellbooks:divine_smite.SpellPowerMultiplier was corrected from null to its default, 1.0. 
[14Jul2025 20:09:57.238] [Server thread/WARN] [net.minecraftforge.common.ForgeConfigSpec/CORE]: Incorrect key Spells.irons_spellbooks:divine_smite.CooldownInSeconds was corrected from null to its default, 15.0. 
[14Jul2025 20:09:57.238] [Server thread/WARN] [net.minecraftforge.common.ForgeConfigSpec/CORE]: Incorrect key Spells.irons_spellbooks:divine_smite.AllowCrafting was corrected from null to its default, true. 
[14Jul2025 20:09:57.238] [Server thread/WARN] [net.minecraftforge.common.ForgeConfigSpec/CORE]: Incorrect key Spells.irons_spellbooks:greater_heal was corrected from null to its default, SimpleCommentedConfig:{}. 
[14Jul2025 20:09:57.238] [Server thread/WARN] [net.minecraftforge.common.ForgeConfigSpec/CORE]: Incorrect key Spells.irons_spellbooks:greater_heal.Enabled was corrected from null to its default, true. 
[14Jul2025 20:09:57.238] [Server thread/WARN] [net.minecraftforge.common.ForgeConfigSpec/CORE]: Incorrect key Spells.irons_spellbooks:greater_heal.School was corrected from null to its default, irons_spellbooks:holy. 
[14Jul2025 20:09:57.238] [Server thread/WARN] [net.minecraftforge.common.ForgeConfigSpec/CORE]: Incorrect key Spells.irons_spellbooks:greater_heal.MaxLevel was corrected from null to its default, 1. 
[14Jul2025 20:09:57.238] [Server thread/WARN] [net.minecraftforge.common.ForgeConfigSpec/CORE]: Incorrect key Spells.irons_spellbooks:greater_heal.MinRarity was corrected from null to its default, RARE. 
[14Jul2025 20:09:57.238] [Server thread/WARN] [net.minecraftforge.common.ForgeConfigSpec/CORE]: Incorrect key Spells.irons_spellbooks:greater_heal.ManaCostMultiplier was corrected from null to its default, 1.0. 
[14Jul2025 20:09:57.239] [Server thread/WARN] [net.minecraftforge.common.ForgeConfigSpec/CORE]: Incorrect key Spells.irons_spellbooks:greater_heal.SpellPowerMultiplier was corrected from null to its default, 1.0. 
[14Jul2025 20:09:57.239] [Server thread/WARN] [net.minecraftforge.common.ForgeConfigSpec/CORE]: Incorrect key Spells.irons_spellbooks:greater_heal.CooldownInSeconds was corrected from null to its default, 45.0. 
[14Jul2025 20:09:57.239] [Server thread/WARN] [net.minecraftforge.common.ForgeConfigSpec/CORE]: Incorrect key Spells.irons_spellbooks:greater_heal.AllowCrafting was corrected from null to its default, true. 
[14Jul2025 20:09:57.239] [Server thread/WARN] [net.minecraftforge.common.ForgeConfigSpec/CORE]: Incorrect key Spells.irons_spellbooks:cloud_of_regeneration was corrected from null to its default, SimpleCommentedConfig:{}. 
[14Jul2025 20:09:57.239] [Server thread/WARN] [net.minecraftforge.common.ForgeConfigSpec/CORE]: Incorrect key Spells.irons_spellbooks:cloud_of_regeneration.Enabled was corrected from null to its default, false. 
[14Jul2025 20:09:57.239] [Server thread/WARN] [net.minecraftforge.common.ForgeConfigSpec/CORE]: Incorrect key Spells.irons_spellbooks:cloud_of_regeneration.School was corrected from null to its default, irons_spellbooks:holy. 
[14Jul2025 20:09:57.239] [Server thread/WARN] [net.minecraftforge.common.ForgeConfigSpec/CORE]: Incorrect key Spells.irons_spellbooks:cloud_of_regeneration.MaxLevel was corrected from null to its default, 5. 
[14Jul2025 20:09:57.239] [Server thread/WARN] [net.minecraftforge.common.ForgeConfigSpec/CORE]: Incorrect key Spells.irons_spellbooks:cloud_of_regeneration.MinRarity was corrected from null to its default, COMMON. 
[14Jul2025 20:09:57.240] [Server thread/WARN] [net.minecraftforge.common.ForgeConfigSpec/CORE]: Incorrect key Spells.irons_spellbooks:cloud_of_regeneration.ManaCostMultiplier was corrected from null to its default, 1.0. 
[14Jul2025 20:09:57.240] [Server thread/WARN] [net.minecraftforge.common.ForgeConfigSpec/CORE]: Incorrect key Spells.irons_spellbooks:cloud_of_regeneration.SpellPowerMultiplier was corrected from null to its default, 1.0. 
[14Jul2025 20:09:57.240] [Server thread/WARN] [net.minecraftforge.common.ForgeConfigSpec/CORE]: Incorrect key Spells.irons_spellbooks:cloud_of_regeneration.CooldownInSeconds was corrected from null to its default, 35.0. 
[14Jul2025 20:09:57.240] [Server thread/WARN] [net.minecraftforge.common.ForgeConfigSpec/CORE]: Incorrect key Spells.irons_spellbooks:cloud_of_regeneration.AllowCrafting was corrected from null to its default, true. 
[14Jul2025 20:09:57.240] [Server thread/WARN] [net.minecraftforge.common.ForgeConfigSpec/CORE]: Incorrect key Spells.irons_spellbooks:raise_dead was corrected from null to its default, SimpleCommentedConfig:{}. 
[14Jul2025 20:09:57.240] [Server thread/WARN] [net.minecraftforge.common.ForgeConfigSpec/CORE]: Incorrect key Spells.irons_spellbooks:raise_dead.Enabled was corrected from null to its default, true. 
[14Jul2025 20:09:57.240] [Server thread/WARN] [net.minecraftforge.common.ForgeConfigSpec/CORE]: Incorrect key Spells.irons_spellbooks:raise_dead.School was corrected from null to its default, irons_spellbooks:blood. 
[14Jul2025 20:09:57.240] [Server thread/WARN] [net.minecraftforge.common.ForgeConfigSpec/CORE]: Incorrect key Spells.irons_spellbooks:raise_dead.MaxLevel was corrected from null to its default, 6. 
[14Jul2025 20:09:57.240] [Server thread/WARN] [net.minecraftforge.common.ForgeConfigSpec/CORE]: Incorrect key Spells.irons_spellbooks:raise_dead.MinRarity was corrected from null to its default, UNCOMMON. 
[14Jul2025 20:09:57.240] [Server thread/WARN] [net.minecraftforge.common.ForgeConfigSpec/CORE]: Incorrect key Spells.irons_spellbooks:raise_dead.ManaCostMultiplier was corrected from null to its default, 1.0. 
[14Jul2025 20:09:57.240] [Server thread/WARN] [net.minecraftforge.common.ForgeConfigSpec/CORE]: Incorrect key Spells.irons_spellbooks:raise_dead.SpellPowerMultiplier was corrected from null to its default, 1.0. 
[14Jul2025 20:09:57.240] [Server thread/WARN] [net.minecraftforge.common.ForgeConfigSpec/CORE]: Incorrect key Spells.irons_spellbooks:raise_dead.CooldownInSeconds was corrected from null to its default, 150.0. 
[14Jul2025 20:09:57.241] [Server thread/WARN] [net.minecraftforge.common.ForgeConfigSpec/CORE]: Incorrect key Spells.irons_spellbooks:raise_dead.AllowCrafting was corrected from null to its default, true. 
[14Jul2025 20:09:57.241] [Server thread/WARN] [net.minecraftforge.common.ForgeConfigSpec/CORE]: Incorrect key Spells.irons_spellbooks:blood_slash was corrected from null to its default, SimpleCommentedConfig:{}. 
[14Jul2025 20:09:57.241] [Server thread/WARN] [net.minecraftforge.common.ForgeConfigSpec/CORE]: Incorrect key Spells.irons_spellbooks:blood_slash.Enabled was corrected from null to its default, true. 
[14Jul2025 20:09:57.241] [Server thread/WARN] [net.minecraftforge.common.ForgeConfigSpec/CORE]: Incorrect key Spells.irons_spellbooks:blood_slash.School was corrected from null to its default, irons_spellbooks:blood. 
[14Jul2025 20:09:57.241] [Server thread/WARN] [net.minecraftforge.common.ForgeConfigSpec/CORE]: Incorrect key Spells.irons_spellbooks:blood_slash.MaxLevel was corrected from null to its default, 5. 
[14Jul2025 20:09:57.241] [Server thread/WARN] [net.minecraftforge.common.ForgeConfigSpec/CORE]: Incorrect key Spells.irons_spellbooks:blood_slash.MinRarity was corrected from null to its default, RARE. 
[14Jul2025 20:09:57.241] [Server thread/WARN] [net.minecraftforge.common.ForgeConfigSpec/CORE]: Incorrect key Spells.irons_spellbooks:blood_slash.ManaCostMultiplier was corrected from null to its default, 1.0. 
[14Jul2025 20:09:57.241] [Server thread/WARN] [net.minecraftforge.common.ForgeConfigSpec/CORE]: Incorrect key Spells.irons_spellbooks:blood_slash.SpellPowerMultiplier was corrected from null to its default, 1.0. 
[14Jul2025 20:09:57.241] [Server thread/WARN] [net.minecraftforge.common.ForgeConfigSpec/CORE]: Incorrect key Spells.irons_spellbooks:blood_slash.CooldownInSeconds was corrected from null to its default, 10.0. 
[14Jul2025 20:09:57.241] [Server thread/WARN] [net.minecraftforge.common.ForgeConfigSpec/CORE]: Incorrect key Spells.irons_spellbooks:blood_slash.AllowCrafting was corrected from null to its default, true. 
[14Jul2025 20:09:57.242] [Server thread/WARN] [net.minecraftforge.common.ForgeConfigSpec/CORE]: Incorrect key Spells.irons_spellbooks:blood_step was corrected from null to its default, SimpleCommentedConfig:{}. 
[14Jul2025 20:09:57.242] [Server thread/WARN] [net.minecraftforge.common.ForgeConfigSpec/CORE]: Incorrect key Spells.irons_spellbooks:blood_step.Enabled was corrected from null to its default, true. 
[14Jul2025 20:09:57.242] [Server thread/WARN] [net.minecraftforge.common.ForgeConfigSpec/CORE]: Incorrect key Spells.irons_spellbooks:blood_step.School was corrected from null to its default, irons_spellbooks:blood. 
[14Jul2025 20:09:57.242] [Server thread/WARN] [net.minecraftforge.common.ForgeConfigSpec/CORE]: Incorrect key Spells.irons_spellbooks:blood_step.MaxLevel was corrected from null to its default, 5. 
[14Jul2025 20:09:57.242] [Server thread/WARN] [net.minecraftforge.common.ForgeConfigSpec/CORE]: Incorrect key Spells.irons_spellbooks:blood_step.MinRarity was corrected from null to its default, UNCOMMON. 
[14Jul2025 20:09:57.242] [Server thread/WARN] [net.minecraftforge.common.ForgeConfigSpec/CORE]: Incorrect key Spells.irons_spellbooks:blood_step.ManaCostMultiplier was corrected from null to its default, 1.0. 
[14Jul2025 20:09:57.242] [Server thread/WARN] [net.minecraftforge.common.ForgeConfigSpec/CORE]: Incorrect key Spells.irons_spellbooks:blood_step.SpellPowerMultiplier was corrected from null to its default, 1.0. 
[14Jul2025 20:09:57.242] [Server thread/WARN] [net.minecraftforge.common.ForgeConfigSpec/CORE]: Incorrect key Spells.irons_spellbooks:blood_step.CooldownInSeconds was corrected from null to its default, 5.0. 
[14Jul2025 20:09:57.243] [Server thread/WARN] [net.minecraftforge.common.ForgeConfigSpec/CORE]: Incorrect key Spells.irons_spellbooks:blood_step.AllowCrafting was corrected from null to its default, true. 
[14Jul2025 20:09:57.243] [Server thread/WARN] [net.minecraftforge.common.ForgeConfigSpec/CORE]: Incorrect key Spells.irons_spellbooks:acupuncture was corrected from null to its default, SimpleCommentedConfig:{}. 
[14Jul2025 20:09:57.243] [Server thread/WARN] [net.minecraftforge.common.ForgeConfigSpec/CORE]: Incorrect key Spells.irons_spellbooks:acupuncture.Enabled was corrected from null to its default, true. 
[14Jul2025 20:09:57.243] [Server thread/WARN] [net.minecraftforge.common.ForgeConfigSpec/CORE]: Incorrect key Spells.irons_spellbooks:acupuncture.School was corrected from null to its default, irons_spellbooks:blood. 
[14Jul2025 20:09:57.243] [Server thread/WARN] [net.minecraftforge.common.ForgeConfigSpec/CORE]: Incorrect key Spells.irons_spellbooks:acupuncture.MaxLevel was corrected from null to its default, 10. 
[14Jul2025 20:09:57.243] [Server thread/WARN] [net.minecraftforge.common.ForgeConfigSpec/CORE]: Incorrect key Spells.irons_spellbooks:acupuncture.MinRarity was corrected from null to its default, RARE. 
[14Jul2025 20:09:57.243] [Server thread/WARN] [net.minecraftforge.common.ForgeConfigSpec/CORE]: Incorrect key Spells.irons_spellbooks:acupuncture.ManaCostMultiplier was corrected from null to its default, 1.0. 
[14Jul2025 20:09:57.243] [Server thread/WARN] [net.minecraftforge.common.ForgeConfigSpec/CORE]: Incorrect key Spells.irons_spellbooks:acupuncture.SpellPowerMultiplier was corrected from null to its default, 1.0. 
[14Jul2025 20:09:57.243] [Server thread/WARN] [net.minecraftforge.common.ForgeConfigSpec/CORE]: Incorrect key Spells.irons_spellbooks:acupuncture.CooldownInSeconds was corrected from null to its default, 20.0. 
[14Jul2025 20:09:57.243] [Server thread/WARN] [net.minecraftforge.common.ForgeConfigSpec/CORE]: Incorrect key Spells.irons_spellbooks:acupuncture.AllowCrafting was corrected from null to its default, true. 
[14Jul2025 20:09:57.244] [Server thread/WARN] [net.minecraftforge.common.ForgeConfigSpec/CORE]: Incorrect key Spells.irons_spellbooks:ray_of_siphoning was corrected from null to its default, SimpleCommentedConfig:{}. 
[14Jul2025 20:09:57.244] [Server thread/WARN] [net.minecraftforge.common.ForgeConfigSpec/CORE]: Incorrect key Spells.irons_spellbooks:ray_of_siphoning.Enabled was corrected from null to its default, true. 
[14Jul2025 20:09:57.244] [Server thread/WARN] [net.minecraftforge.common.ForgeConfigSpec/CORE]: Incorrect key Spells.irons_spellbooks:ray_of_siphoning.School was corrected from null to its default, irons_spellbooks:blood. 
[14Jul2025 20:09:57.244] [Server thread/WARN] [net.minecraftforge.common.ForgeConfigSpec/CORE]: Incorrect key Spells.irons_spellbooks:ray_of_siphoning.MaxLevel was corrected from null to its default, 10. 
[14Jul2025 20:09:57.244] [Server thread/WARN] [net.minecraftforge.common.ForgeConfigSpec/CORE]: Incorrect key Spells.irons_spellbooks:ray_of_siphoning.MinRarity was corrected from null to its default, COMMON. 
[14Jul2025 20:09:57.244] [Server thread/WARN] [net.minecraftforge.common.ForgeConfigSpec/CORE]: Incorrect key Spells.irons_spellbooks:ray_of_siphoning.ManaCostMultiplier was corrected from null to its default, 1.0. 
[14Jul2025 20:09:57.244] [Server thread/WARN] [net.minecraftforge.common.ForgeConfigSpec/CORE]: Incorrect key Spells.irons_spellbooks:ray_of_siphoning.SpellPowerMultiplier was corrected from null to its default, 1.0. 
[14Jul2025 20:09:57.244] [Server thread/WARN] [net.minecraftforge.common.ForgeConfigSpec/CORE]: Incorrect key Spells.irons_spellbooks:ray_of_siphoning.CooldownInSeconds was corrected from null to its default, 15.0. 
[14Jul2025 20:09:57.245] [Server thread/WARN] [net.minecraftforge.common.ForgeConfigSpec/CORE]: Incorrect key Spells.irons_spellbooks:ray_of_siphoning.AllowCrafting was corrected from null to its default, true. 
[14Jul2025 20:09:57.245] [Server thread/WARN] [net.minecraftforge.common.ForgeConfigSpec/CORE]: Incorrect key Spells.irons_spellbooks:blood_needles was corrected from null to its default, SimpleCommentedConfig:{}. 
[14Jul2025 20:09:57.245] [Server thread/WARN] [net.minecraftforge.common.ForgeConfigSpec/CORE]: Incorrect key Spells.irons_spellbooks:blood_needles.Enabled was corrected from null to its default, true. 
[14Jul2025 20:09:57.245] [Server thread/WARN] [net.minecraftforge.common.ForgeConfigSpec/CORE]: Incorrect key Spells.irons_spellbooks:blood_needles.School was corrected from null to its default, irons_spellbooks:blood. 
[14Jul2025 20:09:57.245] [Server thread/WARN] [net.minecraftforge.common.ForgeConfigSpec/CORE]: Incorrect key Spells.irons_spellbooks:blood_needles.MaxLevel was corrected from null to its default, 10. 
[14Jul2025 20:09:57.245] [Server thread/WARN] [net.minecraftforge.common.ForgeConfigSpec/CORE]: Incorrect key Spells.irons_spellbooks:blood_needles.MinRarity was corrected from null to its default, UNCOMMON. 
[14Jul2025 20:09:57.245] [Server thread/WARN] [net.minecraftforge.common.ForgeConfigSpec/CORE]: Incorrect key Spells.irons_spellbooks:blood_needles.ManaCostMultiplier was corrected from null to its default, 1.0. 
[14Jul2025 20:09:57.246] [Server thread/WARN] [net.minecraftforge.common.ForgeConfigSpec/CORE]: Incorrect key Spells.irons_spellbooks:blood_needles.SpellPowerMultiplier was corrected from null to its default, 1.0. 
[14Jul2025 20:09:57.246] [Server thread/WARN] [net.minecraftforge.common.ForgeConfigSpec/CORE]: Incorrect key Spells.irons_spellbooks:blood_needles.CooldownInSeconds was corrected from null to its default, 10.0. 
[14Jul2025 20:09:57.246] [Server thread/WARN] [net.minecraftforge.common.ForgeConfigSpec/CORE]: Incorrect key Spells.irons_spellbooks:blood_needles.AllowCrafting was corrected from null to its default, true. 
[14Jul2025 20:09:57.246] [Server thread/WARN] [net.minecraftforge.common.ForgeConfigSpec/CORE]: Incorrect key Spells.irons_spellbooks:sacrifice was corrected from null to its default, SimpleCommentedConfig:{}. 
[14Jul2025 20:09:57.246] [Server thread/WARN] [net.minecraftforge.common.ForgeConfigSpec/CORE]: Incorrect key Spells.irons_spellbooks:sacrifice.Enabled was corrected from null to its default, true. 
[14Jul2025 20:09:57.246] [Server thread/WARN] [net.minecraftforge.common.ForgeConfigSpec/CORE]: Incorrect key Spells.irons_spellbooks:sacrifice.School was corrected from null to its default, irons_spellbooks:blood. 
[14Jul2025 20:09:57.246] [Server thread/WARN] [net.minecraftforge.common.ForgeConfigSpec/CORE]: Incorrect key Spells.irons_spellbooks:sacrifice.MaxLevel was corrected from null to its default, 5. 
[14Jul2025 20:09:57.246] [Server thread/WARN] [net.minecraftforge.common.ForgeConfigSpec/CORE]: Incorrect key Spells.irons_spellbooks:sacrifice.MinRarity was corrected from null to its default, RARE. 
[14Jul2025 20:09:57.246] [Server thread/WARN] [net.minecraftforge.common.ForgeConfigSpec/CORE]: Incorrect key Spells.irons_spellbooks:sacrifice.ManaCostMultiplier was corrected from null to its default, 1.0. 
[14Jul2025 20:09:57.246] [Server thread/WARN] [net.minecraftforge.common.ForgeConfigSpec/CORE]: Incorrect key Spells.irons_spellbooks:sacrifice.SpellPowerMultiplier was corrected from null to its default, 1.0. 
[14Jul2025 20:09:57.247] [Server thread/WARN] [net.minecraftforge.common.ForgeConfigSpec/CORE]: Incorrect key Spells.irons_spellbooks:sacrifice.CooldownInSeconds was corrected from null to its default, 1.0. 
[14Jul2025 20:09:57.247] [Server thread/WARN] [net.minecraftforge.common.ForgeConfigSpec/CORE]: Incorrect key Spells.irons_spellbooks:sacrifice.AllowCrafting was corrected from null to its default, true. 
[14Jul2025 20:09:57.247] [Server thread/WARN] [net.minecraftforge.common.ForgeConfigSpec/CORE]: Incorrect key Spells.irons_spellbooks:heartstop was corrected from null to its default, SimpleCommentedConfig:{}. 
[14Jul2025 20:09:57.247] [Server thread/WARN] [net.minecraftforge.common.ForgeConfigSpec/CORE]: Incorrect key Spells.irons_spellbooks:heartstop.Enabled was corrected from null to its default, true. 
[14Jul2025 20:09:57.247] [Server thread/WARN] [net.minecraftforge.common.ForgeConfigSpec/CORE]: Incorrect key Spells.irons_spellbooks:heartstop.School was corrected from null to its default, irons_spellbooks:blood. 
[14Jul2025 20:09:57.247] [Server thread/WARN] [net.minecraftforge.common.ForgeConfigSpec/CORE]: Incorrect key Spells.irons_spellbooks:heartstop.MaxLevel was corrected from null to its default, 10. 
[14Jul2025 20:09:57.247] [Server thread/WARN] [net.minecraftforge.common.ForgeConfigSpec/CORE]: Incorrect key Spells.irons_spellbooks:heartstop.MinRarity was corrected from null to its default, COMMON. 
[14Jul2025 20:09:57.247] [Server thread/WARN] [net.minecraftforge.common.ForgeConfigSpec/CORE]: Incorrect key Spells.irons_spellbooks:heartstop.ManaCostMultiplier was corrected from null to its default, 1.0. 
[14Jul2025 20:09:57.247] [Server thread/WARN] [net.minecraftforge.common.ForgeConfigSpec/CORE]: Incorrect key Spells.irons_spellbooks:heartstop.SpellPowerMultiplier was corrected from null to its default, 1.0. 
[14Jul2025 20:09:57.247] [Server thread/WARN] [net.minecraftforge.common.ForgeConfigSpec/CORE]: Incorrect key Spells.irons_spellbooks:heartstop.CooldownInSeconds was corrected from null to its default, 120.0. 
[14Jul2025 20:09:57.248] [Server thread/WARN] [net.minecraftforge.common.ForgeConfigSpec/CORE]: Incorrect key Spells.irons_spellbooks:heartstop.AllowCrafting was corrected from null to its default, true. 
[14Jul2025 20:09:57.248] [Server thread/WARN] [net.minecraftforge.common.ForgeConfigSpec/CORE]: Incorrect key Spells.irons_spellbooks:devour was corrected from null to its default, SimpleCommentedConfig:{}. 
[14Jul2025 20:09:57.248] [Server thread/WARN] [net.minecraftforge.common.ForgeConfigSpec/CORE]: Incorrect key Spells.irons_spellbooks:devour.Enabled was corrected from null to its default, true. 
[14Jul2025 20:09:57.248] [Server thread/WARN] [net.minecraftforge.common.ForgeConfigSpec/CORE]: Incorrect key Spells.irons_spellbooks:devour.School was corrected from null to its default, irons_spellbooks:blood. 
[14Jul2025 20:09:57.248] [Server thread/WARN] [net.minecraftforge.common.ForgeConfigSpec/CORE]: Incorrect key Spells.irons_spellbooks:devour.MaxLevel was corrected from null to its default, 10. 
[14Jul2025 20:09:57.248] [Server thread/WARN] [net.minecraftforge.common.ForgeConfigSpec/CORE]: Incorrect key Spells.irons_spellbooks:devour.MinRarity was corrected from null to its default, UNCOMMON. 
[14Jul2025 20:09:57.248] [Server thread/WARN] [net.minecraftforge.common.ForgeConfigSpec/CORE]: Incorrect key Spells.irons_spellbooks:devour.ManaCostMultiplier was corrected from null to its default, 1.0. 
[14Jul2025 20:09:57.248] [Server thread/WARN] [net.minecraftforge.common.ForgeConfigSpec/CORE]: Incorrect key Spells.irons_spellbooks:devour.SpellPowerMultiplier was corrected from null to its default, 1.0. 
[14Jul2025 20:09:57.248] [Server thread/WARN] [net.minecraftforge.common.ForgeConfigSpec/CORE]: Incorrect key Spells.irons_spellbooks:devour.CooldownInSeconds was corrected from null to its default, 20.0. 
[14Jul2025 20:09:57.249] [Server thread/WARN] [net.minecraftforge.common.ForgeConfigSpec/CORE]: Incorrect key Spells.irons_spellbooks:devour.AllowCrafting was corrected from null to its default, true. 
[14Jul2025 20:09:57.249] [Server thread/WARN] [net.minecraftforge.common.ForgeConfigSpec/CORE]: Incorrect key Spells.irons_spellbooks:wither_skull was corrected from null to its default, SimpleCommentedConfig:{}. 
[14Jul2025 20:09:57.249] [Server thread/WARN] [net.minecraftforge.common.ForgeConfigSpec/CORE]: Incorrect key Spells.irons_spellbooks:wither_skull.Enabled was corrected from null to its default, true. 
[14Jul2025 20:09:57.249] [Server thread/WARN] [net.minecraftforge.common.ForgeConfigSpec/CORE]: Incorrect key Spells.irons_spellbooks:wither_skull.School was corrected from null to its default, irons_spellbooks:blood. 
[14Jul2025 20:09:57.249] [Server thread/WARN] [net.minecraftforge.common.ForgeConfigSpec/CORE]: Incorrect key Spells.irons_spellbooks:wither_skull.MaxLevel was corrected from null to its default, 10. 
[14Jul2025 20:09:57.249] [Server thread/WARN] [net.minecraftforge.common.ForgeConfigSpec/CORE]: Incorrect key Spells.irons_spellbooks:wither_skull.MinRarity was corrected from null to its default, UNCOMMON. 
[14Jul2025 20:09:57.249] [Server thread/WARN] [net.minecraftforge.common.ForgeConfigSpec/CORE]: Incorrect key Spells.irons_spellbooks:wither_skull.ManaCostMultiplier was corrected from null to its default, 1.0. 
[14Jul2025 20:09:57.249] [Server thread/WARN] [net.minecraftforge.common.ForgeConfigSpec/CORE]: Incorrect key Spells.irons_spellbooks:wither_skull.SpellPowerMultiplier was corrected from null to its default, 1.0. 
[14Jul2025 20:09:57.249] [Server thread/WARN] [net.minecraftforge.common.ForgeConfigSpec/CORE]: Incorrect key Spells.irons_spellbooks:wither_skull.CooldownInSeconds was corrected from null to its default, 1.0. 
[14Jul2025 20:09:57.249] [Server thread/WARN] [net.minecraftforge.common.ForgeConfigSpec/CORE]: Incorrect key Spells.irons_spellbooks:wither_skull.AllowCrafting was corrected from null to its default, true. 
[14Jul2025 20:09:57.250] [Server thread/WARN] [net.minecraftforge.common.ForgeConfigSpec/CORE]: Incorrect key Spells.irons_spellbooks:thunder_step was corrected from null to its default, SimpleCommentedConfig:{}. 
[14Jul2025 20:09:57.250] [Server thread/WARN] [net.minecraftforge.common.ForgeConfigSpec/CORE]: Incorrect key Spells.irons_spellbooks:thunder_step.Enabled was corrected from null to its default, true. 
[14Jul2025 20:09:57.250] [Server thread/WARN] [net.minecraftforge.common.ForgeConfigSpec/CORE]: Incorrect key Spells.irons_spellbooks:thunder_step.School was corrected from null to its default, irons_spellbooks:lightning. 
[14Jul2025 20:09:57.250] [Server thread/WARN] [net.minecraftforge.common.ForgeConfigSpec/CORE]: Incorrect key Spells.irons_spellbooks:thunder_step.MaxLevel was corrected from null to its default, 5. 
[14Jul2025 20:09:57.250] [Server thread/WARN] [net.minecraftforge.common.ForgeConfigSpec/CORE]: Incorrect key Spells.irons_spellbooks:thunder_step.MinRarity was corrected from null to its default, UNCOMMON. 
[14Jul2025 20:09:57.250] [Server thread/WARN] [net.minecraftforge.common.ForgeConfigSpec/CORE]: Incorrect key Spells.irons_spellbooks:thunder_step.ManaCostMultiplier was corrected from null to its default, 1.0. 
[14Jul2025 20:09:57.250] [Server thread/WARN] [net.minecraftforge.common.ForgeConfigSpec/CORE]: Incorrect key Spells.irons_spellbooks:thunder_step.SpellPowerMultiplier was corrected from null to its default, 1.0. 
[14Jul2025 20:09:57.250] [Server thread/WARN] [net.minecraftforge.common.ForgeConfigSpec/CORE]: Incorrect key Spells.irons_spellbooks:thunder_step.CooldownInSeconds was corrected from null to its default, 8.0. 
[14Jul2025 20:09:57.250] [Server thread/WARN] [net.minecraftforge.common.ForgeConfigSpec/CORE]: Incorrect key Spells.irons_spellbooks:thunder_step.AllowCrafting was corrected from null to its default, true. 
[14Jul2025 20:09:57.250] [Server thread/WARN] [net.minecraftforge.common.ForgeConfigSpec/CORE]: Incorrect key Spells.irons_spellbooks:thunderstorm was corrected from null to its default, SimpleCommentedConfig:{}. 
[14Jul2025 20:09:57.251] [Server thread/WARN] [net.minecraftforge.common.ForgeConfigSpec/CORE]: Incorrect key Spells.irons_spellbooks:thunderstorm.Enabled was corrected from null to its default, true. 
[14Jul2025 20:09:57.251] [Server thread/WARN] [net.minecraftforge.common.ForgeConfigSpec/CORE]: Incorrect key Spells.irons_spellbooks:thunderstorm.School was corrected from null to its default, irons_spellbooks:lightning. 
[14Jul2025 20:09:57.251] [Server thread/WARN] [net.minecraftforge.common.ForgeConfigSpec/CORE]: Incorrect key Spells.irons_spellbooks:thunderstorm.MaxLevel was corrected from null to its default, 8. 
[14Jul2025 20:09:57.251] [Server thread/WARN] [net.minecraftforge.common.ForgeConfigSpec/CORE]: Incorrect key Spells.irons_spellbooks:thunderstorm.MinRarity was corrected from null to its default, RARE. 
[14Jul2025 20:09:57.251] [Server thread/WARN] [net.minecraftforge.common.ForgeConfigSpec/CORE]: Incorrect key Spells.irons_spellbooks:thunderstorm.ManaCostMultiplier was corrected from null to its default, 1.0. 
[14Jul2025 20:09:57.251] [Server thread/WARN] [net.minecraftforge.common.ForgeConfigSpec/CORE]: Incorrect key Spells.irons_spellbooks:thunderstorm.SpellPowerMultiplier was corrected from null to its default, 1.0. 
[14Jul2025 20:09:57.251] [Server thread/WARN] [net.minecraftforge.common.ForgeConfigSpec/CORE]: Incorrect key Spells.irons_spellbooks:thunderstorm.CooldownInSeconds was corrected from null to its default, 120.0. 
[14Jul2025 20:09:57.251] [Server thread/WARN] [net.minecraftforge.common.ForgeConfigSpec/CORE]: Incorrect key Spells.irons_spellbooks:thunderstorm.AllowCrafting was corrected from null to its default, true. 
[14Jul2025 20:09:57.251] [Server thread/WARN] [net.minecraftforge.common.ForgeConfigSpec/CORE]: Incorrect key Spells.irons_spellbooks:ascension was corrected from null to its default, SimpleCommentedConfig:{}. 
[14Jul2025 20:09:57.253] [Server thread/WARN] [net.minecraftforge.common.ForgeConfigSpec/CORE]: Incorrect key Spells.irons_spellbooks:ascension.Enabled was corrected from null to its default, true. 
[14Jul2025 20:09:57.253] [Server thread/WARN] [net.minecraftforge.common.ForgeConfigSpec/CORE]: Incorrect key Spells.irons_spellbooks:ascension.School was corrected from null to its default, irons_spellbooks:lightning. 
[14Jul2025 20:09:57.253] [Server thread/WARN] [net.minecraftforge.common.ForgeConfigSpec/CORE]: Incorrect key Spells.irons_spellbooks:ascension.MaxLevel was corrected from null to its default, 10. 
[14Jul2025 20:09:57.253] [Server thread/WARN] [net.minecraftforge.common.ForgeConfigSpec/CORE]: Incorrect key Spells.irons_spellbooks:ascension.MinRarity was corrected from null to its default, RARE. 
[14Jul2025 20:09:57.253] [Server thread/WARN] [net.minecraftforge.common.ForgeConfigSpec/CORE]: Incorrect key Spells.irons_spellbooks:ascension.ManaCostMultiplier was corrected from null to its default, 1.0. 
[14Jul2025 20:09:57.255] [Server thread/WARN] [net.minecraftforge.common.ForgeConfigSpec/CORE]: Incorrect key Spells.irons_spellbooks:ascension.SpellPowerMultiplier was corrected from null to its default, 1.0. 
[14Jul2025 20:09:57.256] [Server thread/WARN] [net.minecraftforge.common.ForgeConfigSpec/CORE]: Incorrect key Spells.irons_spellbooks:ascension.CooldownInSeconds was corrected from null to its default, 15.0. 
[14Jul2025 20:09:57.256] [Server thread/WARN] [net.minecraftforge.common.ForgeConfigSpec/CORE]: Incorrect key Spells.irons_spellbooks:ascension.AllowCrafting was corrected from null to its default, true. 
[14Jul2025 20:09:57.256] [Server thread/WARN] [net.minecraftforge.common.ForgeConfigSpec/CORE]: Incorrect key Spells.irons_spellbooks:lightning_lance was corrected from null to its default, SimpleCommentedConfig:{}. 
[14Jul2025 20:09:57.256] [Server thread/WARN] [net.minecraftforge.common.ForgeConfigSpec/CORE]: Incorrect key Spells.irons_spellbooks:lightning_lance.Enabled was corrected from null to its default, true. 
[14Jul2025 20:09:57.257] [Server thread/WARN] [net.minecraftforge.common.ForgeConfigSpec/CORE]: Incorrect key Spells.irons_spellbooks:lightning_lance.School was corrected from null to its default, irons_spellbooks:lightning. 
[14Jul2025 20:09:57.257] [Server thread/WARN] [net.minecraftforge.common.ForgeConfigSpec/CORE]: Incorrect key Spells.irons_spellbooks:lightning_lance.MaxLevel was corrected from null to its default, 10. 
[14Jul2025 20:09:57.258] [Server thread/WARN] [net.minecraftforge.common.ForgeConfigSpec/CORE]: Incorrect key Spells.irons_spellbooks:lightning_lance.MinRarity was corrected from null to its default, UNCOMMON. 
[14Jul2025 20:09:57.258] [Server thread/WARN] [net.minecraftforge.common.ForgeConfigSpec/CORE]: Incorrect key Spells.irons_spellbooks:lightning_lance.ManaCostMultiplier was corrected from null to its default, 1.0. 
[14Jul2025 20:09:57.258] [Server thread/WARN] [net.minecraftforge.common.ForgeConfigSpec/CORE]: Incorrect key Spells.irons_spellbooks:lightning_lance.SpellPowerMultiplier was corrected from null to its default, 1.0. 
[14Jul2025 20:09:57.258] [Server thread/WARN] [net.minecraftforge.common.ForgeConfigSpec/CORE]: Incorrect key Spells.irons_spellbooks:lightning_lance.CooldownInSeconds was corrected from null to its default, 8.0. 
[14Jul2025 20:09:57.258] [Server thread/WARN] [net.minecraftforge.common.ForgeConfigSpec/CORE]: Incorrect key Spells.irons_spellbooks:lightning_lance.AllowCrafting was corrected from null to its default, true. 
[14Jul2025 20:09:57.258] [Server thread/WARN] [net.minecraftforge.common.ForgeConfigSpec/CORE]: Incorrect key Spells.irons_spellbooks:shockwave was corrected from null to its default, SimpleCommentedConfig:{}. 
[14Jul2025 20:09:57.258] [Server thread/WARN] [net.minecraftforge.common.ForgeConfigSpec/CORE]: Incorrect key Spells.irons_spellbooks:shockwave.Enabled was corrected from null to its default, true. 
[14Jul2025 20:09:57.258] [Server thread/WARN] [net.minecraftforge.common.ForgeConfigSpec/CORE]: Incorrect key Spells.irons_spellbooks:shockwave.School was corrected from null to its default, irons_spellbooks:lightning. 
[14Jul2025 20:09:57.258] [Server thread/WARN] [net.minecraftforge.common.ForgeConfigSpec/CORE]: Incorrect key Spells.irons_spellbooks:shockwave.MaxLevel was corrected from null to its default, 8. 
[14Jul2025 20:09:57.259] [Server thread/WARN] [net.minecraftforge.common.ForgeConfigSpec/CORE]: Incorrect key Spells.irons_spellbooks:shockwave.MinRarity was corrected from null to its default, COMMON. 
[14Jul2025 20:09:57.259] [Server thread/WARN] [net.minecraftforge.common.ForgeConfigSpec/CORE]: Incorrect key Spells.irons_spellbooks:shockwave.ManaCostMultiplier was corrected from null to its default, 1.0. 
[14Jul2025 20:09:57.259] [Server thread/WARN] [net.minecraftforge.common.ForgeConfigSpec/CORE]: Incorrect key Spells.irons_spellbooks:shockwave.SpellPowerMultiplier was corrected from null to its default, 1.0. 
[14Jul2025 20:09:57.260] [Server thread/WARN] [net.minecraftforge.common.ForgeConfigSpec/CORE]: Incorrect key Spells.irons_spellbooks:shockwave.CooldownInSeconds was corrected from null to its default, 30.0. 
[14Jul2025 20:09:57.260] [Server thread/WARN] [net.minecraftforge.common.ForgeConfigSpec/CORE]: Incorrect key Spells.irons_spellbooks:shockwave.AllowCrafting was corrected from null to its default, true. 
[14Jul2025 20:09:57.260] [Server thread/WARN] [net.minecraftforge.common.ForgeConfigSpec/CORE]: Incorrect key Spells.irons_spellbooks:electrocute was corrected from null to its default, SimpleCommentedConfig:{}. 
[14Jul2025 20:09:57.260] [Server thread/WARN] [net.minecraftforge.common.ForgeConfigSpec/CORE]: Incorrect key Spells.irons_spellbooks:electrocute.Enabled was corrected from null to its default, true. 
[14Jul2025 20:09:57.261] [Server thread/WARN] [net.minecraftforge.common.ForgeConfigSpec/CORE]: Incorrect key Spells.irons_spellbooks:electrocute.School was corrected from null to its default, irons_spellbooks:lightning. 
[14Jul2025 20:09:57.261] [Server thread/WARN] [net.minecraftforge.common.ForgeConfigSpec/CORE]: Incorrect key Spells.irons_spellbooks:electrocute.MaxLevel was corrected from null to its default, 10. 
[14Jul2025 20:09:57.261] [Server thread/WARN] [net.minecraftforge.common.ForgeConfigSpec/CORE]: Incorrect key Spells.irons_spellbooks:electrocute.MinRarity was corrected from null to its default, COMMON. 
[14Jul2025 20:09:57.261] [Server thread/WARN] [net.minecraftforge.common.ForgeConfigSpec/CORE]: Incorrect key Spells.irons_spellbooks:electrocute.ManaCostMultiplier was corrected from null to its default, 1.0. 
[14Jul2025 20:09:57.261] [Server thread/WARN] [net.minecraftforge.common.ForgeConfigSpec/CORE]: Incorrect key Spells.irons_spellbooks:electrocute.SpellPowerMultiplier was corrected from null to its default, 1.0. 
[14Jul2025 20:09:57.262] [Server thread/WARN] [net.minecraftforge.common.ForgeConfigSpec/CORE]: Incorrect key Spells.irons_spellbooks:electrocute.CooldownInSeconds was corrected from null to its default, 12.0. 
[14Jul2025 20:09:57.262] [Server thread/WARN] [net.minecraftforge.common.ForgeConfigSpec/CORE]: Incorrect key Spells.irons_spellbooks:electrocute.AllowCrafting was corrected from null to its default, true. 
[14Jul2025 20:09:57.263] [Server thread/WARN] [net.minecraftforge.common.ForgeConfigSpec/CORE]: Incorrect key Spells.irons_spellbooks:lightning_bolt was corrected from null to its default, SimpleCommentedConfig:{}. 
[14Jul2025 20:09:57.263] [Server thread/WARN] [net.minecraftforge.common.ForgeConfigSpec/CORE]: Incorrect key Spells.irons_spellbooks:lightning_bolt.Enabled was corrected from null to its default, true. 
[14Jul2025 20:09:57.263] [Server thread/WARN] [net.minecraftforge.common.ForgeConfigSpec/CORE]: Incorrect key Spells.irons_spellbooks:lightning_bolt.School was corrected from null to its default, irons_spellbooks:lightning. 
[14Jul2025 20:09:57.264] [Server thread/WARN] [net.minecraftforge.common.ForgeConfigSpec/CORE]: Incorrect key Spells.irons_spellbooks:lightning_bolt.MaxLevel was corrected from null to its default, 10. 
[14Jul2025 20:09:57.264] [Server thread/WARN] [net.minecraftforge.common.ForgeConfigSpec/CORE]: Incorrect key Spells.irons_spellbooks:lightning_bolt.MinRarity was corrected from null to its default, EPIC. 
[14Jul2025 20:09:57.264] [Server thread/WARN] [net.minecraftforge.common.ForgeConfigSpec/CORE]: Incorrect key Spells.irons_spellbooks:lightning_bolt.ManaCostMultiplier was corrected from null to its default, 1.0. 
[14Jul2025 20:09:57.265] [Server thread/WARN] [net.minecraftforge.common.ForgeConfigSpec/CORE]: Incorrect key Spells.irons_spellbooks:lightning_bolt.SpellPowerMultiplier was corrected from null to its default, 1.0. 
[14Jul2025 20:09:57.265] [Server thread/WARN] [net.minecraftforge.common.ForgeConfigSpec/CORE]: Incorrect key Spells.irons_spellbooks:lightning_bolt.CooldownInSeconds was corrected from null to its default, 25.0. 
[14Jul2025 20:09:57.265] [Server thread/WARN] [net.minecraftforge.common.ForgeConfigSpec/CORE]: Incorrect key Spells.irons_spellbooks:lightning_bolt.AllowCrafting was corrected from null to its default, true. 
[14Jul2025 20:09:57.266] [Server thread/WARN] [net.minecraftforge.common.ForgeConfigSpec/CORE]: Incorrect key Spells.irons_spellbooks:ball_lightning was corrected from null to its default, SimpleCommentedConfig:{}. 
[14Jul2025 20:09:57.266] [Server thread/WARN] [net.minecraftforge.common.ForgeConfigSpec/CORE]: Incorrect key Spells.irons_spellbooks:ball_lightning.Enabled was corrected from null to its default, true. 
[14Jul2025 20:09:57.266] [Server thread/WARN] [net.minecraftforge.common.ForgeConfigSpec/CORE]: Incorrect key Spells.irons_spellbooks:ball_lightning.School was corrected from null to its default, irons_spellbooks:lightning. 
[14Jul2025 20:09:57.267] [Server thread/WARN] [net.minecraftforge.common.ForgeConfigSpec/CORE]: Incorrect key Spells.irons_spellbooks:ball_lightning.MaxLevel was corrected from null to its default, 10. 
[14Jul2025 20:09:57.267] [Server thread/WARN] [net.minecraftforge.common.ForgeConfigSpec/CORE]: Incorrect key Spells.irons_spellbooks:ball_lightning.MinRarity was corrected from null to its default, COMMON. 
[14Jul2025 20:09:57.267] [Server thread/WARN] [net.minecraftforge.common.ForgeConfigSpec/CORE]: Incorrect key Spells.irons_spellbooks:ball_lightning.ManaCostMultiplier was corrected from null to its default, 1.0. 
[14Jul2025 20:09:57.267] [Server thread/WARN] [net.minecraftforge.common.ForgeConfigSpec/CORE]: Incorrect key Spells.irons_spellbooks:ball_lightning.SpellPowerMultiplier was corrected from null to its default, 1.0. 
[14Jul2025 20:09:57.267] [Server thread/WARN] [net.minecraftforge.common.ForgeConfigSpec/CORE]: Incorrect key Spells.irons_spellbooks:ball_lightning.CooldownInSeconds was corrected from null to its default, 1.0. 
[14Jul2025 20:09:57.268] [Server thread/WARN] [net.minecraftforge.common.ForgeConfigSpec/CORE]: Incorrect key Spells.irons_spellbooks:ball_lightning.AllowCrafting was corrected from null to its default, true. 
[14Jul2025 20:09:57.268] [Server thread/WARN] [net.minecraftforge.common.ForgeConfigSpec/CORE]: Incorrect key Spells.irons_spellbooks:charge was corrected from null to its default, SimpleCommentedConfig:{}. 
[14Jul2025 20:09:57.268] [Server thread/WARN] [net.minecraftforge.common.ForgeConfigSpec/CORE]: Incorrect key Spells.irons_spellbooks:charge.Enabled was corrected from null to its default, true. 
[14Jul2025 20:09:57.268] [Server thread/WARN] [net.minecraftforge.common.ForgeConfigSpec/CORE]: Incorrect key Spells.irons_spellbooks:charge.School was corrected from null to its default, irons_spellbooks:lightning. 
[14Jul2025 20:09:57.268] [Server thread/WARN] [net.minecraftforge.common.ForgeConfigSpec/CORE]: Incorrect key Spells.irons_spellbooks:charge.MaxLevel was corrected from null to its default, 3. 
[14Jul2025 20:09:57.269] [Server thread/WARN] [net.minecraftforge.common.ForgeConfigSpec/CORE]: Incorrect key Spells.irons_spellbooks:charge.MinRarity was corrected from null to its default, RARE. 
[14Jul2025 20:09:57.269] [Server thread/WARN] [net.minecraftforge.common.ForgeConfigSpec/CORE]: Incorrect key Spells.irons_spellbooks:charge.ManaCostMultiplier was corrected from null to its default, 1.0. 
[14Jul2025 20:09:57.269] [Server thread/WARN] [net.minecraftforge.common.ForgeConfigSpec/CORE]: Incorrect key Spells.irons_spellbooks:charge.SpellPowerMultiplier was corrected from null to its default, 1.0. 
[14Jul2025 20:09:57.270] [Server thread/WARN] [net.minecraftforge.common.ForgeConfigSpec/CORE]: Incorrect key Spells.irons_spellbooks:charge.CooldownInSeconds was corrected from null to its default, 40.0. 
[14Jul2025 20:09:57.270] [Server thread/WARN] [net.minecraftforge.common.ForgeConfigSpec/CORE]: Incorrect key Spells.irons_spellbooks:charge.AllowCrafting was corrected from null to its default, true. 
[14Jul2025 20:09:57.270] [Server thread/WARN] [net.minecraftforge.common.ForgeConfigSpec/CORE]: Incorrect key Spells.irons_spellbooks:chain_lightning was corrected from null to its default, SimpleCommentedConfig:{}. 
[14Jul2025 20:09:57.271] [Server thread/WARN] [net.minecraftforge.common.ForgeConfigSpec/CORE]: Incorrect key Spells.irons_spellbooks:chain_lightning.Enabled was corrected from null to its default, true. 
[14Jul2025 20:09:57.271] [Server thread/WARN] [net.minecraftforge.common.ForgeConfigSpec/CORE]: Incorrect key Spells.irons_spellbooks:chain_lightning.School was corrected from null to its default, irons_spellbooks:lightning. 
[14Jul2025 20:09:57.271] [Server thread/WARN] [net.minecraftforge.common.ForgeConfigSpec/CORE]: Incorrect key Spells.irons_spellbooks:chain_lightning.MaxLevel was corrected from null to its default, 10. 
[14Jul2025 20:09:57.271] [Server thread/WARN] [net.minecraftforge.common.ForgeConfigSpec/CORE]: Incorrect key Spells.irons_spellbooks:chain_lightning.MinRarity was corrected from null to its default, UNCOMMON. 
[14Jul2025 20:09:57.271] [Server thread/WARN] [net.minecraftforge.common.ForgeConfigSpec/CORE]: Incorrect key Spells.irons_spellbooks:chain_lightning.ManaCostMultiplier was corrected from null to its default, 1.0. 
[14Jul2025 20:09:57.272] [Server thread/WARN] [net.minecraftforge.common.ForgeConfigSpec/CORE]: Incorrect key Spells.irons_spellbooks:chain_lightning.SpellPowerMultiplier was corrected from null to its default, 1.0. 
[14Jul2025 20:09:57.272] [Server thread/WARN] [net.minecraftforge.common.ForgeConfigSpec/CORE]: Incorrect key Spells.irons_spellbooks:chain_lightning.CooldownInSeconds was corrected from null to its default, 20.0. 
[14Jul2025 20:09:57.272] [Server thread/WARN] [net.minecraftforge.common.ForgeConfigSpec/CORE]: Incorrect key Spells.irons_spellbooks:chain_lightning.AllowCrafting was corrected from null to its default, true. 
[14Jul2025 20:09:57.677] [Server thread/INFO] [Framework/]: Loading server configs...
[14Jul2025 20:09:58.531] [Server thread/INFO] [terrablender/]: Initialized TerraBlender biomes for level stem minecraft:overworld
[14Jul2025 20:09:58.532] [Server thread/INFO] [terrablender/]: Initialized TerraBlender biomes for level stem minecraft:the_nether
[14Jul2025 20:09:58.536] [Server thread/INFO] [net.minecraft.server.dedicated.DedicatedServer/]: Preparing level "world"
[14Jul2025 20:09:58.875] [Server thread/INFO] [GlobalGameRules/]: Applying config gamerules to level world
[14Jul2025 20:09:58.927] [Server thread/WARN] [yungsapi/]: WARNING: block Block{minecraft:coal_ore} added to BlockStateRandomizer exceeds max probabiltiy of 1!
[14Jul2025 20:10:25.586] [Server thread/WARN] [net.minecraft.network.syncher.SynchedEntityData/]: defineId called for: class net.minecraft.world.entity.TamableAnimal from interface com.hollingsworth.arsnouveau.common.entity.IFollowingSummon
[14Jul2025 20:10:26.068] [Server thread/WARN] [net.minecraft.network.syncher.SynchedEntityData/]: defineId called for: class com.cerbon.bosses_of_mass_destruction.entity.custom.obsidilith.ObsidilithEntity from class com.cerbon.bosses_of_mass_destruction.entity.custom.obsidilith.ObsidilithUtils
[14Jul2025 20:10:26.090] [Server thread/WARN] [net.minecraft.network.syncher.SynchedEntityData/]: defineId called for: class com.cerbon.bosses_of_mass_destruction.entity.util.BaseEntity from class com.cerbon.bosses_of_mass_destruction.entity.custom.void_blossom.hitbox.NetworkedHitboxManager
[14Jul2025 20:10:26.116] [Server thread/WARN] [net.minecraft.network.syncher.SynchedEntityData/]: defineId called for: class com.cerbon.bosses_of_mass_destruction.entity.custom.gauntlet.GauntletEntity from class com.cerbon.bosses_of_mass_destruction.projectile.PetalBladeProjectile
[14Jul2025 20:10:26.176] [Server thread/WARN] [net.minecraft.network.syncher.SynchedEntityData/]: defineId called for: class net.miauczel.legendary_monsters.entity.custom.IceSpikeEntity from class net.miauczel.legendary_monsters.entity.AnimatedMonster.Projectile.PowerBallBombEntity
[14Jul2025 20:10:26.176] [Server thread/WARN] [net.minecraft.network.syncher.SynchedEntityData/]: defineId called for: class net.miauczel.legendary_monsters.entity.custom.IceSpikeEntity from class net.miauczel.legendary_monsters.entity.AnimatedMonster.Projectile.PowerBallBombEntity
[14Jul2025 20:10:26.176] [Server thread/WARN] [net.minecraft.network.syncher.SynchedEntityData/]: defineId called for: class net.miauczel.legendary_monsters.entity.custom.IceSpikeEntity from class net.miauczel.legendary_monsters.entity.AnimatedMonster.Projectile.SmallPowerBallBombEntity
[14Jul2025 20:10:28.024] [Worker-Main-1/WARN] [net.minecraft.world.level.levelgen.structure.pools.JigsawPlacement/]: Empty or non-existent pool: minecraft:monster_hunter_additions_3_pool
[14Jul2025 20:10:28.025] [Worker-Main-1/WARN] [net.minecraft.world.level.levelgen.structure.pools.JigsawPlacement/]: Empty or non-existent pool: minecraft:monster_hunter_additions_3_pool
[14Jul2025 20:10:28.025] [Worker-Main-1/WARN] [net.minecraft.world.level.levelgen.structure.pools.JigsawPlacement/]: Empty or non-existent pool: minecraft:monster_hunter_end_1_pool
[14Jul2025 20:10:28.025] [Worker-Main-1/WARN] [net.minecraft.world.level.levelgen.structure.pools.JigsawPlacement/]: Empty or non-existent pool: minecraft:monster_hunter_end_1_pool
[14Jul2025 20:10:32.824] [Server thread/WARN] [yungsapi/]: WARNING: block Block{minecraft:coal_ore} added to BlockStateRandomizer exceeds max probabiltiy of 1!
[14Jul2025 20:10:32.851] [Server thread/WARN] [yungsapi/]: WARNING: block Block{minecraft:coal_ore} added to BlockStateRandomizer exceeds max probabiltiy of 1!
[14Jul2025 20:10:39.631] [Server thread/WARN] [yungsapi/]: WARNING: block Block{minecraft:coal_ore} added to BlockStateRandomizer exceeds max probabiltiy of 1!
[14Jul2025 20:10:39.668] [Server thread/WARN] [yungsapi/]: WARNING: block Block{minecraft:coal_ore} added to BlockStateRandomizer exceeds max probabiltiy of 1!
[14Jul2025 20:10:39.681] [Server thread/WARN] [yungsapi/]: WARNING: block Block{minecraft:coal_ore} added to BlockStateRandomizer exceeds max probabiltiy of 1!
[14Jul2025 20:10:39.688] [Server thread/WARN] [yungsapi/]: WARNING: block Block{minecraft:coal_ore} added to BlockStateRandomizer exceeds max probabiltiy of 1!
[14Jul2025 20:10:39.710] [Server thread/WARN] [yungsapi/]: WARNING: block Block{minecraft:coal_ore} added to BlockStateRandomizer exceeds max probabiltiy of 1!
[14Jul2025 20:10:39.746] [Server thread/WARN] [yungsapi/]: WARNING: block Block{minecraft:coal_ore} added to BlockStateRandomizer exceeds max probabiltiy of 1!
[14Jul2025 20:10:39.752] [Server thread/INFO] [net.minecraft.server.MinecraftServer/]: Preparing start region for dimension minecraft:overworld
[14Jul2025 20:10:40.523] [Worker-Main-1/INFO] [net.minecraft.server.level.progress.LoggerChunkProgressListener/]: Preparing spawn area: 0%
[14Jul2025 20:10:40.539] [Worker-Main-2/INFO] [net.minecraft.server.level.progress.LoggerChunkProgressListener/]: Preparing spawn area: 0%
[14Jul2025 20:10:40.766] [Worker-Main-2/INFO] [net.minecraft.server.level.progress.LoggerChunkProgressListener/]: Preparing spawn area: 0%
[14Jul2025 20:10:41.262] [Worker-Main-1/INFO] [net.minecraft.server.level.progress.LoggerChunkProgressListener/]: Preparing spawn area: 0%
[14Jul2025 20:10:41.763] [Worker-Main-3/INFO] [net.minecraft.server.level.progress.LoggerChunkProgressListener/]: Preparing spawn area: 0%
[14Jul2025 20:10:42.261] [Worker-Main-1/INFO] [net.minecraft.server.level.progress.LoggerChunkProgressListener/]: Preparing spawn area: 1%
[14Jul2025 20:10:42.755] [Worker-Main-2/INFO] [net.minecraft.server.level.progress.LoggerChunkProgressListener/]: Preparing spawn area: 1%
[14Jul2025 20:10:43.267] [Worker-Main-1/INFO] [net.minecraft.server.level.progress.LoggerChunkProgressListener/]: Preparing spawn area: 1%
[14Jul2025 20:10:43.757] [Worker-Main-1/INFO] [net.minecraft.server.level.progress.LoggerChunkProgressListener/]: Preparing spawn area: 2%
[14Jul2025 20:10:44.254] [Worker-Main-2/INFO] [net.minecraft.server.level.progress.LoggerChunkProgressListener/]: Preparing spawn area: 3%
[14Jul2025 20:10:44.763] [Worker-Main-1/INFO] [net.minecraft.server.level.progress.LoggerChunkProgressListener/]: Preparing spawn area: 3%
[14Jul2025 20:10:45.264] [Worker-Main-1/INFO] [net.minecraft.server.level.progress.LoggerChunkProgressListener/]: Preparing spawn area: 4%
[14Jul2025 20:10:45.273] [Server thread/WARN] [net.minecraft.world.level.chunk.LevelChunk/]: Tried to load a block entity for block Block{minecraft:smithing_table} but failed at location BlockPos{x=-109, y=0, z=344}
[14Jul2025 20:10:45.761] [Worker-Main-3/INFO] [net.minecraft.server.level.progress.LoggerChunkProgressListener/]: Preparing spawn area: 4%
[14Jul2025 20:10:46.267] [Worker-Main-2/INFO] [net.minecraft.server.level.progress.LoggerChunkProgressListener/]: Preparing spawn area: 4%
[14Jul2025 20:10:46.771] [Worker-Main-3/INFO] [net.minecraft.server.level.progress.LoggerChunkProgressListener/]: Preparing spawn area: 5%
[14Jul2025 20:10:47.264] [Worker-Main-1/INFO] [net.minecraft.server.level.progress.LoggerChunkProgressListener/]: Preparing spawn area: 6%
[14Jul2025 20:10:47.777] [Worker-Main-2/INFO] [net.minecraft.server.level.progress.LoggerChunkProgressListener/]: Preparing spawn area: 8%
[14Jul2025 20:10:48.516] [Worker-Main-1/INFO] [net.minecraft.server.level.progress.LoggerChunkProgressListener/]: Preparing spawn area: 9%
[14Jul2025 20:10:48.771] [Worker-Main-3/INFO] [net.minecraft.server.level.progress.LoggerChunkProgressListener/]: Preparing spawn area: 9%
[14Jul2025 20:10:49.263] [Worker-Main-1/INFO] [net.minecraft.server.level.progress.LoggerChunkProgressListener/]: Preparing spawn area: 9%
[14Jul2025 20:10:49.758] [Worker-Main-1/INFO] [net.minecraft.server.level.progress.LoggerChunkProgressListener/]: Preparing spawn area: 10%
[14Jul2025 20:10:50.266] [Worker-Main-3/INFO] [net.minecraft.server.level.progress.LoggerChunkProgressListener/]: Preparing spawn area: 10%
[14Jul2025 20:10:50.762] [Worker-Main-2/INFO] [net.minecraft.server.level.progress.LoggerChunkProgressListener/]: Preparing spawn area: 12%
[14Jul2025 20:10:51.259] [Worker-Main-3/INFO] [net.minecraft.server.level.progress.LoggerChunkProgressListener/]: Preparing spawn area: 14%
[14Jul2025 20:10:51.756] [Worker-Main-1/INFO] [net.minecraft.server.level.progress.LoggerChunkProgressListener/]: Preparing spawn area: 15%
[14Jul2025 20:10:52.266] [Worker-Main-1/INFO] [net.minecraft.server.level.progress.LoggerChunkProgressListener/]: Preparing spawn area: 15%
[14Jul2025 20:10:52.791] [Worker-Main-3/INFO] [net.minecraft.server.level.progress.LoggerChunkProgressListener/]: Preparing spawn area: 15%
[14Jul2025 20:10:53.273] [Worker-Main-2/INFO] [net.minecraft.server.level.progress.LoggerChunkProgressListener/]: Preparing spawn area: 16%
[14Jul2025 20:10:53.755] [Worker-Main-3/INFO] [net.minecraft.server.level.progress.LoggerChunkProgressListener/]: Preparing spawn area: 17%
[14Jul2025 20:10:53.885] [Server thread/WARN] [net.minecraft.world.level.chunk.LevelChunk/]: Tried to load a block entity for block Block{minecraft:fletching_table} but failed at location BlockPos{x=-182, y=-19, z=367}
[14Jul2025 20:10:54.253] [Worker-Main-1/INFO] [net.minecraft.server.level.progress.LoggerChunkProgressListener/]: Preparing spawn area: 18%
[14Jul2025 20:10:54.763] [Worker-Main-3/INFO] [net.minecraft.server.level.progress.LoggerChunkProgressListener/]: Preparing spawn area: 21%
[14Jul2025 20:10:55.263] [Worker-Main-3/INFO] [net.minecraft.server.level.progress.LoggerChunkProgressListener/]: Preparing spawn area: 22%
[14Jul2025 20:10:55.998] [Worker-Main-1/INFO] [net.minecraft.server.level.progress.LoggerChunkProgressListener/]: Preparing spawn area: 23%
[14Jul2025 20:10:56.255] [Worker-Main-2/INFO] [net.minecraft.server.level.progress.LoggerChunkProgressListener/]: Preparing spawn area: 23%
[14Jul2025 20:10:56.854] [Worker-Main-2/INFO] [net.minecraft.server.level.progress.LoggerChunkProgressListener/]: Preparing spawn area: 23%
[14Jul2025 20:10:57.258] [Worker-Main-2/INFO] [net.minecraft.server.level.progress.LoggerChunkProgressListener/]: Preparing spawn area: 23%
[14Jul2025 20:10:57.773] [Worker-Main-1/INFO] [net.minecraft.server.level.progress.LoggerChunkProgressListener/]: Preparing spawn area: 24%
[14Jul2025 20:10:58.258] [Worker-Main-2/INFO] [net.minecraft.server.level.progress.LoggerChunkProgressListener/]: Preparing spawn area: 25%
[14Jul2025 20:10:58.778] [Worker-Main-1/INFO] [net.minecraft.server.level.progress.LoggerChunkProgressListener/]: Preparing spawn area: 26%
[14Jul2025 20:10:59.050] [Server thread/WARN] [net.minecraft.world.level.chunk.LevelChunk/]: Tried to load a block entity for block Block{minecraft:fletching_table} but failed at location BlockPos{x=-94, y=-45, z=249}
[14Jul2025 20:10:59.265] [Worker-Main-3/INFO] [net.minecraft.server.level.progress.LoggerChunkProgressListener/]: Preparing spawn area: 28%
[14Jul2025 20:10:59.585] [Server thread/WARN] [net.minecraft.world.level.chunk.LevelChunk/]: Tried to load a block entity for block Block{minecraft:fletching_table} but failed at location BlockPos{x=-183, y=-9, z=409}
[14Jul2025 20:10:59.982] [Worker-Main-2/INFO] [net.minecraft.server.level.progress.LoggerChunkProgressListener/]: Preparing spawn area: 31%
[14Jul2025 20:11:00.253] [Worker-Main-3/INFO] [net.minecraft.server.level.progress.LoggerChunkProgressListener/]: Preparing spawn area: 31%
[14Jul2025 20:11:00.763] [Worker-Main-3/INFO] [net.minecraft.server.level.progress.LoggerChunkProgressListener/]: Preparing spawn area: 32%
[14Jul2025 20:11:01.266] [Worker-Main-3/INFO] [net.minecraft.server.level.progress.LoggerChunkProgressListener/]: Preparing spawn area: 33%
[14Jul2025 20:11:01.756] [Worker-Main-2/INFO] [net.minecraft.server.level.progress.LoggerChunkProgressListener/]: Preparing spawn area: 33%
[14Jul2025 20:11:02.267] [Worker-Main-3/INFO] [net.minecraft.server.level.progress.LoggerChunkProgressListener/]: Preparing spawn area: 34%
[14Jul2025 20:11:02.355] [Server thread/WARN] [net.minecraft.world.level.chunk.LevelChunk/]: Tried to load a block entity for block Block{minecraft:fletching_table} but failed at location BlockPos{x=-223, y=24, z=344}
[14Jul2025 20:11:02.778] [Worker-Main-2/INFO] [net.minecraft.server.level.progress.LoggerChunkProgressListener/]: Preparing spawn area: 36%
[14Jul2025 20:11:03.254] [Worker-Main-3/INFO] [net.minecraft.server.level.progress.LoggerChunkProgressListener/]: Preparing spawn area: 39%
[14Jul2025 20:11:03.758] [Worker-Main-3/INFO] [net.minecraft.server.level.progress.LoggerChunkProgressListener/]: Preparing spawn area: 41%
[14Jul2025 20:11:04.270] [Worker-Main-1/INFO] [net.minecraft.server.level.progress.LoggerChunkProgressListener/]: Preparing spawn area: 42%
[14Jul2025 20:11:04.771] [Worker-Main-1/INFO] [net.minecraft.server.level.progress.LoggerChunkProgressListener/]: Preparing spawn area: 42%
[14Jul2025 20:11:05.255] [Worker-Main-2/INFO] [net.minecraft.server.level.progress.LoggerChunkProgressListener/]: Preparing spawn area: 43%
[14Jul2025 20:11:05.762] [Worker-Main-2/INFO] [net.minecraft.server.level.progress.LoggerChunkProgressListener/]: Preparing spawn area: 44%
[14Jul2025 20:11:05.986] [Server thread/WARN] [net.minecraft.world.level.chunk.LevelChunk/]: Tried to load a block entity for block Block{minecraft:smithing_table} but failed at location BlockPos{x=-9, y=-5, z=251}
[14Jul2025 20:11:06.264] [Worker-Main-1/INFO] [net.minecraft.server.level.progress.LoggerChunkProgressListener/]: Preparing spawn area: 46%
[14Jul2025 20:11:06.754] [Worker-Main-2/INFO] [net.minecraft.server.level.progress.LoggerChunkProgressListener/]: Preparing spawn area: 48%
[14Jul2025 20:11:07.223] [Server thread/WARN] [net.minecraft.world.level.chunk.LevelChunk/]: Tried to load a block entity for block Block{minecraft:fletching_table} but failed at location BlockPos{x=-105, y=-20, z=223}
[14Jul2025 20:11:07.298] [Worker-Main-1/INFO] [net.minecraft.server.level.progress.LoggerChunkProgressListener/]: Preparing spawn area: 50%
[14Jul2025 20:11:07.368] [Server thread/WARN] [net.minecraft.world.level.chunk.LevelChunk/]: Tried to load a block entity for block Block{minecraft:smithing_table} but failed at location BlockPos{x=-8, y=59, z=363}
[14Jul2025 20:11:07.786] [Worker-Main-1/INFO] [net.minecraft.server.level.progress.LoggerChunkProgressListener/]: Preparing spawn area: 52%
[14Jul2025 20:11:08.295] [Worker-Main-1/INFO] [net.minecraft.server.level.progress.LoggerChunkProgressListener/]: Preparing spawn area: 53%
[14Jul2025 20:11:08.754] [Worker-Main-2/INFO] [net.minecraft.server.level.progress.LoggerChunkProgressListener/]: Preparing spawn area: 55%
[14Jul2025 20:11:09.254] [Worker-Main-2/INFO] [net.minecraft.server.level.progress.LoggerChunkProgressListener/]: Preparing spawn area: 56%
[14Jul2025 20:11:09.761] [Worker-Main-2/INFO] [net.minecraft.server.level.progress.LoggerChunkProgressListener/]: Preparing spawn area: 58%
[14Jul2025 20:11:10.301] [Worker-Main-1/INFO] [net.minecraft.server.level.progress.LoggerChunkProgressListener/]: Preparing spawn area: 58%
[14Jul2025 20:11:10.753] [Worker-Main-2/INFO] [net.minecraft.server.level.progress.LoggerChunkProgressListener/]: Preparing spawn area: 59%
[14Jul2025 20:11:11.269] [Worker-Main-2/INFO] [net.minecraft.server.level.progress.LoggerChunkProgressListener/]: Preparing spawn area: 61%
[14Jul2025 20:11:11.768] [Worker-Main-3/INFO] [net.minecraft.server.level.progress.LoggerChunkProgressListener/]: Preparing spawn area: 62%
[14Jul2025 20:11:12.256] [Worker-Main-3/INFO] [net.minecraft.server.level.progress.LoggerChunkProgressListener/]: Preparing spawn area: 63%
[14Jul2025 20:11:12.335] [Server thread/WARN] [net.minecraft.world.level.chunk.LevelChunk/]: Tried to load a block entity for block Block{minecraft:smithing_table} but failed at location BlockPos{x=-170, y=-34, z=206}
[14Jul2025 20:11:12.762] [Worker-Main-3/INFO] [net.minecraft.server.level.progress.LoggerChunkProgressListener/]: Preparing spawn area: 64%
[14Jul2025 20:11:13.265] [Worker-Main-1/INFO] [net.minecraft.server.level.progress.LoggerChunkProgressListener/]: Preparing spawn area: 67%
[14Jul2025 20:11:13.527] [Server thread/WARN] [net.minecraft.world.level.chunk.LevelChunk/]: Tried to load a block entity for block Block{minecraft:fletching_table} but failed at location BlockPos{x=3, y=-8, z=236}
[14Jul2025 20:11:13.768] [Worker-Main-2/INFO] [net.minecraft.server.level.progress.LoggerChunkProgressListener/]: Preparing spawn area: 69%
[14Jul2025 20:11:14.263] [Worker-Main-1/INFO] [net.minecraft.server.level.progress.LoggerChunkProgressListener/]: Preparing spawn area: 70%
[14Jul2025 20:11:14.766] [Worker-Main-1/INFO] [net.minecraft.server.level.progress.LoggerChunkProgressListener/]: Preparing spawn area: 71%
[14Jul2025 20:11:15.263] [Worker-Main-1/INFO] [net.minecraft.server.level.progress.LoggerChunkProgressListener/]: Preparing spawn area: 73%
[14Jul2025 20:11:15.770] [Worker-Main-3/INFO] [net.minecraft.server.level.progress.LoggerChunkProgressListener/]: Preparing spawn area: 74%
[14Jul2025 20:11:16.255] [Worker-Main-3/INFO] [net.minecraft.server.level.progress.LoggerChunkProgressListener/]: Preparing spawn area: 76%
[14Jul2025 20:11:16.755] [Worker-Main-1/INFO] [net.minecraft.server.level.progress.LoggerChunkProgressListener/]: Preparing spawn area: 78%
[14Jul2025 20:11:17.259] [Worker-Main-1/INFO] [net.minecraft.server.level.progress.LoggerChunkProgressListener/]: Preparing spawn area: 79%
[14Jul2025 20:11:17.760] [Worker-Main-2/INFO] [net.minecraft.server.level.progress.LoggerChunkProgressListener/]: Preparing spawn area: 81%
[14Jul2025 20:11:18.280] [Worker-Main-3/INFO] [net.minecraft.server.level.progress.LoggerChunkProgressListener/]: Preparing spawn area: 82%
[14Jul2025 20:11:18.757] [Worker-Main-1/INFO] [net.minecraft.server.level.progress.LoggerChunkProgressListener/]: Preparing spawn area: 83%
[14Jul2025 20:11:19.262] [Worker-Main-3/INFO] [net.minecraft.server.level.progress.LoggerChunkProgressListener/]: Preparing spawn area: 84%
[14Jul2025 20:11:19.767] [Worker-Main-2/INFO] [net.minecraft.server.level.progress.LoggerChunkProgressListener/]: Preparing spawn area: 85%
[14Jul2025 20:11:20.288] [Worker-Main-3/INFO] [net.minecraft.server.level.progress.LoggerChunkProgressListener/]: Preparing spawn area: 87%
[14Jul2025 20:11:20.757] [Worker-Main-1/INFO] [net.minecraft.server.level.progress.LoggerChunkProgressListener/]: Preparing spawn area: 89%
[14Jul2025 20:11:21.288] [Worker-Main-3/INFO] [net.minecraft.server.level.progress.LoggerChunkProgressListener/]: Preparing spawn area: 91%
[14Jul2025 20:11:21.361] [Server thread/WARN] [net.minecraft.world.level.chunk.LevelChunk/]: Tried to load a block entity for block Block{minecraft:fletching_table} but failed at location BlockPos{x=42, y=-5, z=415}
[14Jul2025 20:11:21.784] [Worker-Main-3/INFO] [net.minecraft.server.level.progress.LoggerChunkProgressListener/]: Preparing spawn area: 93%
[14Jul2025 20:11:22.262] [Worker-Main-2/INFO] [net.minecraft.server.level.progress.LoggerChunkProgressListener/]: Preparing spawn area: 94%
[14Jul2025 20:11:22.768] [Worker-Main-3/INFO] [net.minecraft.server.level.progress.LoggerChunkProgressListener/]: Preparing spawn area: 95%
[14Jul2025 20:11:23.254] [Worker-Main-1/INFO] [net.minecraft.server.level.progress.LoggerChunkProgressListener/]: Preparing spawn area: 98%
[14Jul2025 20:11:23.754] [Worker-Main-2/INFO] [net.minecraft.server.level.progress.LoggerChunkProgressListener/]: Preparing spawn area: 100%
[14Jul2025 20:11:23.786] [Server thread/INFO] [net.minecraft.server.level.progress.LoggerChunkProgressListener/]: Time elapsed: 44033 ms
[14Jul2025 20:11:23.786] [Server thread/INFO] [net.minecraft.server.dedicated.DedicatedServer/]: Done (87.093s)! For help, type "help"
[14Jul2025 20:11:24.227] [Server thread/INFO] [net.minecraftforge.server.permission.PermissionAPI/]: Successfully initialized permission handler forge:default_handler
[14Jul2025 20:11:24.240] [Server thread/INFO] [net.veroxuniverse.knightsnmages.KnightsnMages/]: HELLO from server starting
[14Jul2025 20:11:24.245] [Server thread/INFO] [com.github.alexthe666.iceandfire.IceAndFire/]: {iceandfire:fire_dragon_roost=true, iceandfire:fire_lily=true, iceandfire:spawn_dragon_skeleton_fire=true, iceandfire:lightning_dragon_roost=true, iceandfire:spawn_dragon_skeleton_lightning=true, iceandfire:ice_dragon_roost=true, iceandfire:ice_dragon_cave=true, iceandfire:lightning_dragon_cave=true, iceandfire:cyclops_cave=true, iceandfire:spawn_wandering_cyclops=true, iceandfire:spawn_sea_serpent=true, iceandfire:frost_lily=true, iceandfire:hydra_cave=true, iceandfire:lightning_lily=true, iceandfire:pixie_village=true, iceandfire:myrmex_hive_jungle=true, iceandfire:myrmex_hive_desert=true, iceandfire:silver_ore=true, iceandfire:siren_island=true, iceandfire:spawn_dragon_skeleton_ice=true, iceandfire:spawn_stymphalian_bird=true, iceandfire:fire_dragon_cave=true, iceandfire:sapphire_ore=true, iceandfire:spawn_hippocampus=true, iceandfire:spawn_death_worm=true}
[14Jul2025 20:11:24.245] [Server thread/INFO] [com.github.alexthe666.iceandfire.IceAndFire/]: {TROLL_S=true, HIPPOGRYPH=true, AMPHITHERE=true, COCKATRICE=true, TROLL_M=true, DREAD_LICH=true, TROLL_F=true}
[14Jul2025 20:11:24.305] [Server thread/INFO] [net.minecraft.server.MinecraftServer/]: Stopping server
[14Jul2025 20:11:24.306] [Server thread/INFO] [net.minecraft.server.MinecraftServer/]: Saving players
[14Jul2025 20:11:24.306] [Server thread/INFO] [net.minecraft.server.MinecraftServer/]: Saving worlds
[14Jul2025 20:11:26.213] [Server thread/WARN] [net.minecraft.world.level.chunk.LevelChunk/]: Tried to load a block entity for block Block{minecraft:fletching_table} but failed at location BlockPos{x=-69, y=-13, z=501}
[14Jul2025 20:11:26.243] [Server thread/INFO] [net.minecraft.server.MinecraftServer/]: Saving chunks for level 'ServerLevel[world]'/minecraft:overworld
[14Jul2025 20:11:30.643] [Server thread/INFO] [net.minecraft.server.MinecraftServer/]: Saving chunks for level 'ServerLevel[world]'/dark_souls_expansion:lordran_dimension
[14Jul2025 20:11:30.646] [Server thread/INFO] [net.minecraft.server.MinecraftServer/]: Saving chunks for level 'ServerLevel[world]'/graveyard:past
[14Jul2025 20:11:30.647] [Server thread/INFO] [net.minecraft.server.MinecraftServer/]: Saving chunks for level 'ServerLevel[world]'/twilightforest:twilight_forest
[14Jul2025 20:11:30.647] [Server thread/INFO] [net.minecraft.server.MinecraftServer/]: Saving chunks for level 'ServerLevel[world]'/aether:the_aether
[14Jul2025 20:11:30.648] [Server thread/INFO] [net.minecraft.server.MinecraftServer/]: Saving chunks for level 'ServerLevel[world]'/mahoutsukai:reality_marble
[14Jul2025 20:11:30.649] [Server thread/INFO] [net.minecraft.server.MinecraftServer/]: Saving chunks for level 'ServerLevel[world]'/undergarden:undergarden
[14Jul2025 20:11:30.650] [Server thread/INFO] [net.minecraft.server.MinecraftServer/]: Saving chunks for level 'ServerLevel[world]'/minecraft:the_nether
[14Jul2025 20:11:30.651] [Server thread/INFO] [net.minecraft.server.MinecraftServer/]: Saving chunks for level 'ServerLevel[world]'/minecraft:the_end
[14Jul2025 20:11:30.906] [Server thread/INFO] [net.minecraft.server.MinecraftServer/]: ThreadedAnvilChunkStorage (world): All chunks are saved
[14Jul2025 20:11:30.906] [Server thread/INFO] [net.minecraft.server.MinecraftServer/]: ThreadedAnvilChunkStorage (lordran_dimension): All chunks are saved
[14Jul2025 20:11:30.906] [Server thread/INFO] [net.minecraft.server.MinecraftServer/]: ThreadedAnvilChunkStorage (past): All chunks are saved
[14Jul2025 20:11:30.906] [Server thread/INFO] [net.minecraft.server.MinecraftServer/]: ThreadedAnvilChunkStorage (twilight_forest): All chunks are saved
[14Jul2025 20:11:30.906] [Server thread/INFO] [net.minecraft.server.MinecraftServer/]: ThreadedAnvilChunkStorage (the_aether): All chunks are saved
[14Jul2025 20:11:30.906] [Server thread/INFO] [net.minecraft.server.MinecraftServer/]: ThreadedAnvilChunkStorage (reality_marble): All chunks are saved
[14Jul2025 20:11:30.906] [Server thread/INFO] [net.minecraft.server.MinecraftServer/]: ThreadedAnvilChunkStorage (undergarden): All chunks are saved
[14Jul2025 20:11:30.906] [Server thread/INFO] [net.minecraft.server.MinecraftServer/]: ThreadedAnvilChunkStorage (DIM-1): All chunks are saved
[14Jul2025 20:11:30.906] [Server thread/INFO] [net.minecraft.server.MinecraftServer/]: ThreadedAnvilChunkStorage (DIM1): All chunks are saved
[14Jul2025 20:11:30.907] [Server thread/INFO] [net.minecraft.server.MinecraftServer/]: ThreadedAnvilChunkStorage: All dimensions are saved
[14Jul2025 20:11:30.944] [Server thread/INFO] [Framework/]: Unloading server configs...
[14Jul2025 20:11:30.945] [Server thread/INFO] [Framework/]: Sending config unload event for backpacked-common.toml
[14Jul2025 20:11:30.945] [Server thread/INFO] [Framework/]: Sending config unload event for backpacked-server.toml
[14Jul2025 20:11:30.946] [Server thread/INFO] [Framework/]: Sending config unload event for goblintraders-entities.toml
[14Jul2025 20:11:30.946] [Server thread/INFO] [Framework/]: Finished unloading server configs
